WORK_ID,MP_ID,MP_NAME,STATE,CONSTITUENCY,DISTRICT,WORK_TYPE,WORK_DESCRIPTION,IMPLEMENTING_AGENCY,SANCTIONED_COST,SANCTION_DATE,STATUS,COMPLETION_DATE,is_synthetic_anomaly,anomaly_type
W000001,MP0001,Deepak Verma,Uttar Pradesh,Uttar Pradesh PC-1,Uttar Pradesh District 1,School Building/Classroom,"School Building/Classroom at Ward 3 #549, Uttar Pradesh PC-1",Block Development Office,1500465,2025-09-13,Completed,2026-05-23,False,
W000002,MP0001,Deepak Verma,Uttar Pradesh,Uttar Pradesh PC-1,Uttar Pradesh District 1,Drinking Water Supply,"Drinking Water Supply at Ward 3 #220, Uttar Pradesh PC-1",District Rural Dev. Agency,779414,2025-10-28,Completed,2026-01-25,False,
W000003,MP0001,Deepak Verma,Uttar Pradesh,Uttar Pradesh PC-1,Uttar Pradesh District 1,Road Construction/Repair,"Road Construction/Repair near Temple Road #247, Uttar Pradesh PC-1",Zilla Panchayat,1222299,2025-04-28,Completed,2025-10-21,False,
W000004,MP0001,Deepak Verma,Uttar Pradesh,Uttar Pradesh PC-1,Uttar Pradesh District 1,Drinking Water Supply,"Drinking Water Supply at Ward 3 #127, Uttar Pradesh PC-1",Block Development Office,818520,2025-01-09,Completed,2025-03-14,False,
W000005,MP0001,Deepak Verma,Uttar Pradesh,Uttar Pradesh PC-1,Uttar Pradesh District 1,Community Hall,"Community Hall in Ward 12 #227, Uttar Pradesh PC-1",PWD Division,1313505,2025-08-26,Completed,2026-04-02,False,
W000006,MP0001,Deepak Verma,Uttar Pradesh,Uttar Pradesh PC-1,Uttar Pradesh District 1,Road Construction/Repair,"Road Construction/Repair in Sector 4 #430, Uttar Pradesh PC-1",Municipal Corporation,1296377,2026-05-30,Ongoing,,False,
W000007,MP0001,Deepak Verma,Uttar Pradesh,Uttar Pradesh PC-1,Uttar Pradesh District 1,Public Toilet Complex,"Public Toilet Complex at Main Chowk #596, Uttar Pradesh PC-1",Municipal Corporation,1563803,2026-05-30,Sanctioned,,True,cost_outlier
W000008,MP0002,Poonam Roy,Uttar Pradesh,Uttar Pradesh PC-2,Uttar Pradesh District 1,Community Hall,"Community Hall at Main Chowk #65, Uttar Pradesh PC-2",District Rural Dev. Agency,1901176,2024-08-14,Completed,2025-02-09,False,
W000009,MP0002,Poonam Roy,Uttar Pradesh,Uttar Pradesh PC-2,Uttar Pradesh District 1,Public Toilet Complex,"Public Toilet Complex near Panchayat Bhavan #545, Uttar Pradesh PC-2",PWD Division,534856,2025-12-06,Completed,2026-02-06,False,
W000010,MP0002,Poonam Roy,Uttar Pradesh,Uttar Pradesh PC-2,Uttar Pradesh District 1,Health Sub-Centre Upgrade,"Health Sub-Centre Upgrade at Colony Gate #465, Uttar Pradesh PC-2",District Rural Dev. Agency,1037887,2026-02-03,Completed,2026-08-07,False,
W000011,MP0002,Poonam Roy,Uttar Pradesh,Uttar Pradesh PC-2,Uttar Pradesh District 1,Streetlight Installation,"Streetlight Installation at Village Entry Point #716, Uttar Pradesh PC-2",State Water Board,353689,2024-10-15,Completed,2024-11-25,False,
W000012,MP0002,Poonam Roy,Uttar Pradesh,Uttar Pradesh PC-2,Uttar Pradesh District 1,Community Hall,"Community Hall in Sector 4 #897, Uttar Pradesh PC-2",Zilla Panchayat,2509861,2025-03-21,Completed,2025-08-16,False,
W000013,MP0002,Poonam Roy,Uttar Pradesh,Uttar Pradesh PC-2,Uttar Pradesh District 1,Streetlight Installation,"Streetlight Installation in Sector 4 #75, Uttar Pradesh PC-2",State Electricity Board,246901,2025-02-05,Completed,2025-03-28,False,
W000014,MP0002,Poonam Roy,Uttar Pradesh,Uttar Pradesh PC-2,Uttar Pradesh District 1,Drinking Water Supply,"Drinking Water Supply in Ward 7 #156, Uttar Pradesh PC-2",Block Development Office,774472,2025-03-30,Completed,2025-07-16,False,
W000015,MP0002,Poonam Roy,Uttar Pradesh,Uttar Pradesh PC-2,Uttar Pradesh District 1,Anganwadi Centre,"Anganwadi Centre at Ward 3 #80, Uttar Pradesh PC-2",Block Development Office,439979,2025-11-09,Completed,2026-02-02,False,
W000016,MP0003,Geeta Nair,Uttar Pradesh,Uttar Pradesh PC-3,Uttar Pradesh District 1,Streetlight Installation,"Streetlight Installation at Market Road #594, Uttar Pradesh PC-3",District Rural Dev. Agency,273415,2025-10-20,Completed,2025-12-21,False,
W000017,MP0003,Geeta Nair,Uttar Pradesh,Uttar Pradesh PC-3,Uttar Pradesh District 1,Anganwadi Centre,"Anganwadi Centre near Bus Stand #486, Uttar Pradesh PC-3",Zilla Panchayat,660897,2024-10-02,Completed,2024-12-18,False,
W000018,MP0003,Geeta Nair,Uttar Pradesh,Uttar Pradesh PC-3,Uttar Pradesh District 1,Drinking Water Supply,"Drinking Water Supply in Sector 4 #698, Uttar Pradesh PC-3",PWD Division,904285,2024-06-12,Completed,2024-09-22,False,
W000019,MP0003,Geeta Nair,Uttar Pradesh,Uttar Pradesh PC-3,Uttar Pradesh District 1,Anganwadi Centre,"Anganwadi Centre in Ward 12 #356, Uttar Pradesh PC-3",State Water Board,470119,2024-11-12,Completed,2025-03-01,False,
W000020,MP0003,Geeta Nair,Uttar Pradesh,Uttar Pradesh PC-3,Uttar Pradesh District 1,Road Construction/Repair,"Road Construction/Repair at Market Road #120, Uttar Pradesh PC-3",State Electricity Board,1228232,2025-03-06,Completed,2025-07-10,False,
W000021,MP0003,Geeta Nair,Uttar Pradesh,Uttar Pradesh PC-3,Uttar Pradesh District 1,Anganwadi Centre,"Anganwadi Centre near Panchayat Bhavan #133, Uttar Pradesh PC-3",PWD Division,558769,2024-10-23,Completed,2025-02-09,False,
W000022,MP0003,Geeta Nair,Uttar Pradesh,Uttar Pradesh PC-3,Uttar Pradesh District 1,Community Hall,"Community Hall in Ward 12 #509, Uttar Pradesh PC-3",Block Development Office,2054870,2025-09-08,Completed,2026-04-30,False,
W000023,MP0003,Geeta Nair,Uttar Pradesh,Uttar Pradesh PC-3,Uttar Pradesh District 1,Drinking Water Supply,"Drinking Water Supply at Colony Gate #285, Uttar Pradesh PC-3",Municipal Corporation,748512,2025-03-30,Completed,2025-06-08,False,
W000024,MP0004,Sanjay Kumar,Uttar Pradesh,Uttar Pradesh PC-4,Uttar Pradesh District 1,Irrigation Canal,"Irrigation Canal near Temple Road #700, Uttar Pradesh PC-4",State Water Board,1835268,2025-03-13,Completed,2025-12-25,False,
W000025,MP0004,Sanjay Kumar,Uttar Pradesh,Uttar Pradesh PC-4,Uttar Pradesh District 1,Health Sub-Centre Upgrade,"Health Sub-Centre Upgrade near Primary Health Centre #155, Uttar Pradesh PC-4",Rural Engineering Services,1042545,2025-01-31,Completed,2025-06-10,False,
W000026,MP0004,Sanjay Kumar,Uttar Pradesh,Uttar Pradesh PC-4,Uttar Pradesh District 1,Community Hall,"Community Hall near Govt School #604, Uttar Pradesh PC-4",Rural Engineering Services,2062917,2025-04-21,Completed,2025-09-17,False,
W000027,MP0004,Sanjay Kumar,Uttar Pradesh,Uttar Pradesh PC-4,Uttar Pradesh District 1,School Building/Classroom,"School Building/Classroom in Sector 4 #5, Uttar Pradesh PC-4",State Water Board,1583999,2026-05-08,Ongoing,,False,
W000028,MP0004,Sanjay Kumar,Uttar Pradesh,Uttar Pradesh PC-4,Uttar Pradesh District 1,School Building/Classroom,"School Building/Classroom at Market Road #327, Uttar Pradesh PC-4",Block Development Office,1384141,2025-12-17,Completed,2026-04-29,False,
W000029,MP0004,Sanjay Kumar,Uttar Pradesh,Uttar Pradesh PC-4,Uttar Pradesh District 1,School Building/Classroom,"School Building/Classroom at Colony Gate #799, Uttar Pradesh PC-4",PWD Division,1096429,2025-03-28,Completed,2025-11-18,False,
W000030,MP0004,Sanjay Kumar,Uttar Pradesh,Uttar Pradesh PC-4,Uttar Pradesh District 1,Irrigation Canal,"Irrigation Canal in Ward 12 #107, Uttar Pradesh PC-4",Block Development Office,2004856,2025-10-07,Completed,2026-06-25,False,
W000031,MP0005,Vijay Bhattacharya,Uttar Pradesh,Uttar Pradesh PC-5,Uttar Pradesh District 2,Road Construction/Repair,"Road Construction/Repair near Bus Stand #452, Uttar Pradesh PC-5",Rural Engineering Services,930491,2025-05-12,Completed,2025-11-16,False,
W000032,MP0005,Vijay Bhattacharya,Uttar Pradesh,Uttar Pradesh PC-5,Uttar Pradesh District 2,School Building/Classroom,"School Building/Classroom near Railway Crossing #105, Uttar Pradesh PC-5",Zilla Panchayat,1317253,2026-03-25,Completed,2026-06-28,False,
W000033,MP0005,Vijay Bhattacharya,Uttar Pradesh,Uttar Pradesh PC-5,Uttar Pradesh District 2,Road Construction/Repair,"Road Construction/Repair at Main Chowk #629, Uttar Pradesh PC-5",Municipal Corporation,1300940,2024-08-16,Completed,2025-02-04,False,
W000034,MP0005,Vijay Bhattacharya,Uttar Pradesh,Uttar Pradesh PC-5,Uttar Pradesh District 2,Road Construction/Repair,"Road Construction/Repair near Panchayat Bhavan #153, Uttar Pradesh PC-5",Zilla Panchayat,1419477,2025-02-07,Completed,2025-09-14,False,
W000035,MP0005,Vijay Bhattacharya,Uttar Pradesh,Uttar Pradesh PC-5,Uttar Pradesh District 2,Drainage/Sewage,"Drainage/Sewage at Market Road #119, Uttar Pradesh PC-5",District Rural Dev. Agency,819488,2025-09-30,Completed,2025-12-11,False,
W000036,MP0005,Vijay Bhattacharya,Uttar Pradesh,Uttar Pradesh PC-5,Uttar Pradesh District 2,Anganwadi Centre,"Anganwadi Centre near Bus Depot #88, Uttar Pradesh PC-5",State Electricity Board,428033,2025-03-24,Completed,2025-07-14,False,
W000037,MP0005,Vijay Bhattacharya,Uttar Pradesh,Uttar Pradesh PC-5,Uttar Pradesh District 2,School Building/Classroom,"School Building/Classroom near Railway Crossing #491, Uttar Pradesh PC-5",Zilla Panchayat,1175653,2025-10-30,Completed,2026-03-10,False,
W000038,MP0006,Suresh Verma,Uttar Pradesh,Uttar Pradesh PC-6,Uttar Pradesh District 2,Irrigation Canal,"Irrigation Canal near Panchayat Bhavan #541, Uttar Pradesh PC-6",PWD Division,1680216,2025-01-31,Completed,2025-08-31,False,
W000039,MP0006,Suresh Verma,Uttar Pradesh,Uttar Pradesh PC-6,Uttar Pradesh District 2,Streetlight Installation,"Streetlight Installation near Govt School #306, Uttar Pradesh PC-6",Municipal Corporation,321396,2025-02-11,Completed,2025-03-22,False,
W000040,MP0006,Suresh Verma,Uttar Pradesh,Uttar Pradesh PC-6,Uttar Pradesh District 2,Drinking Water Supply,"Drinking Water Supply at Market Road #365, Uttar Pradesh PC-6",State Water Board,821395,2025-03-31,Completed,2025-07-30,False,
W000041,MP0006,Suresh Verma,Uttar Pradesh,Uttar Pradesh PC-6,Uttar Pradesh District 2,Community Hall,"Community Hall at Village Entry Point #808, Uttar Pradesh PC-6",District Rural Dev. Agency,1687961,2025-07-16,Completed,2026-02-01,False,
W000042,MP0006,Suresh Verma,Uttar Pradesh,Uttar Pradesh PC-6,Uttar Pradesh District 2,Community Hall,"Community Hall in Ward 12 #233, Uttar Pradesh PC-6",Rural Engineering Services,1961927,2026-02-08,Completed,2026-08-06,False,
W000043,MP0007,Ravi Choudhary,Uttar Pradesh,Uttar Pradesh PC-7,Uttar Pradesh District 2,Streetlight Installation,"Streetlight Installation near Govt School #484, Uttar Pradesh PC-7",PWD Division,351539,2025-11-10,Completed,2025-12-21,False,
W000044,MP0007,Ravi Choudhary,Uttar Pradesh,Uttar Pradesh PC-7,Uttar Pradesh District 2,Drainage/Sewage,"Drainage/Sewage at Market Road #960, Uttar Pradesh PC-7",Rural Engineering Services,833913,2025-03-08,Completed,2025-06-16,False,
W000045,MP0007,Ravi Choudhary,Uttar Pradesh,Uttar Pradesh PC-7,Uttar Pradesh District 2,Streetlight Installation,"Streetlight Installation near Bus Stand #233, Uttar Pradesh PC-7",District Rural Dev. Agency,295155,2026-04-13,Completed,2026-05-15,False,
W000046,MP0007,Ravi Choudhary,Uttar Pradesh,Uttar Pradesh PC-7,Uttar Pradesh District 2,Anganwadi Centre,"Anganwadi Centre near Railway Crossing #640, Uttar Pradesh PC-7",Rural Engineering Services,605431,2025-07-25,Completed,2025-11-21,False,
W000047,MP0007,Ravi Choudhary,Uttar Pradesh,Uttar Pradesh PC-7,Uttar Pradesh District 2,Public Toilet Complex,"Public Toilet Complex near Bus Depot #353, Uttar Pradesh PC-7",PWD Division,474679,2025-10-24,Completed,2026-01-01,False,
W000048,MP0007,Ravi Choudhary,Uttar Pradesh,Uttar Pradesh PC-7,Uttar Pradesh District 2,Drinking Water Supply,"Drinking Water Supply in Ward 12 #769, Uttar Pradesh PC-7",Zilla Panchayat,975245,2024-08-28,Completed,2024-11-27,False,
W000049,MP0007,Ravi Choudhary,Uttar Pradesh,Uttar Pradesh PC-7,Uttar Pradesh District 2,Community Hall,"Community Hall in Ward 7 #652, Uttar Pradesh PC-7",State Electricity Board,1996102,2025-03-06,Completed,2025-11-16,False,
W000050,MP0008,Geeta Verma,Uttar Pradesh,Uttar Pradesh PC-8,Uttar Pradesh District 2,Health Sub-Centre Upgrade,"Health Sub-Centre Upgrade in Ward 12 #87, Uttar Pradesh PC-8",State Electricity Board,914732,2026-01-17,Completed,2026-06-12,False,
W000051,MP0008,Geeta Verma,Uttar Pradesh,Uttar Pradesh PC-8,Uttar Pradesh District 2,School Building/Classroom,"School Building/Classroom near Primary Health Centre #605, Uttar Pradesh PC-8",Municipal Corporation,1102026,2024-06-28,Completed,2024-12-16,False,
W000052,MP0008,Geeta Verma,Uttar Pradesh,Uttar Pradesh PC-8,Uttar Pradesh District 2,Anganwadi Centre,"Anganwadi Centre near Bus Depot #359, Uttar Pradesh PC-8",Municipal Corporation,479277,2025-11-12,Completed,2026-03-09,False,
W000053,MP0008,Geeta Verma,Uttar Pradesh,Uttar Pradesh PC-8,Uttar Pradesh District 2,School Building/Classroom,"School Building/Classroom near Govt School #995, Uttar Pradesh PC-8",Municipal Corporation,1405440,2025-09-30,Completed,2026-05-04,False,
W000054,MP0008,Geeta Verma,Uttar Pradesh,Uttar Pradesh PC-8,Uttar Pradesh District 2,Drinking Water Supply,"Drinking Water Supply near Temple Road #200, Uttar Pradesh PC-8",Municipal Corporation,839570,2026-02-13,Completed,2026-05-10,False,
W000055,MP0008,Geeta Verma,Uttar Pradesh,Uttar Pradesh PC-8,Uttar Pradesh District 2,Community Hall,"Community Hall near Community Centre #514, Uttar Pradesh PC-8",PWD Division,1978863,2024-09-27,Completed,2025-06-09,False,
W000056,MP0008,Geeta Verma,Uttar Pradesh,Uttar Pradesh PC-8,Uttar Pradesh District 2,Community Hall,"Community Hall near Community Centre #855, Uttar Pradesh PC-8",District Rural Dev. Agency,1803788,2025-09-13,Completed,2026-02-12,False,
W000057,MP0008,Geeta Verma,Uttar Pradesh,Uttar Pradesh PC-8,Uttar Pradesh District 2,School Building/Classroom,"School Building/Classroom at Market Road #679, Uttar Pradesh PC-8",PWD Division,1305579,2025-11-23,Completed,2026-04-29,False,
W000058,MP0008,Geeta Verma,Uttar Pradesh,Uttar Pradesh PC-8,Uttar Pradesh District 2,Public Toilet Complex,"Public Toilet Complex near Primary Health Centre #537, Uttar Pradesh PC-8",Block Development Office,438295,2026-06-05,Completed,2026-08-06,False,
W000059,MP0009,Arun Joshi,Uttar Pradesh,Uttar Pradesh PC-9,Uttar Pradesh District 3,School Building/Classroom,"School Building/Classroom near Primary Health Centre #485, Uttar Pradesh PC-9",PWD Division,1130678,2025-09-06,Completed,2026-04-16,False,
W000060,MP0009,Arun Joshi,Uttar Pradesh,Uttar Pradesh PC-9,Uttar Pradesh District 3,Public Toilet Complex,"Public Toilet Complex at Ward 3 #531, Uttar Pradesh PC-9",Zilla Panchayat,358779,2025-12-06,Completed,2026-01-18,False,
W000061,MP0009,Arun Joshi,Uttar Pradesh,Uttar Pradesh PC-9,Uttar Pradesh District 3,Irrigation Canal,"Irrigation Canal at Main Chowk #905, Uttar Pradesh PC-9",State Electricity Board,1773214,2026-04-16,Ongoing,,False,
W000062,MP0009,Arun Joshi,Uttar Pradesh,Uttar Pradesh PC-9,Uttar Pradesh District 3,Irrigation Canal,"Irrigation Canal at Village Entry Point #196, Uttar Pradesh PC-9",PWD Division,1496592,2026-05-30,Ongoing,,False,
W000063,MP0009,Arun Joshi,Uttar Pradesh,Uttar Pradesh PC-9,Uttar Pradesh District 3,Drainage/Sewage,"Drainage/Sewage at Main Chowk #576, Uttar Pradesh PC-9",PWD Division,977047,2025-05-27,Completed,2025-10-13,False,
W000064,MP0009,Arun Joshi,Uttar Pradesh,Uttar Pradesh PC-9,Uttar Pradesh District 3,Road Construction/Repair,"Road Construction/Repair at Colony Gate #997, Uttar Pradesh PC-9",Zilla Panchayat,1213051,2025-06-25,Completed,2025-10-31,False,
W000065,MP0009,Arun Joshi,Uttar Pradesh,Uttar Pradesh PC-9,Uttar Pradesh District 3,Irrigation Canal,"Irrigation Canal near Community Centre #547, Uttar Pradesh PC-9",Rural Engineering Services,2071444,2025-03-10,Completed,2025-10-09,False,
W000066,MP0010,Neelam Kulkarni,Uttar Pradesh,Uttar Pradesh PC-10,Uttar Pradesh District 3,Community Hall,"Community Hall near Panchayat Bhavan #141, Uttar Pradesh PC-10",State Water Board,2157026,2025-08-01,Completed,2025-12-09,False,
W000067,MP0010,Neelam Kulkarni,Uttar Pradesh,Uttar Pradesh PC-10,Uttar Pradesh District 3,Health Sub-Centre Upgrade,"Health Sub-Centre Upgrade in Ward 12 #75, Uttar Pradesh PC-10",Zilla Panchayat,1266854,2025-05-15,Completed,2025-10-29,False,
W000068,MP0010,Neelam Kulkarni,Uttar Pradesh,Uttar Pradesh PC-10,Uttar Pradesh District 3,Community Hall,"Community Hall near Bus Stand #311, Uttar Pradesh PC-10",Block Development Office,1643075,2025-02-11,Completed,2025-09-08,False,
W000069,MP0010,Neelam Kulkarni,Uttar Pradesh,Uttar Pradesh PC-10,Uttar Pradesh District 3,Drinking Water Supply,"Drinking Water Supply at Market Road #905, Uttar Pradesh PC-10",Municipal Corporation,794120,2025-02-25,Completed,2025-05-21,False,
W000070,MP0010,Neelam Kulkarni,Uttar Pradesh,Uttar Pradesh PC-10,Uttar Pradesh District 3,School Building/Classroom,"School Building/Classroom at Village Entry Point #97, Uttar Pradesh PC-10",State Electricity Board,1460566,2024-07-18,Completed,2025-02-07,False,
W000071,MP0010,Neelam Kulkarni,Uttar Pradesh,Uttar Pradesh PC-10,Uttar Pradesh District 3,Health Sub-Centre Upgrade,"Health Sub-Centre Upgrade in Ward 7 #853, Uttar Pradesh PC-10",State Electricity Board,956926,2025-12-31,Ongoing,,False,
W000072,MP0010,Neelam Kulkarni,Uttar Pradesh,Uttar Pradesh PC-10,Uttar Pradesh District 3,Community Hall,"Community Hall near Temple Road #414, Uttar Pradesh PC-10",Municipal Corporation,2236306,2025-11-01,Completed,2026-04-20,False,
W000073,MP0010,Neelam Kulkarni,Uttar Pradesh,Uttar Pradesh PC-10,Uttar Pradesh District 3,Streetlight Installation,"Streetlight Installation near Panchayat Bhavan #95, Uttar Pradesh PC-10",Block Development Office,268317,2024-10-20,Completed,2024-12-07,False,
W000074,MP0011,Geeta Chatterjee,Uttar Pradesh,Uttar Pradesh PC-11,Uttar Pradesh District 3,Streetlight Installation,"Streetlight Installation at Colony Gate #394, Uttar Pradesh PC-11",State Electricity Board,231132,2026-02-27,Completed,2026-04-03,False,
W000075,MP0011,Geeta Chatterjee,Uttar Pradesh,Uttar Pradesh PC-11,Uttar Pradesh District 3,Streetlight Installation,"Streetlight Installation near Bus Stand #941, Uttar Pradesh PC-11",State Water Board,175732,2025-04-07,Completed,2025-05-14,False,
W000076,MP0011,Geeta Chatterjee,Uttar Pradesh,Uttar Pradesh PC-11,Uttar Pradesh District 3,Community Hall,"Community Hall near Bus Stand #41, Uttar Pradesh PC-11",Zilla Panchayat,1893851,2025-12-20,Completed,2026-06-11,False,
W000077,MP0011,Geeta Chatterjee,Uttar Pradesh,Uttar Pradesh PC-11,Uttar Pradesh District 3,School Building/Classroom,"School Building/Classroom near Primary Health Centre #870, Uttar Pradesh PC-11",State Water Board,1705259,2025-05-31,Completed,2025-10-17,False,
W000078,MP0012,Vijay Pillai,Uttar Pradesh,Uttar Pradesh PC-12,Uttar Pradesh District 3,Health Sub-Centre Upgrade,"Health Sub-Centre Upgrade near Bus Depot #92, Uttar Pradesh PC-12",Municipal Corporation,1052366,2025-03-06,Completed,2025-08-27,False,
W000079,MP0012,Vijay Pillai,Uttar Pradesh,Uttar Pradesh PC-12,Uttar Pradesh District 3,Drainage/Sewage,"Drainage/Sewage in Ward 7 #75, Uttar Pradesh PC-12",PWD Division,612837,2024-12-25,Completed,2025-04-11,False,
W000080,MP0012,Vijay Pillai,Uttar Pradesh,Uttar Pradesh PC-12,Uttar Pradesh District 3,Drainage/Sewage,"Drainage/Sewage near Bus Stand #86, Uttar Pradesh PC-12",PWD Division,406548,2025-06-02,Completed,2025-10-02,False,
W000081,MP0012,Vijay Pillai,Uttar Pradesh,Uttar Pradesh PC-12,Uttar Pradesh District 3,Public Toilet Complex,"Public Toilet Complex near Bus Stand #125, Uttar Pradesh PC-12",Rural Engineering Services,356568,2025-02-23,Completed,2025-04-22,False,
W000082,MP0012,Vijay Pillai,Uttar Pradesh,Uttar Pradesh PC-12,Uttar Pradesh District 3,Anganwadi Centre,"Anganwadi Centre near Railway Crossing #428, Uttar Pradesh PC-12",PWD Division,628085,2024-11-28,Completed,2025-01-22,False,
W000083,MP0012,Vijay Pillai,Uttar Pradesh,Uttar Pradesh PC-12,Uttar Pradesh District 3,Drainage/Sewage,"Drainage/Sewage at Ward 3 #245, Uttar Pradesh PC-12",Municipal Corporation,812955,2025-04-18,Completed,2025-08-24,False,
W000084,MP0013,Raj Chauhan,Uttar Pradesh,Uttar Pradesh PC-13,Uttar Pradesh District 4,Drainage/Sewage,"Drainage/Sewage in Ward 7 #320, Uttar Pradesh PC-13",PWD Division,674796,2025-08-03,Completed,2025-11-13,False,
W000085,MP0013,Raj Chauhan,Uttar Pradesh,Uttar Pradesh PC-13,Uttar Pradesh District 4,Drainage/Sewage,"Drainage/Sewage in Sector 4 #689, Uttar Pradesh PC-13",Rural Engineering Services,786101,2026-03-23,Completed,2026-06-12,False,
W000086,MP0013,Raj Chauhan,Uttar Pradesh,Uttar Pradesh PC-13,Uttar Pradesh District 4,School Building/Classroom,"School Building/Classroom at Market Road #257, Uttar Pradesh PC-13",State Water Board,1703427,2025-04-26,Completed,2025-09-14,False,
W000087,MP0013,Raj Chauhan,Uttar Pradesh,Uttar Pradesh PC-13,Uttar Pradesh District 4,Road Construction/Repair,"Road Construction/Repair near Govt School #565, Uttar Pradesh PC-13",PWD Division,1174647,2025-09-07,Completed,2026-01-11,False,
W000088,MP0013,Raj Chauhan,Uttar Pradesh,Uttar Pradesh PC-13,Uttar Pradesh District 4,Community Hall,"Community Hall at Village Entry Point #109, Uttar Pradesh PC-13",State Electricity Board,2217162,2025-08-31,Completed,2026-03-19,False,
W000089,MP0014,Rakesh Mishra,Uttar Pradesh,Uttar Pradesh PC-14,Uttar Pradesh District 4,Health Sub-Centre Upgrade,"Health Sub-Centre Upgrade in Ward 12 #316, Uttar Pradesh PC-14",State Electricity Board,718551,2025-01-27,Completed,2025-07-17,False,
W000090,MP0014,Rakesh Mishra,Uttar Pradesh,Uttar Pradesh PC-14,Uttar Pradesh District 4,Community Hall,"Community Hall near Railway Crossing #204, Uttar Pradesh PC-14",Rural Engineering Services,2089083,2026-04-24,Ongoing,,False,
W000091,MP0014,Rakesh Mishra,Uttar Pradesh,Uttar Pradesh PC-14,Uttar Pradesh District 4,School Building/Classroom,"School Building/Classroom at Market Road #858, Uttar Pradesh PC-14",Block Development Office,1099656,2025-12-27,Completed,2026-05-14,False,
W000092,MP0014,Rakesh Mishra,Uttar Pradesh,Uttar Pradesh PC-14,Uttar Pradesh District 4,School Building/Classroom,"School Building/Classroom near Bus Stand #901, Uttar Pradesh PC-14",PWD Division,1211413,2025-09-10,Completed,2026-05-08,False,
W000093,MP0014,Rakesh Mishra,Uttar Pradesh,Uttar Pradesh PC-14,Uttar Pradesh District 4,Drainage/Sewage,"Drainage/Sewage in Ward 7 #682, Uttar Pradesh PC-14",Block Development Office,839017,2025-07-21,Completed,2025-10-19,False,
W000094,MP0014,Rakesh Mishra,Uttar Pradesh,Uttar Pradesh PC-14,Uttar Pradesh District 4,Health Sub-Centre Upgrade,"Health Sub-Centre Upgrade at Village Entry Point #47, Uttar Pradesh PC-14",State Water Board,858426,2025-07-30,Completed,2025-11-26,False,
W000095,MP0014,Rakesh Mishra,Uttar Pradesh,Uttar Pradesh PC-14,Uttar Pradesh District 4,Anganwadi Centre,"Anganwadi Centre in Ward 7 #4, Uttar Pradesh PC-14",Municipal Corporation,507653,2026-02-23,Completed,2026-05-27,False,
W000096,MP0014,Rakesh Mishra,Uttar Pradesh,Uttar Pradesh PC-14,Uttar Pradesh District 4,Drainage/Sewage,"Drainage/Sewage near Railway Crossing #561, Uttar Pradesh PC-14",District Rural Dev. Agency,503904,2025-05-11,Completed,2025-08-25,False,
W000097,MP0014,Rakesh Mishra,Uttar Pradesh,Uttar Pradesh PC-14,Uttar Pradesh District 4,Streetlight Installation,"Streetlight Installation at Ward 3 #317, Uttar Pradesh PC-14",Rural Engineering Services,335986,2025-05-22,Completed,2025-06-27,False,
W000098,MP0015,Poonam Rao,Uttar Pradesh,Uttar Pradesh PC-15,Uttar Pradesh District 4,Road Construction/Repair,"Road Construction/Repair in Ward 12 #286, Uttar Pradesh PC-15",District Rural Dev. Agency,1302430,2025-12-12,Completed,2026-03-13,False,
W000099,MP0015,Poonam Rao,Uttar Pradesh,Uttar Pradesh PC-15,Uttar Pradesh District 4,Irrigation Canal,"Irrigation Canal at Village Entry Point #6, Uttar Pradesh PC-15",Rural Engineering Services,2088963,2024-11-30,Completed,2025-06-08,False,
W000100,MP0015,Poonam Rao,Uttar Pradesh,Uttar Pradesh PC-15,Uttar Pradesh District 4,Drinking Water Supply,"Drinking Water Supply near Bus Stand #601, Uttar Pradesh PC-15",State Water Board,907354,2026-02-21,Completed,2026-06-02,False,
W000101,MP0015,Poonam Rao,Uttar Pradesh,Uttar Pradesh PC-15,Uttar Pradesh District 4,Road Construction/Repair,"Road Construction/Repair near Govt School #645, Uttar Pradesh PC-15",Block Development Office,1214245,2025-08-26,Completed,2026-03-02,False,
W000102,MP0015,Poonam Rao,Uttar Pradesh,Uttar Pradesh PC-15,Uttar Pradesh District 4,Community Hall,"Community Hall near Primary Health Centre #734, Uttar Pradesh PC-15",Zilla Panchayat,2043548,2025-06-08,Completed,2025-11-26,False,
W000103,MP0016,Meena Mishra,Uttar Pradesh,Uttar Pradesh PC-16,Uttar Pradesh District 4,Health Sub-Centre Upgrade,"Health Sub-Centre Upgrade near Bus Depot #742, Uttar Pradesh PC-16",District Rural Dev. Agency,1189666,2025-09-17,Completed,2026-03-05,False,
W000104,MP0016,Meena Mishra,Uttar Pradesh,Uttar Pradesh PC-16,Uttar Pradesh District 4,Public Toilet Complex,"Public Toilet Complex at Ward 3 #733, Uttar Pradesh PC-16",Municipal Corporation,398545,2024-11-29,Completed,2025-02-09,False,
W000105,MP0016,Meena Mishra,Uttar Pradesh,Uttar Pradesh PC-16,Uttar Pradesh District 4,Irrigation Canal,"Irrigation Canal near Primary Health Centre #771, Uttar Pradesh PC-16",Block Development Office,1952940,2025-02-02,Completed,2025-09-24,False,
W000106,MP0016,Meena Mishra,Uttar Pradesh,Uttar Pradesh PC-16,Uttar Pradesh District 4,Irrigation Canal,"Irrigation Canal at Village Entry Point #43, Uttar Pradesh PC-16",PWD Division,1295294,2026-03-22,Completed,2026-08-10,False,
W000107,MP0016,Meena Mishra,Uttar Pradesh,Uttar Pradesh PC-16,Uttar Pradesh District 4,School Building/Classroom,"School Building/Classroom at Main Chowk #386, Uttar Pradesh PC-16",District Rural Dev. Agency,1435784,2026-03-22,Ongoing,,False,
W000108,MP0016,Meena Mishra,Uttar Pradesh,Uttar Pradesh PC-16,Uttar Pradesh District 4,Anganwadi Centre,"Anganwadi Centre near Govt School #698, Uttar Pradesh PC-16",PWD Division,515101,2025-03-18,Completed,2025-07-08,False,
W000109,MP0016,Meena Mishra,Uttar Pradesh,Uttar Pradesh PC-16,Uttar Pradesh District 4,Community Hall,"Community Hall near Community Centre #817, Uttar Pradesh PC-16",State Electricity Board,1977688,2025-05-19,Completed,2026-01-03,False,
W000110,MP0016,Meena Mishra,Uttar Pradesh,Uttar Pradesh PC-16,Uttar Pradesh District 4,Drinking Water Supply,"Drinking Water Supply near Bus Stand #486, Uttar Pradesh PC-16",Zilla Panchayat,867073,2026-05-12,Completed,2026-08-22,False,
W000111,MP0017,Vinod Yadav,Uttar Pradesh,Uttar Pradesh PC-17,Uttar Pradesh District 5,Drainage/Sewage,"Drainage/Sewage near Panchayat Bhavan #666, Uttar Pradesh PC-17",Rural Engineering Services,560955,2025-01-18,Completed,2025-05-26,False,
W000112,MP0017,Vinod Yadav,Uttar Pradesh,Uttar Pradesh PC-17,Uttar Pradesh District 5,Anganwadi Centre,"Anganwadi Centre in Ward 12 #933, Uttar Pradesh PC-17",State Electricity Board,707765,2025-06-18,Completed,2025-09-23,False,
W000113,MP0017,Vinod Yadav,Uttar Pradesh,Uttar Pradesh PC-17,Uttar Pradesh District 5,Drainage/Sewage,"Drainage/Sewage near Panchayat Bhavan #151, Uttar Pradesh PC-17",PWD Division,678141,2026-03-16,Completed,2026-07-14,False,
W000114,MP0017,Vinod Yadav,Uttar Pradesh,Uttar Pradesh PC-17,Uttar Pradesh District 5,Streetlight Installation,"Streetlight Installation in Sector 4 #137, Uttar Pradesh PC-17",State Water Board,279051,2025-04-15,Completed,2025-06-04,False,
W000115,MP0017,Vinod Yadav,Uttar Pradesh,Uttar Pradesh PC-17,Uttar Pradesh District 5,Anganwadi Centre,"Anganwadi Centre near Panchayat Bhavan #692, Uttar Pradesh PC-17",Zilla Panchayat,2290906,2026-05-20,Sanctioned,,True,cost_outlier
W000116,MP0018,Prakash Bhatt,Uttar Pradesh,Uttar Pradesh PC-18,Uttar Pradesh District 5,Drainage/Sewage,"Drainage/Sewage at Colony Gate #786, Uttar Pradesh PC-18",State Water Board,697740,2025-09-09,Completed,2026-01-13,False,
W000117,MP0018,Prakash Bhatt,Uttar Pradesh,Uttar Pradesh PC-18,Uttar Pradesh District 5,Drinking Water Supply,"Drinking Water Supply in Sector 4 #959, Uttar Pradesh PC-18",Rural Engineering Services,884786,2025-03-12,Completed,2025-05-30,False,
W000118,MP0018,Prakash Bhatt,Uttar Pradesh,Uttar Pradesh PC-18,Uttar Pradesh District 5,Anganwadi Centre,"Anganwadi Centre in Sector 4 #470, Uttar Pradesh PC-18",PWD Division,745782,2026-08-10,Ongoing,,False,
W000119,MP0018,Prakash Bhatt,Uttar Pradesh,Uttar Pradesh PC-18,Uttar Pradesh District 5,Drinking Water Supply,"Drinking Water Supply near Community Centre #939, Uttar Pradesh PC-18",State Electricity Board,716844,2026-01-19,Completed,2026-03-23,False,
W000120,MP0018,Prakash Bhatt,Uttar Pradesh,Uttar Pradesh PC-18,Uttar Pradesh District 5,Community Hall,"Community Hall near Bus Stand #537, Uttar Pradesh PC-18",Zilla Panchayat,1954524,2024-12-12,Completed,2025-04-20,False,
W000121,MP0018,Prakash Bhatt,Uttar Pradesh,Uttar Pradesh PC-18,Uttar Pradesh District 5,Drainage/Sewage,"Drainage/Sewage near Primary Health Centre #647, Uttar Pradesh PC-18",District Rural Dev. Agency,629044,2026-01-14,Completed,2026-04-03,False,
W000122,MP0018,Prakash Bhatt,Uttar Pradesh,Uttar Pradesh PC-18,Uttar Pradesh District 5,Irrigation Canal,"Irrigation Canal at Main Chowk #237, Uttar Pradesh PC-18",State Water Board,1786736,2025-10-08,Completed,2026-06-12,False,
W000123,MP0019,Kishore Iyer,Uttar Pradesh,Uttar Pradesh PC-19,Uttar Pradesh District 5,Health Sub-Centre Upgrade,"Health Sub-Centre Upgrade in Ward 7 #504, Uttar Pradesh PC-19",PWD Division,1125688,2026-03-11,Completed,2026-07-11,False,
W000124,MP0019,Kishore Iyer,Uttar Pradesh,Uttar Pradesh PC-19,Uttar Pradesh District 5,Anganwadi Centre,"Anganwadi Centre in Sector 4 #427, Uttar Pradesh PC-19",Block Development Office,633854,2025-12-05,Completed,2026-03-05,False,
W000125,MP0019,Kishore Iyer,Uttar Pradesh,Uttar Pradesh PC-19,Uttar Pradesh District 5,Streetlight Installation,"Streetlight Installation near Railway Crossing #340, Uttar Pradesh PC-19",Block Development Office,345160,2025-03-25,Completed,2025-05-14,False,
W000126,MP0019,Kishore Iyer,Uttar Pradesh,Uttar Pradesh PC-19,Uttar Pradesh District 5,Road Construction/Repair,"Road Construction/Repair near Railway Crossing #123, Uttar Pradesh PC-19",District Rural Dev. Agency,1093298,2024-12-12,Completed,2025-04-14,False,
W000127,MP0019,Kishore Iyer,Uttar Pradesh,Uttar Pradesh PC-19,Uttar Pradesh District 5,Community Hall,"Community Hall in Sector 4 #67, Uttar Pradesh PC-19",PWD Division,1857831,2025-04-04,Completed,2025-08-28,False,
W000128,MP0019,Kishore Iyer,Uttar Pradesh,Uttar Pradesh PC-19,Uttar Pradesh District 5,Health Sub-Centre Upgrade,"Health Sub-Centre Upgrade near Bus Stand #439, Uttar Pradesh PC-19",Block Development Office,720931,2024-12-12,Completed,2025-05-05,False,
W000129,MP0019,Kishore Iyer,Uttar Pradesh,Uttar Pradesh PC-19,Uttar Pradesh District 5,Drainage/Sewage,"Drainage/Sewage near Community Centre #855, Uttar Pradesh PC-19",PWD Division,657014,2024-08-27,Completed,2024-12-31,False,
W000130,MP0020,Suresh Banerjee,Uttar Pradesh,Uttar Pradesh PC-20,Uttar Pradesh District 5,School Building/Classroom,"School Building/Classroom near Community Centre #324, Uttar Pradesh PC-20",Rural Engineering Services,1673991,2026-02-02,Completed,2026-07-05,False,
W000131,MP0020,Suresh Banerjee,Uttar Pradesh,Uttar Pradesh PC-20,Uttar Pradesh District 5,Community Hall,"Community Hall near Temple Road #832, Uttar Pradesh PC-20",District Rural Dev. Agency,2233590,2025-08-07,Completed,2026-02-28,False,
W000132,MP0020,Suresh Banerjee,Uttar Pradesh,Uttar Pradesh PC-20,Uttar Pradesh District 5,Health Sub-Centre Upgrade,"Health Sub-Centre Upgrade near Bus Stand #51, Uttar Pradesh PC-20",Rural Engineering Services,659574,2026-05-10,Ongoing,,False,
W000133,MP0020,Suresh Banerjee,Uttar Pradesh,Uttar Pradesh PC-20,Uttar Pradesh District 5,Health Sub-Centre Upgrade,"Health Sub-Centre Upgrade near Primary Health Centre #294, Uttar Pradesh PC-20",State Electricity Board,1318521,2025-01-08,Completed,2025-06-22,False,
W000134,MP0020,Suresh Banerjee,Uttar Pradesh,Uttar Pradesh PC-20,Uttar Pradesh District 5,Anganwadi Centre,"Anganwadi Centre near Primary Health Centre #425, Uttar Pradesh PC-20",PWD Division,509642,2025-12-11,Completed,2026-04-19,False,
W000135,MP0020,Suresh Banerjee,Uttar Pradesh,Uttar Pradesh PC-20,Uttar Pradesh District 5,Streetlight Installation,"Streetlight Installation in Sector 4 #757, Uttar Pradesh PC-20",State Water Board,273476,2025-08-31,Completed,2025-10-20,False,
W000136,MP0020,Suresh Banerjee,Uttar Pradesh,Uttar Pradesh PC-20,Uttar Pradesh District 5,Drainage/Sewage,"Drainage/Sewage at Village Entry Point #571, Uttar Pradesh PC-20",Block Development Office,868906,2025-07-18,Completed,2025-10-24,False,
W000137,MP0020,Suresh Banerjee,Uttar Pradesh,Uttar Pradesh PC-20,Uttar Pradesh District 5,Health Sub-Centre Upgrade,"Health Sub-Centre Upgrade in Ward 7 #77, Uttar Pradesh PC-20",Zilla Panchayat,959202,2025-01-13,Completed,2025-05-24,False,
W000138,MP0020,Suresh Banerjee,Uttar Pradesh,Uttar Pradesh PC-20,Uttar Pradesh District 5,Community Hall,"Community Hall at Village Entry Point #341, Uttar Pradesh PC-20",State Electricity Board,2277843,2024-11-07,Completed,2025-02-21,False,
W000139,MP0021,Neelam Gupta,Uttar Pradesh,Uttar Pradesh PC-21,Uttar Pradesh District 6,Health Sub-Centre Upgrade,"Health Sub-Centre Upgrade near Panchayat Bhavan #179, Uttar Pradesh PC-21",Municipal Corporation,765701,2026-01-19,Completed,2026-07-17,False,
W000140,MP0021,Neelam Gupta,Uttar Pradesh,Uttar Pradesh PC-21,Uttar Pradesh District 6,Streetlight Installation,"Streetlight Installation near Railway Crossing #265, Uttar Pradesh PC-21",Zilla Panchayat,320218,2025-10-10,Completed,2025-11-14,False,
W000141,MP0021,Neelam Gupta,Uttar Pradesh,Uttar Pradesh PC-21,Uttar Pradesh District 6,Public Toilet Complex,"Public Toilet Complex near Govt School #423, Uttar Pradesh PC-21",Rural Engineering Services,369558,2025-09-12,Completed,2025-11-08,False,
W000142,MP0021,Neelam Gupta,Uttar Pradesh,Uttar Pradesh PC-21,Uttar Pradesh District 6,Health Sub-Centre Upgrade,"Health Sub-Centre Upgrade near Panchayat Bhavan #386, Uttar Pradesh PC-21",Block Development Office,1065621,2026-03-22,Ongoing,,False,
W000143,MP0021,Neelam Gupta,Uttar Pradesh,Uttar Pradesh PC-21,Uttar Pradesh District 6,Drainage/Sewage,"Drainage/Sewage at Ward 3 #589, Uttar Pradesh PC-21",District Rural Dev. Agency,684805,2025-05-19,Completed,2025-09-22,False,
W000144,MP0021,Neelam Gupta,Uttar Pradesh,Uttar Pradesh PC-21,Uttar Pradesh District 6,Streetlight Installation,"Streetlight Installation near Panchayat Bhavan #919, Uttar Pradesh PC-21",Municipal Corporation,294121,2025-06-19,Completed,2025-07-15,False,
W000145,MP0021,Neelam Gupta,Uttar Pradesh,Uttar Pradesh PC-21,Uttar Pradesh District 6,Community Hall,"Community Hall in Ward 12 #443, Uttar Pradesh PC-21",Block Development Office,1898048,2025-04-08,Completed,2025-10-24,False,
W000146,MP0022,Vinod Kumar,Uttar Pradesh,Uttar Pradesh PC-22,Uttar Pradesh District 6,School Building/Classroom,"School Building/Classroom near Temple Road #918, Uttar Pradesh PC-22",PWD Division,1512386,2025-10-26,Completed,2026-04-16,False,
W000147,MP0022,Vinod Kumar,Uttar Pradesh,Uttar Pradesh PC-22,Uttar Pradesh District 6,Anganwadi Centre,"Anganwadi Centre near Govt School #953, Uttar Pradesh PC-22",State Electricity Board,603028,2025-04-22,Completed,2025-09-01,False,
W000148,MP0022,Vinod Kumar,Uttar Pradesh,Uttar Pradesh PC-22,Uttar Pradesh District 6,Irrigation Canal,"Irrigation Canal at Colony Gate #255, Uttar Pradesh PC-22",State Electricity Board,1801903,2025-12-13,Ongoing,,False,
W000149,MP0022,Vinod Kumar,Uttar Pradesh,Uttar Pradesh PC-22,Uttar Pradesh District 6,Drinking Water Supply,"Drinking Water Supply near Primary Health Centre #156, Uttar Pradesh PC-22",Rural Engineering Services,734559,2026-07-17,Ongoing,,False,
W000150,MP0023,Arun Naidu,Uttar Pradesh,Uttar Pradesh PC-23,Uttar Pradesh District 6,Drinking Water Supply,"Drinking Water Supply near Bus Stand #41, Uttar Pradesh PC-23",State Electricity Board,568956,2026-03-18,Completed,2026-06-22,False,
W000151,MP0023,Arun Naidu,Uttar Pradesh,Uttar Pradesh PC-23,Uttar Pradesh District 6,Road Construction/Repair,"Road Construction/Repair at Village Entry Point #39, Uttar Pradesh PC-23",Municipal Corporation,1133868,2025-02-11,Completed,2025-07-24,False,
W000152,MP0023,Arun Naidu,Uttar Pradesh,Uttar Pradesh PC-23,Uttar Pradesh District 6,Drainage/Sewage,"Drainage/Sewage near Community Centre #448, Uttar Pradesh PC-23",Municipal Corporation,485256,2025-03-27,Completed,2025-07-17,False,
W000153,MP0023,Arun Naidu,Uttar Pradesh,Uttar Pradesh PC-23,Uttar Pradesh District 6,Drinking Water Supply,"Drinking Water Supply near Bus Stand #967, Uttar Pradesh PC-23",Zilla Panchayat,712970,2025-10-28,Completed,2026-01-15,False,
W000154,MP0023,Arun Naidu,Uttar Pradesh,Uttar Pradesh PC-23,Uttar Pradesh District 6,Public Toilet Complex,"Public Toilet Complex in Ward 12 #810, Uttar Pradesh PC-23",Rural Engineering Services,419398,2025-03-25,Completed,2025-05-14,False,
W000155,MP0023,Arun Naidu,Uttar Pradesh,Uttar Pradesh PC-23,Uttar Pradesh District 6,Public Toilet Complex,"Public Toilet Complex near Govt School #472, Uttar Pradesh PC-23",PWD Division,427146,2024-11-23,Completed,2025-01-25,False,
W000156,MP0023,Arun Naidu,Uttar Pradesh,Uttar Pradesh PC-23,Uttar Pradesh District 6,Drainage/Sewage,"Drainage/Sewage at Village Entry Point #241, Uttar Pradesh PC-23",District Rural Dev. Agency,517235,2025-04-02,Completed,2025-07-20,False,
W000157,MP0023,Arun Naidu,Uttar Pradesh,Uttar Pradesh PC-23,Uttar Pradesh District 6,Irrigation Canal,"Irrigation Canal near Govt School #722, Uttar Pradesh PC-23",Rural Engineering Services,1761638,2025-09-06,Completed,2026-03-21,False,
W000158,MP0023,Arun Naidu,Uttar Pradesh,Uttar Pradesh PC-23,Uttar Pradesh District 6,Drainage/Sewage,"Drainage/Sewage near Govt School #907, Uttar Pradesh PC-23",PWD Division,661388,2026-05-02,Completed,2026-07-30,False,
W000159,MP0024,Harish Rathore,Uttar Pradesh,Uttar Pradesh PC-24,Uttar Pradesh District 6,Drinking Water Supply,"Drinking Water Supply at Village Entry Point #948, Uttar Pradesh PC-24",State Water Board,865287,2025-04-02,Completed,2025-06-25,False,
W000160,MP0024,Harish Rathore,Uttar Pradesh,Uttar Pradesh PC-24,Uttar Pradesh District 6,Streetlight Installation,"Streetlight Installation near Bus Depot #347, Uttar Pradesh PC-24",Rural Engineering Services,292428,2024-10-08,Completed,2024-11-29,False,
W000161,MP0024,Harish Rathore,Uttar Pradesh,Uttar Pradesh PC-24,Uttar Pradesh District 6,Health Sub-Centre Upgrade,"Health Sub-Centre Upgrade in Ward 12 #817, Uttar Pradesh PC-24",District Rural Dev. Agency,1021085,2025-05-20,Completed,2025-10-21,False,
W000162,MP0024,Harish Rathore,Uttar Pradesh,Uttar Pradesh PC-24,Uttar Pradesh District 6,Drainage/Sewage,"Drainage/Sewage near Panchayat Bhavan #206, Uttar Pradesh PC-24",Zilla Panchayat,623226,2025-03-09,Completed,2025-06-03,False,
W000163,MP0024,Harish Rathore,Uttar Pradesh,Uttar Pradesh PC-24,Uttar Pradesh District 6,Drainage/Sewage,"Drainage/Sewage at Village Entry Point #272, Uttar Pradesh PC-24",Rural Engineering Services,720333,2025-01-23,Completed,2025-05-06,False,
W000164,MP0024,Harish Rathore,Uttar Pradesh,Uttar Pradesh PC-24,Uttar Pradesh District 6,Drainage/Sewage,"Drainage/Sewage near Bus Depot #918, Uttar Pradesh PC-24",Zilla Panchayat,881088,2025-10-29,Completed,2026-02-26,False,
W000165,MP0024,Harish Rathore,Uttar Pradesh,Uttar Pradesh PC-24,Uttar Pradesh District 6,Community Hall,"Community Hall near Temple Road #58, Uttar Pradesh PC-24",State Electricity Board,1824119,2025-07-14,Completed,2026-01-31,False,
W000166,MP0025,Ashish Joshi,Uttar Pradesh,Uttar Pradesh PC-25,Uttar Pradesh District 7,Health Sub-Centre Upgrade,"Health Sub-Centre Upgrade near Panchayat Bhavan #611, Uttar Pradesh PC-25",PWD Division,1165960,2025-08-13,Completed,2026-02-12,False,
W000167,MP0025,Ashish Joshi,Uttar Pradesh,Uttar Pradesh PC-25,Uttar Pradesh District 7,School Building/Classroom,"School Building/Classroom at Ward 3 #189, Uttar Pradesh PC-25",Block Development Office,1905445,2025-10-08,Completed,2026-03-17,False,
W000168,MP0025,Ashish Joshi,Uttar Pradesh,Uttar Pradesh PC-25,Uttar Pradesh District 7,Health Sub-Centre Upgrade,"Health Sub-Centre Upgrade near Railway Crossing #82, Uttar Pradesh PC-25",State Electricity Board,1233649,2024-12-03,Completed,2025-05-31,False,
W000169,MP0025,Ashish Joshi,Uttar Pradesh,Uttar Pradesh PC-25,Uttar Pradesh District 7,School Building/Classroom,"School Building/Classroom near Panchayat Bhavan #190, Uttar Pradesh PC-25",District Rural Dev. Agency,1674843,2026-01-21,Ongoing,,False,
W000170,MP0025,Ashish Joshi,Uttar Pradesh,Uttar Pradesh PC-25,Uttar Pradesh District 7,Irrigation Canal,"Irrigation Canal at Ward 3 #743, Uttar Pradesh PC-25",State Electricity Board,1973775,2025-11-17,Completed,2026-07-25,False,
W000171,MP0026,Vikram Patel,Uttar Pradesh,Uttar Pradesh PC-26,Uttar Pradesh District 7,Streetlight Installation,"Streetlight Installation in Ward 7 #81, Uttar Pradesh PC-26",State Electricity Board,297356,2025-09-24,Completed,2025-10-28,False,
W000172,MP0026,Vikram Patel,Uttar Pradesh,Uttar Pradesh PC-26,Uttar Pradesh District 7,Drainage/Sewage,"Drainage/Sewage at Market Road #907, Uttar Pradesh PC-26",Zilla Panchayat,812110,2025-07-21,Completed,2025-11-19,False,
W000173,MP0026,Vikram Patel,Uttar Pradesh,Uttar Pradesh PC-26,Uttar Pradesh District 7,Drinking Water Supply,"Drinking Water Supply in Ward 12 #842, Uttar Pradesh PC-26",Rural Engineering Services,871122,2025-12-19,Completed,2026-04-30,False,
W000174,MP0026,Vikram Patel,Uttar Pradesh,Uttar Pradesh PC-26,Uttar Pradesh District 7,Drainage/Sewage,"Drainage/Sewage near Bus Stand #485, Uttar Pradesh PC-26",Block Development Office,678924,2025-06-24,Completed,2025-09-23,False,
W000175,MP0026,Vikram Patel,Uttar Pradesh,Uttar Pradesh PC-26,Uttar Pradesh District 7,Community Hall,"Community Hall at Colony Gate #373, Uttar Pradesh PC-26",District Rural Dev. Agency,2167153,2025-05-25,Completed,2025-11-21,False,
W000176,MP0026,Vikram Patel,Uttar Pradesh,Uttar Pradesh PC-26,Uttar Pradesh District 7,Anganwadi Centre,"Anganwadi Centre near Temple Road #641, Uttar Pradesh PC-26",PWD Division,702179,2025-07-24,Completed,2025-11-02,False,
W000177,MP0027,Geeta Naidu,Uttar Pradesh,Uttar Pradesh PC-27,Uttar Pradesh District 7,Health Sub-Centre Upgrade,"Health Sub-Centre Upgrade at Colony Gate #943, Uttar Pradesh PC-27",PWD Division,1064010,2025-04-10,Completed,2025-08-14,False,
W000178,MP0027,Geeta Naidu,Uttar Pradesh,Uttar Pradesh PC-27,Uttar Pradesh District 7,Road Construction/Repair,"Road Construction/Repair near Panchayat Bhavan #921, Uttar Pradesh PC-27",State Water Board,1131218,2025-03-29,Completed,2025-09-12,False,
W000179,MP0027,Geeta Naidu,Uttar Pradesh,Uttar Pradesh PC-27,Uttar Pradesh District 7,Public Toilet Complex,"Public Toilet Complex at Market Road #279, Uttar Pradesh PC-27",District Rural Dev. Agency,335036,2026-07-20,Ongoing,,False,
W000180,MP0027,Geeta Naidu,Uttar Pradesh,Uttar Pradesh PC-27,Uttar Pradesh District 7,Streetlight Installation,"Streetlight Installation near Community Centre #707, Uttar Pradesh PC-27",PWD Division,283310,2025-11-20,Completed,2026-01-05,False,
W000181,MP0028,Ravi Das,Uttar Pradesh,Uttar Pradesh PC-28,Uttar Pradesh District 7,Drainage/Sewage,"Drainage/Sewage near Bus Stand #240, Uttar Pradesh PC-28",PWD Division,725223,2025-05-20,Completed,2025-08-23,False,
W000182,MP0028,Ravi Das,Uttar Pradesh,Uttar Pradesh PC-28,Uttar Pradesh District 7,Drinking Water Supply,"Drinking Water Supply at Colony Gate #396, Uttar Pradesh PC-28",State Electricity Board,893027,2026-01-15,Completed,2026-04-01,False,
W000183,MP0028,Ravi Das,Uttar Pradesh,Uttar Pradesh PC-28,Uttar Pradesh District 7,Drainage/Sewage,"Drainage/Sewage near Bus Depot #509, Uttar Pradesh PC-28",Block Development Office,645824,2026-01-01,Completed,2026-04-12,False,
W000184,MP0028,Ravi Das,Uttar Pradesh,Uttar Pradesh PC-28,Uttar Pradesh District 7,School Building/Classroom,"School Building/Classroom in Sector 4 #792, Uttar Pradesh PC-28",PWD Division,1219738,2025-03-03,Completed,2025-07-31,False,
W000185,MP0028,Ravi Das,Uttar Pradesh,Uttar Pradesh PC-28,Uttar Pradesh District 7,School Building/Classroom,"School Building/Classroom near Railway Crossing #472, Uttar Pradesh PC-28",Rural Engineering Services,1672334,2026-03-09,Completed,2026-06-14,False,
W000186,MP0028,Ravi Das,Uttar Pradesh,Uttar Pradesh PC-28,Uttar Pradesh District 7,Streetlight Installation,"Streetlight Installation near Panchayat Bhavan #164, Uttar Pradesh PC-28",Zilla Panchayat,331869,2025-12-23,Completed,2026-02-13,False,
W000187,MP0029,Sanjay Gaikwad,Uttar Pradesh,Uttar Pradesh PC-29,Uttar Pradesh District 8,Road Construction/Repair,"Road Construction/Repair near Railway Crossing #437, Uttar Pradesh PC-29",State Electricity Board,761864,2025-04-11,Completed,2025-08-30,False,
W000188,MP0029,Sanjay Gaikwad,Uttar Pradesh,Uttar Pradesh PC-29,Uttar Pradesh District 8,Drinking Water Supply,"Drinking Water Supply near Community Centre #214, Uttar Pradesh PC-29",Zilla Panchayat,805383,2026-04-07,Completed,2026-07-07,False,
W000189,MP0029,Sanjay Gaikwad,Uttar Pradesh,Uttar Pradesh PC-29,Uttar Pradesh District 8,Drinking Water Supply,"Drinking Water Supply near Bus Depot #996, Uttar Pradesh PC-29",Block Development Office,682835,2026-06-20,Ongoing,,False,
W000190,MP0029,Sanjay Gaikwad,Uttar Pradesh,Uttar Pradesh PC-29,Uttar Pradesh District 8,Anganwadi Centre,"Anganwadi Centre at Village Entry Point #472, Uttar Pradesh PC-29",Municipal Corporation,595207,2025-05-20,Completed,2025-09-16,False,
W000191,MP0030,Poonam Banerjee,Uttar Pradesh,Uttar Pradesh PC-30,Uttar Pradesh District 8,Community Hall,"Community Hall in Sector 4 #581, Uttar Pradesh PC-30",Zilla Panchayat,2040396,2025-02-12,Completed,2025-10-03,False,
W000192,MP0030,Poonam Banerjee,Uttar Pradesh,Uttar Pradesh PC-30,Uttar Pradesh District 8,Drainage/Sewage,"Drainage/Sewage near Community Centre #204, Uttar Pradesh PC-30",District Rural Dev. Agency,671476,2026-02-23,Completed,2026-06-07,False,
W000193,MP0030,Poonam Banerjee,Uttar Pradesh,Uttar Pradesh PC-30,Uttar Pradesh District 8,Anganwadi Centre,"Anganwadi Centre in Ward 7 #158, Uttar Pradesh PC-30",Rural Engineering Services,389080,2024-10-06,Completed,2025-01-10,False,
W000194,MP0030,Poonam Banerjee,Uttar Pradesh,Uttar Pradesh PC-30,Uttar Pradesh District 8,Drainage/Sewage,"Drainage/Sewage near Railway Crossing #258, Uttar Pradesh PC-30",Rural Engineering Services,705840,2024-09-11,Completed,2024-12-05,False,
W000195,MP0030,Poonam Banerjee,Uttar Pradesh,Uttar Pradesh PC-30,Uttar Pradesh District 8,Community Hall,"Community Hall at Main Chowk #38, Uttar Pradesh PC-30",Rural Engineering Services,2166079,2025-10-13,Completed,2026-04-13,False,
W000196,MP0030,Poonam Banerjee,Uttar Pradesh,Uttar Pradesh PC-30,Uttar Pradesh District 8,Drinking Water Supply,"Drinking Water Supply near Bus Depot #237, Uttar Pradesh PC-30",PWD Division,885599,2025-05-23,Completed,2025-08-18,False,
W000197,MP0030,Poonam Banerjee,Uttar Pradesh,Uttar Pradesh PC-30,Uttar Pradesh District 8,Anganwadi Centre,"Anganwadi Centre at Ward 3 #239, Uttar Pradesh PC-30",District Rural Dev. Agency,484662,2025-03-10,Completed,2025-07-14,False,
W000198,MP0030,Poonam Banerjee,Uttar Pradesh,Uttar Pradesh PC-30,Uttar Pradesh District 8,Drinking Water Supply,"Drinking Water Supply near Panchayat Bhavan #848, Uttar Pradesh PC-30",PWD Division,747874,2025-03-11,Completed,2025-06-20,False,
W000199,MP0030,Poonam Banerjee,Uttar Pradesh,Uttar Pradesh PC-30,Uttar Pradesh District 8,Public Toilet Complex,"Public Toilet Complex near Bus Stand #887, Uttar Pradesh PC-30",Rural Engineering Services,415011,2026-02-27,Completed,2026-04-24,False,
W000200,MP0031,Ramesh Chauhan,Uttar Pradesh,Uttar Pradesh PC-31,Uttar Pradesh District 8,Drainage/Sewage,"Drainage/Sewage at Main Chowk #727, Uttar Pradesh PC-31",PWD Division,827455,2025-04-18,Completed,2025-07-25,False,
W000201,MP0031,Ramesh Chauhan,Uttar Pradesh,Uttar Pradesh PC-31,Uttar Pradesh District 8,Public Toilet Complex,"Public Toilet Complex near Panchayat Bhavan #349, Uttar Pradesh PC-31",District Rural Dev. Agency,341655,2024-10-30,Completed,2024-12-18,False,
W000202,MP0031,Ramesh Chauhan,Uttar Pradesh,Uttar Pradesh PC-31,Uttar Pradesh District 8,School Building/Classroom,"School Building/Classroom near Panchayat Bhavan #40, Uttar Pradesh PC-31",PWD Division,1534034,2025-10-15,Completed,2026-04-08,False,
W000203,MP0031,Ramesh Chauhan,Uttar Pradesh,Uttar Pradesh PC-31,Uttar Pradesh District 8,Public Toilet Complex,"Public Toilet Complex near Govt School #419, Uttar Pradesh PC-31",Rural Engineering Services,411547,2025-10-03,Completed,2025-11-08,False,
W000204,MP0031,Ramesh Chauhan,Uttar Pradesh,Uttar Pradesh PC-31,Uttar Pradesh District 8,Streetlight Installation,"Streetlight Installation in Sector 4 #33, Uttar Pradesh PC-31",Municipal Corporation,221688,2026-03-01,Completed,2026-04-22,False,
W000205,MP0031,Ramesh Chauhan,Uttar Pradesh,Uttar Pradesh PC-31,Uttar Pradesh District 8,Anganwadi Centre,"Anganwadi Centre near Bus Stand #815, Uttar Pradesh PC-31",State Electricity Board,534389,2025-03-29,Completed,2025-06-23,False,
W000206,MP0031,Ramesh Chauhan,Uttar Pradesh,Uttar Pradesh PC-31,Uttar Pradesh District 8,Health Sub-Centre Upgrade,"Health Sub-Centre Upgrade near Bus Stand #669, Uttar Pradesh PC-31",Municipal Corporation,819656,2026-05-16,Ongoing,,False,
W000207,MP0031,Ramesh Chauhan,Uttar Pradesh,Uttar Pradesh PC-31,Uttar Pradesh District 8,School Building/Classroom,"School Building/Classroom near Community Centre #291, Uttar Pradesh PC-31",Block Development Office,1993330,2025-12-27,Completed,2026-07-27,False,
W000208,MP0032,Ramesh Bhatt,Uttar Pradesh,Uttar Pradesh PC-32,Uttar Pradesh District 8,Road Construction/Repair,"Road Construction/Repair at Market Road #19, Uttar Pradesh PC-32",State Water Board,1336887,2024-06-27,Completed,2024-10-18,False,
W000209,MP0032,Ramesh Bhatt,Uttar Pradesh,Uttar Pradesh PC-32,Uttar Pradesh District 8,Streetlight Installation,"Streetlight Installation in Ward 12 #209, Uttar Pradesh PC-32",Rural Engineering Services,254028,2025-07-07,Completed,2025-08-22,False,
W000210,MP0032,Ramesh Bhatt,Uttar Pradesh,Uttar Pradesh PC-32,Uttar Pradesh District 8,Road Construction/Repair,"Road Construction/Repair in Ward 7 #841, Uttar Pradesh PC-32",Block Development Office,1004273,2025-05-12,Completed,2025-10-05,False,
W000211,MP0032,Ramesh Bhatt,Uttar Pradesh,Uttar Pradesh PC-32,Uttar Pradesh District 8,Drinking Water Supply,"Drinking Water Supply at Market Road #167, Uttar Pradesh PC-32",Block Development Office,810057,2025-03-02,Completed,2025-05-21,False,
W000212,MP0032,Ramesh Bhatt,Uttar Pradesh,Uttar Pradesh PC-32,Uttar Pradesh District 8,School Building/Classroom,"School Building/Classroom at Ward 3 #657, Uttar Pradesh PC-32",PWD Division,1360398,2025-04-26,Completed,2025-10-20,False,
W000213,MP0032,Ramesh Bhatt,Uttar Pradesh,Uttar Pradesh PC-32,Uttar Pradesh District 8,Health Sub-Centre Upgrade,"Health Sub-Centre Upgrade at Market Road #176, Uttar Pradesh PC-32",Zilla Panchayat,1010853,2025-02-10,Completed,2025-06-02,False,
W000214,MP0032,Ramesh Bhatt,Uttar Pradesh,Uttar Pradesh PC-32,Uttar Pradesh District 8,School Building/Classroom,"School Building/Classroom in Sector 4 #176, Uttar Pradesh PC-32",District Rural Dev. Agency,1430070,2025-01-28,Completed,2025-06-08,False,
W000215,MP0033,Meena Pillai,Uttar Pradesh,Uttar Pradesh PC-33,Uttar Pradesh District 9,Health Sub-Centre Upgrade,"Health Sub-Centre Upgrade near Panchayat Bhavan #858, Uttar Pradesh PC-33",State Electricity Board,1107359,2025-10-09,Completed,2026-04-07,False,
W000216,MP0033,Meena Pillai,Uttar Pradesh,Uttar Pradesh PC-33,Uttar Pradesh District 9,Road Construction/Repair,"Road Construction/Repair near Railway Crossing #949, Uttar Pradesh PC-33",State Electricity Board,1215289,2026-01-15,Completed,2026-08-08,False,
W000217,MP0033,Meena Pillai,Uttar Pradesh,Uttar Pradesh PC-33,Uttar Pradesh District 9,Health Sub-Centre Upgrade,"Health Sub-Centre Upgrade in Ward 7 #878, Uttar Pradesh PC-33",Zilla Panchayat,1171071,2026-03-11,Completed,2026-08-24,False,
W000218,MP0033,Meena Pillai,Uttar Pradesh,Uttar Pradesh PC-33,Uttar Pradesh District 9,Community Hall,"Community Hall near Panchayat Bhavan #188, Uttar Pradesh PC-33",Block Development Office,1790020,2025-10-12,Completed,2026-06-30,False,
W000219,MP0034,Vikram Chauhan,Uttar Pradesh,Uttar Pradesh PC-34,Uttar Pradesh District 9,Health Sub-Centre Upgrade,"Health Sub-Centre Upgrade in Ward 12 #154, Uttar Pradesh PC-34",Municipal Corporation,933476,2025-08-03,Completed,2026-03-10,False,
W000220,MP0034,Vikram Chauhan,Uttar Pradesh,Uttar Pradesh PC-34,Uttar Pradesh District 9,Community Hall,"Community Hall at Ward 3 #863, Uttar Pradesh PC-34",Rural Engineering Services,2263540,2026-01-05,Completed,2026-05-20,False,
W000221,MP0034,Vikram Chauhan,Uttar Pradesh,Uttar Pradesh PC-34,Uttar Pradesh District 9,Road Construction/Repair,"Road Construction/Repair at Main Chowk #467, Uttar Pradesh PC-34",District Rural Dev. Agency,1342547,2025-12-17,Completed,2026-07-07,False,
W000222,MP0034,Vikram Chauhan,Uttar Pradesh,Uttar Pradesh PC-34,Uttar Pradesh District 9,Irrigation Canal,"Irrigation Canal near Temple Road #256, Uttar Pradesh PC-34",State Water Board,2022115,2025-05-16,Completed,2025-10-17,False,
W000223,MP0035,Neelam Roy,Uttar Pradesh,Uttar Pradesh PC-35,Uttar Pradesh District 9,Streetlight Installation,"Streetlight Installation at Colony Gate #4, Uttar Pradesh PC-35",State Electricity Board,327031,2025-01-09,Completed,2025-02-07,False,
W000224,MP0035,Neelam Roy,Uttar Pradesh,Uttar Pradesh PC-35,Uttar Pradesh District 9,Public Toilet Complex,"Public Toilet Complex at Colony Gate #782, Uttar Pradesh PC-35",State Electricity Board,466571,2025-05-01,Completed,2025-07-03,False,
W000225,MP0035,Neelam Roy,Uttar Pradesh,Uttar Pradesh PC-35,Uttar Pradesh District 9,Public Toilet Complex,"Public Toilet Complex in Ward 7 #410, Uttar Pradesh PC-35",State Electricity Board,295633,2025-07-19,Completed,2025-08-31,False,
W000226,MP0035,Neelam Roy,Uttar Pradesh,Uttar Pradesh PC-35,Uttar Pradesh District 9,Drinking Water Supply,"Drinking Water Supply near Primary Health Centre #375, Uttar Pradesh PC-35",Zilla Panchayat,761605,2025-03-14,Completed,2025-05-19,False,
W000227,MP0035,Neelam Roy,Uttar Pradesh,Uttar Pradesh PC-35,Uttar Pradesh District 9,Drinking Water Supply,"Drinking Water Supply at Ward 3 #134, Uttar Pradesh PC-35",State Electricity Board,942095,2024-08-01,Completed,2024-10-13,False,
W000228,MP0035,Neelam Roy,Uttar Pradesh,Uttar Pradesh PC-35,Uttar Pradesh District 9,Drinking Water Supply,"Drinking Water Supply near Bus Stand #517, Uttar Pradesh PC-35",District Rural Dev. Agency,662654,2024-10-13,Completed,2025-01-07,False,
W000229,MP0035,Neelam Roy,Uttar Pradesh,Uttar Pradesh PC-35,Uttar Pradesh District 9,Health Sub-Centre Upgrade,"Health Sub-Centre Upgrade near Govt School #629, Uttar Pradesh PC-35",Municipal Corporation,1011093,2025-08-18,Completed,2026-02-17,False,
W000230,MP0035,Neelam Roy,Uttar Pradesh,Uttar Pradesh PC-35,Uttar Pradesh District 9,Drinking Water Supply,"Drinking Water Supply near Primary Health Centre #504, Uttar Pradesh PC-35",Rural Engineering Services,931311,2025-07-19,Completed,2025-10-19,False,
W000231,MP0035,Neelam Roy,Uttar Pradesh,Uttar Pradesh PC-35,Uttar Pradesh District 9,Drainage/Sewage,"Drainage/Sewage at Village Entry Point #360, Uttar Pradesh PC-35",Municipal Corporation,721216,2026-01-30,Completed,2026-05-15,False,
W000232,MP0036,Sunita Banerjee,Uttar Pradesh,Uttar Pradesh PC-36,Uttar Pradesh District 9,School Building/Classroom,"School Building/Classroom near Community Centre #468, Uttar Pradesh PC-36",District Rural Dev. Agency,1131160,2024-12-11,Completed,2025-03-11,False,
W000233,MP0036,Sunita Banerjee,Uttar Pradesh,Uttar Pradesh PC-36,Uttar Pradesh District 9,School Building/Classroom,"School Building/Classroom near Bus Depot #270, Uttar Pradesh PC-36",State Water Board,1795047,2025-06-30,Completed,2026-02-18,False,
W000234,MP0036,Sunita Banerjee,Uttar Pradesh,Uttar Pradesh PC-36,Uttar Pradesh District 9,Public Toilet Complex,"Public Toilet Complex near Railway Crossing #204, Uttar Pradesh PC-36",Rural Engineering Services,356105,2026-04-04,Completed,2026-05-29,False,
W000235,MP0036,Sunita Banerjee,Uttar Pradesh,Uttar Pradesh PC-36,Uttar Pradesh District 9,School Building/Classroom,"School Building/Classroom in Ward 7 #285, Uttar Pradesh PC-36",Block Development Office,1601166,2025-08-29,Completed,2026-03-17,False,
W000236,MP0036,Sunita Banerjee,Uttar Pradesh,Uttar Pradesh PC-36,Uttar Pradesh District 9,Streetlight Installation,"Streetlight Installation in Ward 7 #271, Uttar Pradesh PC-36",Block Development Office,253928,2025-05-17,Completed,2025-07-10,False,
W000237,MP0036,Sunita Banerjee,Uttar Pradesh,Uttar Pradesh PC-36,Uttar Pradesh District 9,Drinking Water Supply,"Drinking Water Supply at Market Road #464, Uttar Pradesh PC-36",PWD Division,899901,2026-01-25,Completed,2026-05-13,False,
W000238,MP0037,Vinod Pillai,Uttar Pradesh,Uttar Pradesh PC-37,Uttar Pradesh District 10,Drinking Water Supply,"Drinking Water Supply in Ward 12 #381, Uttar Pradesh PC-37",State Water Board,786837,2025-07-28,Completed,2025-11-03,False,
W000239,MP0037,Vinod Pillai,Uttar Pradesh,Uttar Pradesh PC-37,Uttar Pradesh District 10,Drainage/Sewage,"Drainage/Sewage at Market Road #369, Uttar Pradesh PC-37",Block Development Office,574832,2026-04-18,Completed,2026-08-21,False,
W000240,MP0037,Vinod Pillai,Uttar Pradesh,Uttar Pradesh PC-37,Uttar Pradesh District 10,Streetlight Installation,"Streetlight Installation at Colony Gate #631, Uttar Pradesh PC-37",Zilla Panchayat,255137,2024-11-05,Completed,2024-12-21,False,
W000241,MP0037,Vinod Pillai,Uttar Pradesh,Uttar Pradesh PC-37,Uttar Pradesh District 10,Road Construction/Repair,"Road Construction/Repair near Community Centre #990, Uttar Pradesh PC-37",State Water Board,1159159,2025-03-10,Completed,2025-07-28,False,
W000242,MP0037,Vinod Pillai,Uttar Pradesh,Uttar Pradesh PC-37,Uttar Pradesh District 10,Public Toilet Complex,"Public Toilet Complex near Govt School #227, Uttar Pradesh PC-37",District Rural Dev. Agency,379736,2025-01-06,Completed,2025-03-03,False,
W000243,MP0037,Vinod Pillai,Uttar Pradesh,Uttar Pradesh PC-37,Uttar Pradesh District 10,School Building/Classroom,"School Building/Classroom near Temple Road #428, Uttar Pradesh PC-37",State Water Board,1646362,2026-04-30,Ongoing,,False,
W000244,MP0037,Vinod Pillai,Uttar Pradesh,Uttar Pradesh PC-37,Uttar Pradesh District 10,Irrigation Canal,"Irrigation Canal at Ward 3 #233, Uttar Pradesh PC-37",District Rural Dev. Agency,1659434,2024-11-27,Completed,2025-08-03,False,
W000245,MP0037,Vinod Pillai,Uttar Pradesh,Uttar Pradesh PC-37,Uttar Pradesh District 10,Public Toilet Complex,"Public Toilet Complex near Govt School #581, Uttar Pradesh PC-37",PWD Division,367811,2025-04-16,Completed,2025-06-23,False,
W000246,MP0038,Arun Das,Uttar Pradesh,Uttar Pradesh PC-38,Uttar Pradesh District 10,Irrigation Canal,"Irrigation Canal at Village Entry Point #309, Uttar Pradesh PC-38",District Rural Dev. Agency,1549930,2025-08-21,Completed,2026-06-08,False,
W000247,MP0038,Arun Das,Uttar Pradesh,Uttar Pradesh PC-38,Uttar Pradesh District 10,Public Toilet Complex,"Public Toilet Complex near Panchayat Bhavan #849, Uttar Pradesh PC-38",Municipal Corporation,554861,2025-11-11,Completed,2026-01-12,False,
W000248,MP0038,Arun Das,Uttar Pradesh,Uttar Pradesh PC-38,Uttar Pradesh District 10,Anganwadi Centre,"Anganwadi Centre near Primary Health Centre #821, Uttar Pradesh PC-38",Municipal Corporation,578413,2026-03-24,Completed,2026-07-02,False,
W000249,MP0038,Arun Das,Uttar Pradesh,Uttar Pradesh PC-38,Uttar Pradesh District 10,Community Hall,"Community Hall at Colony Gate #654, Uttar Pradesh PC-38",Municipal Corporation,2144252,2025-02-21,Completed,2025-09-18,False,
W000250,MP0038,Arun Das,Uttar Pradesh,Uttar Pradesh PC-38,Uttar Pradesh District 10,Health Sub-Centre Upgrade,"Health Sub-Centre Upgrade at Market Road #609, Uttar Pradesh PC-38",PWD Division,1000000,2025-04-27,Completed,2025-04-29,True,impossible_speed
W000251,MP0039,Naresh Reddy,Uttar Pradesh,Uttar Pradesh PC-39,Uttar Pradesh District 10,Public Toilet Complex,"Public Toilet Complex near Bus Depot #926, Uttar Pradesh PC-39",State Electricity Board,282324,2024-12-03,Completed,2025-01-21,False,
W000252,MP0039,Naresh Reddy,Uttar Pradesh,Uttar Pradesh PC-39,Uttar Pradesh District 10,Road Construction/Repair,"Road Construction/Repair at Ward 3 #416, Uttar Pradesh PC-39",PWD Division,926555,2025-10-09,Completed,2026-02-03,False,
W000253,MP0039,Naresh Reddy,Uttar Pradesh,Uttar Pradesh PC-39,Uttar Pradesh District 10,School Building/Classroom,"School Building/Classroom in Ward 7 #798, Uttar Pradesh PC-39",Rural Engineering Services,1181769,2024-12-03,Completed,2025-05-01,False,
W000254,MP0039,Naresh Reddy,Uttar Pradesh,Uttar Pradesh PC-39,Uttar Pradesh District 10,Drinking Water Supply,"Drinking Water Supply near Panchayat Bhavan #205, Uttar Pradesh PC-39",PWD Division,895054,2024-09-22,Completed,2024-12-22,False,
W000255,MP0039,Naresh Reddy,Uttar Pradesh,Uttar Pradesh PC-39,Uttar Pradesh District 10,Irrigation Canal,"Irrigation Canal in Ward 7 #521, Uttar Pradesh PC-39",Block Development Office,1966455,2026-01-25,Ongoing,,False,
W000256,MP0039,Naresh Reddy,Uttar Pradesh,Uttar Pradesh PC-39,Uttar Pradesh District 10,Drainage/Sewage,"Drainage/Sewage in Sector 4 #911, Uttar Pradesh PC-39",Zilla Panchayat,913457,2025-07-04,Completed,2025-09-26,False,
W000257,MP0039,Naresh Reddy,Uttar Pradesh,Uttar Pradesh PC-39,Uttar Pradesh District 10,Anganwadi Centre,"Anganwadi Centre in Ward 12 #764, Uttar Pradesh PC-39",PWD Division,583082,2025-06-23,Completed,2025-10-08,False,
W000258,MP0039,Naresh Reddy,Uttar Pradesh,Uttar Pradesh PC-39,Uttar Pradesh District 10,Anganwadi Centre,"Anganwadi Centre at Colony Gate #108, Uttar Pradesh PC-39",Zilla Panchayat,522152,2025-11-08,Completed,2026-02-02,False,
W000259,MP0039,Naresh Reddy,Uttar Pradesh,Uttar Pradesh PC-39,Uttar Pradesh District 10,Drainage/Sewage,"Drainage/Sewage at Ward 3 #913, Uttar Pradesh PC-39",Rural Engineering Services,676820,2025-04-22,Completed,2025-07-31,False,
W000260,MP0040,Geeta Patel,Uttar Pradesh,Uttar Pradesh PC-40,Uttar Pradesh District 10,Drainage/Sewage,"Drainage/Sewage near Community Centre #696, Uttar Pradesh PC-40",PWD Division,703766,2025-05-14,Completed,2025-08-15,False,
W000261,MP0040,Geeta Patel,Uttar Pradesh,Uttar Pradesh PC-40,Uttar Pradesh District 10,Health Sub-Centre Upgrade,"Health Sub-Centre Upgrade in Sector 4 #989, Uttar Pradesh PC-40",State Water Board,1115938,2025-01-24,Completed,2025-06-08,False,
W000262,MP0040,Geeta Patel,Uttar Pradesh,Uttar Pradesh PC-40,Uttar Pradesh District 10,Community Hall,"Community Hall near Govt School #927, Uttar Pradesh PC-40",Zilla Panchayat,1832241,2025-08-29,Completed,2026-02-18,False,
W000263,MP0040,Geeta Patel,Uttar Pradesh,Uttar Pradesh PC-40,Uttar Pradesh District 10,Community Hall,"Community Hall in Ward 7 #335, Uttar Pradesh PC-40",Rural Engineering Services,2207811,2025-05-01,Completed,2025-12-11,False,
W000264,MP0040,Geeta Patel,Uttar Pradesh,Uttar Pradesh PC-40,Uttar Pradesh District 10,Community Hall,"Community Hall near Railway Crossing #616, Uttar Pradesh PC-40",Block Development Office,1553873,2026-03-27,Ongoing,,False,
W000265,MP0040,Geeta Patel,Uttar Pradesh,Uttar Pradesh PC-40,Uttar Pradesh District 10,Community Hall,"Community Hall near Bus Depot #484, Uttar Pradesh PC-40",Block Development Office,2402441,2026-04-01,Ongoing,,False,
W000266,MP0040,Geeta Patel,Uttar Pradesh,Uttar Pradesh PC-40,Uttar Pradesh District 10,Irrigation Canal,"Irrigation Canal near Govt School #448, Uttar Pradesh PC-40",PWD Division,1166181,2026-02-16,Ongoing,,False,
W000267,MP0040,Geeta Patel,Uttar Pradesh,Uttar Pradesh PC-40,Uttar Pradesh District 10,Community Hall,"Community Hall near Panchayat Bhavan #401, Uttar Pradesh PC-40",State Water Board,1676531,2026-07-07,Ongoing,,False,
W000268,MP0040,Geeta Patel,Uttar Pradesh,Uttar Pradesh PC-40,Uttar Pradesh District 10,Public Toilet Complex,"Public Toilet Complex in Ward 7 #28, Uttar Pradesh PC-40",Zilla Panchayat,471162,2024-08-16,Completed,2024-09-29,False,
W000269,MP0040,Geeta Patel,Uttar Pradesh,Uttar Pradesh PC-40,Uttar Pradesh District 10,Community Hall,"Community Hall near Bus Depot #484, Uttar Pradesh PC-40 (Phase II)",Block Development Office,1986916,2026-04-19,Sanctioned,,True,duplicate_work
W000270,MP0041,Naresh Deshmukh,Uttar Pradesh,Uttar Pradesh PC-41,Uttar Pradesh District 11,Road Construction/Repair,"Road Construction/Repair near Primary Health Centre #650, Uttar Pradesh PC-41",PWD Division,1238572,2025-09-27,Completed,2026-01-27,False,
W000271,MP0041,Naresh Deshmukh,Uttar Pradesh,Uttar Pradesh PC-41,Uttar Pradesh District 11,Road Construction/Repair,"Road Construction/Repair at Ward 3 #605, Uttar Pradesh PC-41",Zilla Panchayat,962112,2025-01-11,Completed,2025-05-28,False,
W000272,MP0041,Naresh Deshmukh,Uttar Pradesh,Uttar Pradesh PC-41,Uttar Pradesh District 11,Streetlight Installation,"Streetlight Installation near Bus Stand #774, Uttar Pradesh PC-41",Rural Engineering Services,277825,2026-03-28,Completed,2026-05-08,False,
W000273,MP0041,Naresh Deshmukh,Uttar Pradesh,Uttar Pradesh PC-41,Uttar Pradesh District 11,Health Sub-Centre Upgrade,"Health Sub-Centre Upgrade at Village Entry Point #115, Uttar Pradesh PC-41",Zilla Panchayat,922383,2025-10-04,Completed,2026-02-23,False,
W000274,MP0041,Naresh Deshmukh,Uttar Pradesh,Uttar Pradesh PC-41,Uttar Pradesh District 11,Drainage/Sewage,"Drainage/Sewage near Panchayat Bhavan #302, Uttar Pradesh PC-41",Zilla Panchayat,3008156,2024-11-13,Sanctioned,,True,cost_outlier
W000275,MP0042,Poonam Singh,Uttar Pradesh,Uttar Pradesh PC-42,Uttar Pradesh District 11,Streetlight Installation,"Streetlight Installation near Community Centre #263, Uttar Pradesh PC-42",Block Development Office,301610,2025-04-14,Completed,2025-05-26,False,
W000276,MP0042,Poonam Singh,Uttar Pradesh,Uttar Pradesh PC-42,Uttar Pradesh District 11,Drainage/Sewage,"Drainage/Sewage at Market Road #788, Uttar Pradesh PC-42",PWD Division,610867,2025-07-09,Completed,2025-10-22,False,
W000277,MP0042,Poonam Singh,Uttar Pradesh,Uttar Pradesh PC-42,Uttar Pradesh District 11,Public Toilet Complex,"Public Toilet Complex in Sector 4 #32, Uttar Pradesh PC-42",State Electricity Board,254879,2025-02-21,Completed,2025-04-20,False,
W000278,MP0042,Poonam Singh,Uttar Pradesh,Uttar Pradesh PC-42,Uttar Pradesh District 11,Health Sub-Centre Upgrade,"Health Sub-Centre Upgrade near Temple Road #101, Uttar Pradesh PC-42",PWD Division,1080578,2025-08-24,Completed,2026-02-03,False,
W000279,MP0042,Poonam Singh,Uttar Pradesh,Uttar Pradesh PC-42,Uttar Pradesh District 11,Streetlight Installation,"Streetlight Installation at Ward 3 #222, Uttar Pradesh PC-42",State Electricity Board,339063,2025-01-21,Completed,2025-02-16,False,
W000280,MP0042,Poonam Singh,Uttar Pradesh,Uttar Pradesh PC-42,Uttar Pradesh District 11,Drinking Water Supply,"Drinking Water Supply in Ward 7 #537, Uttar Pradesh PC-42",State Water Board,717848,2026-03-20,Completed,2026-06-23,False,
W000281,MP0043,Meena Pandey,Uttar Pradesh,Uttar Pradesh PC-43,Uttar Pradesh District 11,Road Construction/Repair,"Road Construction/Repair near Bus Depot #98, Uttar Pradesh PC-43",District Rural Dev. Agency,1052326,2026-07-26,Ongoing,,False,
W000282,MP0043,Meena Pandey,Uttar Pradesh,Uttar Pradesh PC-43,Uttar Pradesh District 11,Anganwadi Centre,"Anganwadi Centre near Bus Depot #981, Uttar Pradesh PC-43",Municipal Corporation,624473,2025-09-08,Completed,2025-12-14,False,
W000283,MP0043,Meena Pandey,Uttar Pradesh,Uttar Pradesh PC-43,Uttar Pradesh District 11,Irrigation Canal,"Irrigation Canal in Ward 7 #220, Uttar Pradesh PC-43",State Water Board,1716031,2025-06-12,Completed,2025-11-28,False,
W000284,MP0043,Meena Pandey,Uttar Pradesh,Uttar Pradesh PC-43,Uttar Pradesh District 11,Community Hall,"Community Hall in Ward 7 #113, Uttar Pradesh PC-43",State Electricity Board,1609397,2026-02-15,Ongoing,,False,
W000285,MP0044,Meena Barman,Uttar Pradesh,Uttar Pradesh PC-44,Uttar Pradesh District 11,Anganwadi Centre,"Anganwadi Centre near Railway Crossing #411, Uttar Pradesh PC-44",Zilla Panchayat,601184,2025-09-02,Completed,2025-12-02,False,
W000286,MP0044,Meena Barman,Uttar Pradesh,Uttar Pradesh PC-44,Uttar Pradesh District 11,Health Sub-Centre Upgrade,"Health Sub-Centre Upgrade near Temple Road #26, Uttar Pradesh PC-44",Zilla Panchayat,898312,2025-12-30,Completed,2026-06-03,False,
W000287,MP0044,Meena Barman,Uttar Pradesh,Uttar Pradesh PC-44,Uttar Pradesh District 11,Streetlight Installation,"Streetlight Installation in Sector 4 #923, Uttar Pradesh PC-44",Rural Engineering Services,309220,2025-02-27,Completed,2025-03-29,False,
W000288,MP0044,Meena Barman,Uttar Pradesh,Uttar Pradesh PC-44,Uttar Pradesh District 11,Irrigation Canal,"Irrigation Canal in Ward 12 #646, Uttar Pradesh PC-44",Municipal Corporation,1709857,2024-07-13,Completed,2025-01-17,False,
W000289,MP0045,Ajay Banerjee,Uttar Pradesh,Uttar Pradesh PC-45,Uttar Pradesh District 12,School Building/Classroom,"School Building/Classroom at Market Road #535, Uttar Pradesh PC-45",PWD Division,1399414,2025-09-16,Completed,2026-05-27,False,
W000290,MP0045,Ajay Banerjee,Uttar Pradesh,Uttar Pradesh PC-45,Uttar Pradesh District 12,School Building/Classroom,"School Building/Classroom near Railway Crossing #450, Uttar Pradesh PC-45",State Electricity Board,1110968,2025-03-18,Completed,2025-08-17,False,
W000291,MP0045,Ajay Banerjee,Uttar Pradesh,Uttar Pradesh PC-45,Uttar Pradesh District 12,Drainage/Sewage,"Drainage/Sewage near Primary Health Centre #659, Uttar Pradesh PC-45",Rural Engineering Services,709686,2024-10-03,Completed,2025-01-18,False,
W000292,MP0045,Ajay Banerjee,Uttar Pradesh,Uttar Pradesh PC-45,Uttar Pradesh District 12,Community Hall,"Community Hall near Community Centre #721, Uttar Pradesh PC-45",Rural Engineering Services,2414366,2025-02-11,Completed,2025-07-31,False,
W000293,MP0045,Ajay Banerjee,Uttar Pradesh,Uttar Pradesh PC-45,Uttar Pradesh District 12,Public Toilet Complex,"Public Toilet Complex near Primary Health Centre #741, Uttar Pradesh PC-45",Municipal Corporation,387971,2026-02-01,Completed,2026-03-22,False,
W000294,MP0045,Ajay Banerjee,Uttar Pradesh,Uttar Pradesh PC-45,Uttar Pradesh District 12,Streetlight Installation,"Streetlight Installation in Ward 7 #979, Uttar Pradesh PC-45",District Rural Dev. Agency,286101,2025-01-12,Completed,2025-02-27,False,
W000295,MP0045,Ajay Banerjee,Uttar Pradesh,Uttar Pradesh PC-45,Uttar Pradesh District 12,Community Hall,"Community Hall at Main Chowk #674, Uttar Pradesh PC-45",State Water Board,2394293,2025-12-21,Completed,2026-06-25,False,
W000296,MP0045,Ajay Banerjee,Uttar Pradesh,Uttar Pradesh PC-45,Uttar Pradesh District 12,School Building/Classroom,"School Building/Classroom in Sector 4 #446, Uttar Pradesh PC-45",State Water Board,1500000,2024-06-05,Ongoing,,True,stuck_ongoing
W000297,MP0046,Ashok Iyer,Uttar Pradesh,Uttar Pradesh PC-46,Uttar Pradesh District 12,Community Hall,"Community Hall at Main Chowk #907, Uttar Pradesh PC-46",Zilla Panchayat,1849289,2024-07-21,Completed,2025-02-19,False,
W000298,MP0046,Ashok Iyer,Uttar Pradesh,Uttar Pradesh PC-46,Uttar Pradesh District 12,Health Sub-Centre Upgrade,"Health Sub-Centre Upgrade at Ward 3 #875, Uttar Pradesh PC-46",State Electricity Board,821944,2025-01-28,Completed,2025-06-30,False,
W000299,MP0046,Ashok Iyer,Uttar Pradesh,Uttar Pradesh PC-46,Uttar Pradesh District 12,Health Sub-Centre Upgrade,"Health Sub-Centre Upgrade in Sector 4 #146, Uttar Pradesh PC-46",Rural Engineering Services,835440,2025-08-24,Completed,2026-04-05,False,
W000300,MP0046,Ashok Iyer,Uttar Pradesh,Uttar Pradesh PC-46,Uttar Pradesh District 12,Drainage/Sewage,"Drainage/Sewage near Govt School #930, Uttar Pradesh PC-46",Block Development Office,889129,2025-12-02,Completed,2026-03-23,False,
W000301,MP0046,Ashok Iyer,Uttar Pradesh,Uttar Pradesh PC-46,Uttar Pradesh District 12,Health Sub-Centre Upgrade,"Health Sub-Centre Upgrade at Village Entry Point #669, Uttar Pradesh PC-46",Block Development Office,1165074,2025-03-30,Completed,2025-08-01,False,
W000302,MP0046,Ashok Iyer,Uttar Pradesh,Uttar Pradesh PC-46,Uttar Pradesh District 12,Public Toilet Complex,"Public Toilet Complex in Ward 7 #465, Uttar Pradesh PC-46",Rural Engineering Services,392243,2025-06-30,Completed,2025-08-22,False,
W000303,MP0047,Manoj Roy,Uttar Pradesh,Uttar Pradesh PC-47,Uttar Pradesh District 12,Drinking Water Supply,"Drinking Water Supply at Village Entry Point #731, Uttar Pradesh PC-47",Block Development Office,1101140,2024-11-22,Completed,2025-02-17,False,
W000304,MP0047,Manoj Roy,Uttar Pradesh,Uttar Pradesh PC-47,Uttar Pradesh District 12,School Building/Classroom,"School Building/Classroom near Temple Road #495, Uttar Pradesh PC-47",State Water Board,1532776,2026-04-09,Ongoing,,False,
W000305,MP0047,Manoj Roy,Uttar Pradesh,Uttar Pradesh PC-47,Uttar Pradesh District 12,Anganwadi Centre,"Anganwadi Centre near Temple Road #531, Uttar Pradesh PC-47",PWD Division,728309,2026-04-19,Ongoing,,False,
W000306,MP0047,Manoj Roy,Uttar Pradesh,Uttar Pradesh PC-47,Uttar Pradesh District 12,School Building/Classroom,"School Building/Classroom near Govt School #502, Uttar Pradesh PC-47",District Rural Dev. Agency,1309337,2025-08-17,Completed,2026-03-07,False,
W000307,MP0047,Manoj Roy,Uttar Pradesh,Uttar Pradesh PC-47,Uttar Pradesh District 12,Drinking Water Supply,"Drinking Water Supply near Community Centre #165, Uttar Pradesh PC-47",PWD Division,823456,2025-10-12,Completed,2026-01-08,False,
W000308,MP0047,Manoj Roy,Uttar Pradesh,Uttar Pradesh PC-47,Uttar Pradesh District 12,Community Hall,"Community Hall at Main Chowk #468, Uttar Pradesh PC-47",District Rural Dev. Agency,1408677,2025-03-29,Completed,2025-10-25,False,
W000309,MP0048,Arun Iyer,Uttar Pradesh,Uttar Pradesh PC-48,Uttar Pradesh District 12,Anganwadi Centre,"Anganwadi Centre at Market Road #421, Uttar Pradesh PC-48",PWD Division,559099,2025-06-16,Completed,2025-09-11,False,
W000310,MP0048,Arun Iyer,Uttar Pradesh,Uttar Pradesh PC-48,Uttar Pradesh District 12,Anganwadi Centre,"Anganwadi Centre in Ward 7 #782, Uttar Pradesh PC-48",Rural Engineering Services,553224,2025-08-11,Completed,2025-11-12,False,
W000311,MP0048,Arun Iyer,Uttar Pradesh,Uttar Pradesh PC-48,Uttar Pradesh District 12,Drinking Water Supply,"Drinking Water Supply at Ward 3 #392, Uttar Pradesh PC-48",District Rural Dev. Agency,787670,2025-10-24,Completed,2026-02-15,False,
W000312,MP0048,Arun Iyer,Uttar Pradesh,Uttar Pradesh PC-48,Uttar Pradesh District 12,Health Sub-Centre Upgrade,"Health Sub-Centre Upgrade near Govt School #938, Uttar Pradesh PC-48",PWD Division,989287,2024-12-25,Completed,2025-05-24,False,
W000313,MP0048,Arun Iyer,Uttar Pradesh,Uttar Pradesh PC-48,Uttar Pradesh District 12,Health Sub-Centre Upgrade,"Health Sub-Centre Upgrade near Community Centre #311, Uttar Pradesh PC-48",District Rural Dev. Agency,811428,2024-08-10,Completed,2025-02-27,False,
W000314,MP0048,Arun Iyer,Uttar Pradesh,Uttar Pradesh PC-48,Uttar Pradesh District 12,Health Sub-Centre Upgrade,"Health Sub-Centre Upgrade in Ward 12 #169, Uttar Pradesh PC-48",Rural Engineering Services,1004941,2025-06-07,Completed,2025-10-23,False,
W000315,MP0048,Arun Iyer,Uttar Pradesh,Uttar Pradesh PC-48,Uttar Pradesh District 12,School Building/Classroom,"School Building/Classroom near Panchayat Bhavan #481, Uttar Pradesh PC-48",Zilla Panchayat,1394592,2026-04-27,Ongoing,,False,
W000316,MP0048,Arun Iyer,Uttar Pradesh,Uttar Pradesh PC-48,Uttar Pradesh District 12,Irrigation Canal,"Irrigation Canal near Primary Health Centre #655, Uttar Pradesh PC-48",Rural Engineering Services,2429895,2026-01-15,Completed,2026-05-31,False,
W000317,MP0048,Arun Iyer,Uttar Pradesh,Uttar Pradesh PC-48,Uttar Pradesh District 12,Health Sub-Centre Upgrade,"Health Sub-Centre Upgrade in Sector 4 #666, Uttar Pradesh PC-48",State Electricity Board,848408,2025-08-11,Completed,2026-01-28,False,
W000318,MP0048,Arun Iyer,Uttar Pradesh,Uttar Pradesh PC-48,Uttar Pradesh District 12,Streetlight Installation,"Streetlight Installation near Community Centre #722, Uttar Pradesh PC-48",Rural Engineering Services,300000,2024-06-26,Ongoing,,True,stuck_ongoing
W000319,MP0049,Vijay Deshmukh,Uttar Pradesh,Uttar Pradesh PC-49,Uttar Pradesh District 13,Drainage/Sewage,"Drainage/Sewage in Ward 7 #825, Uttar Pradesh PC-49",Block Development Office,794680,2025-01-03,Completed,2025-04-09,False,
W000320,MP0049,Vijay Deshmukh,Uttar Pradesh,Uttar Pradesh PC-49,Uttar Pradesh District 13,Drainage/Sewage,"Drainage/Sewage at Village Entry Point #329, Uttar Pradesh PC-49",District Rural Dev. Agency,767833,2025-06-15,Completed,2025-09-07,False,
W000321,MP0049,Vijay Deshmukh,Uttar Pradesh,Uttar Pradesh PC-49,Uttar Pradesh District 13,Anganwadi Centre,"Anganwadi Centre near Temple Road #88, Uttar Pradesh PC-49",State Electricity Board,702349,2024-08-21,Completed,2024-10-31,False,
W000322,MP0049,Vijay Deshmukh,Uttar Pradesh,Uttar Pradesh PC-49,Uttar Pradesh District 13,Streetlight Installation,"Streetlight Installation in Sector 4 #59, Uttar Pradesh PC-49",Municipal Corporation,319981,2026-01-31,Completed,2026-03-14,False,
W000323,MP0049,Vijay Deshmukh,Uttar Pradesh,Uttar Pradesh PC-49,Uttar Pradesh District 13,Drinking Water Supply,"Drinking Water Supply near Primary Health Centre #354, Uttar Pradesh PC-49",District Rural Dev. Agency,1015658,2025-11-09,Completed,2026-01-17,False,
W000324,MP0049,Vijay Deshmukh,Uttar Pradesh,Uttar Pradesh PC-49,Uttar Pradesh District 13,Public Toilet Complex,"Public Toilet Complex near Govt School #74, Uttar Pradesh PC-49",PWD Division,435548,2025-03-29,Completed,2025-05-17,False,
W000325,MP0049,Vijay Deshmukh,Uttar Pradesh,Uttar Pradesh PC-49,Uttar Pradesh District 13,Drainage/Sewage,"Drainage/Sewage at Main Chowk #875, Uttar Pradesh PC-49",State Water Board,764518,2025-08-04,Completed,2025-11-14,False,
W000326,MP0050,Ramesh Das,Uttar Pradesh,Uttar Pradesh PC-50,Uttar Pradesh District 13,Streetlight Installation,"Streetlight Installation near Panchayat Bhavan #811, Uttar Pradesh PC-50",Municipal Corporation,256838,2026-01-31,Completed,2026-03-09,False,
W000327,MP0050,Ramesh Das,Uttar Pradesh,Uttar Pradesh PC-50,Uttar Pradesh District 13,Irrigation Canal,"Irrigation Canal near Bus Stand #916, Uttar Pradesh PC-50",Municipal Corporation,2234088,2025-02-13,Completed,2025-07-31,False,
W000328,MP0050,Ramesh Das,Uttar Pradesh,Uttar Pradesh PC-50,Uttar Pradesh District 13,Irrigation Canal,"Irrigation Canal near Panchayat Bhavan #219, Uttar Pradesh PC-50",State Water Board,2101915,2025-08-12,Completed,2026-03-09,False,
W000329,MP0050,Ramesh Das,Uttar Pradesh,Uttar Pradesh PC-50,Uttar Pradesh District 13,Irrigation Canal,"Irrigation Canal at Colony Gate #688, Uttar Pradesh PC-50",Zilla Panchayat,1753031,2026-03-10,Ongoing,,False,
W000330,MP0050,Ramesh Das,Uttar Pradesh,Uttar Pradesh PC-50,Uttar Pradesh District 13,Drinking Water Supply,"Drinking Water Supply near Community Centre #847, Uttar Pradesh PC-50",Zilla Panchayat,769170,2025-09-03,Completed,2025-12-14,False,
W000331,MP0050,Ramesh Das,Uttar Pradesh,Uttar Pradesh PC-50,Uttar Pradesh District 13,School Building/Classroom,"School Building/Classroom near Bus Depot #496, Uttar Pradesh PC-50",State Electricity Board,1895735,2025-06-30,Completed,2025-12-08,False,
W000332,MP0050,Ramesh Das,Uttar Pradesh,Uttar Pradesh PC-50,Uttar Pradesh District 13,Anganwadi Centre,"Anganwadi Centre near Bus Depot #169, Uttar Pradesh PC-50",Municipal Corporation,638224,2026-02-15,Completed,2026-04-21,False,
W000333,MP0051,Manoj Barman,Uttar Pradesh,Uttar Pradesh PC-51,Uttar Pradesh District 13,Road Construction/Repair,"Road Construction/Repair near Railway Crossing #577, Uttar Pradesh PC-51",Municipal Corporation,1138629,2024-09-24,Completed,2025-03-23,False,
W000334,MP0051,Manoj Barman,Uttar Pradesh,Uttar Pradesh PC-51,Uttar Pradesh District 13,Anganwadi Centre,"Anganwadi Centre at Colony Gate #429, Uttar Pradesh PC-51",State Water Board,506929,2025-04-13,Completed,2025-07-05,False,
W000335,MP0051,Manoj Barman,Uttar Pradesh,Uttar Pradesh PC-51,Uttar Pradesh District 13,Drinking Water Supply,"Drinking Water Supply at Market Road #30, Uttar Pradesh PC-51",Municipal Corporation,890133,2025-06-28,Completed,2025-10-29,False,
W000336,MP0051,Manoj Barman,Uttar Pradesh,Uttar Pradesh PC-51,Uttar Pradesh District 13,Road Construction/Repair,"Road Construction/Repair near Railway Crossing #829, Uttar Pradesh PC-51",PWD Division,1134012,2026-07-12,Ongoing,,False,
W000337,MP0051,Manoj Barman,Uttar Pradesh,Uttar Pradesh PC-51,Uttar Pradesh District 13,Drinking Water Supply,"Drinking Water Supply near Bus Depot #148, Uttar Pradesh PC-51",State Electricity Board,839962,2025-11-10,Completed,2026-02-03,False,
W000338,MP0051,Manoj Barman,Uttar Pradesh,Uttar Pradesh PC-51,Uttar Pradesh District 13,Road Construction/Repair,"Road Construction/Repair near Temple Road #347, Uttar Pradesh PC-51",Rural Engineering Services,1403314,2026-01-01,Completed,2026-06-13,False,
W000339,MP0051,Manoj Barman,Uttar Pradesh,Uttar Pradesh PC-51,Uttar Pradesh District 13,Drinking Water Supply,"Drinking Water Supply near Railway Crossing #539, Uttar Pradesh PC-51",District Rural Dev. Agency,1012770,2025-07-27,Completed,2025-09-28,False,
W000340,MP0051,Manoj Barman,Uttar Pradesh,Uttar Pradesh PC-51,Uttar Pradesh District 13,Irrigation Canal,"Irrigation Canal in Sector 4 #433, Uttar Pradesh PC-51",Rural Engineering Services,1536568,2025-11-07,Completed,2026-06-02,False,
W000341,MP0051,Manoj Barman,Uttar Pradesh,Uttar Pradesh PC-51,Uttar Pradesh District 13,Drainage/Sewage,"Drainage/Sewage in Sector 4 #848, Uttar Pradesh PC-51",PWD Division,807653,2025-12-26,Completed,2026-03-28,False,
W000342,MP0052,Ravi Reddy,Uttar Pradesh,Uttar Pradesh PC-52,Uttar Pradesh District 13,Irrigation Canal,"Irrigation Canal at Market Road #671, Uttar Pradesh PC-52",State Water Board,1295520,2025-04-28,Completed,2025-11-14,False,
W000343,MP0052,Ravi Reddy,Uttar Pradesh,Uttar Pradesh PC-52,Uttar Pradesh District 13,Anganwadi Centre,"Anganwadi Centre near Railway Crossing #731, Uttar Pradesh PC-52",Zilla Panchayat,619573,2025-03-09,Completed,2025-06-12,False,
W000344,MP0052,Ravi Reddy,Uttar Pradesh,Uttar Pradesh PC-52,Uttar Pradesh District 13,Drainage/Sewage,"Drainage/Sewage near Bus Stand #42, Uttar Pradesh PC-52",Municipal Corporation,707192,2025-04-14,Completed,2025-05-24,False,
W000345,MP0052,Ravi Reddy,Uttar Pradesh,Uttar Pradesh PC-52,Uttar Pradesh District 13,Health Sub-Centre Upgrade,"Health Sub-Centre Upgrade at Ward 3 #112, Uttar Pradesh PC-52",Block Development Office,807086,2025-10-28,Completed,2026-05-01,False,
W000346,MP0052,Ravi Reddy,Uttar Pradesh,Uttar Pradesh PC-52,Uttar Pradesh District 13,Road Construction/Repair,"Road Construction/Repair near Panchayat Bhavan #487, Uttar Pradesh PC-52",PWD Division,1121186,2025-01-13,Completed,2025-05-18,False,
W000347,MP0052,Ravi Reddy,Uttar Pradesh,Uttar Pradesh PC-52,Uttar Pradesh District 13,Public Toilet Complex,"Public Toilet Complex in Ward 12 #642, Uttar Pradesh PC-52",PWD Division,352327,2025-01-31,Completed,2025-03-17,False,
W000348,MP0053,Deepak Rao,Uttar Pradesh,Uttar Pradesh PC-53,Uttar Pradesh District 14,Public Toilet Complex,"Public Toilet Complex near Panchayat Bhavan #649, Uttar Pradesh PC-53",Zilla Panchayat,325332,2024-12-21,Completed,2025-02-07,False,
W000349,MP0053,Deepak Rao,Uttar Pradesh,Uttar Pradesh PC-53,Uttar Pradesh District 14,Anganwadi Centre,"Anganwadi Centre at Main Chowk #891, Uttar Pradesh PC-53",Municipal Corporation,546015,2025-07-14,Completed,2025-10-16,False,
W000350,MP0053,Deepak Rao,Uttar Pradesh,Uttar Pradesh PC-53,Uttar Pradesh District 14,Road Construction/Repair,"Road Construction/Repair at Main Chowk #672, Uttar Pradesh PC-53",Block Development Office,1045700,2025-06-06,Completed,2025-10-08,False,
W000351,MP0053,Deepak Rao,Uttar Pradesh,Uttar Pradesh PC-53,Uttar Pradesh District 14,Road Construction/Repair,"Road Construction/Repair near Primary Health Centre #576, Uttar Pradesh PC-53",District Rural Dev. Agency,1186140,2025-08-08,Completed,2025-12-29,False,
W000352,MP0053,Deepak Rao,Uttar Pradesh,Uttar Pradesh PC-53,Uttar Pradesh District 14,Drainage/Sewage,"Drainage/Sewage in Ward 7 #327, Uttar Pradesh PC-53",State Water Board,983889,2026-04-13,Completed,2026-07-08,False,
W000353,MP0053,Deepak Rao,Uttar Pradesh,Uttar Pradesh PC-53,Uttar Pradesh District 14,Road Construction/Repair,"Road Construction/Repair at Ward 3 #535, Uttar Pradesh PC-53",Block Development Office,1453669,2025-12-28,Completed,2026-06-21,False,
W000354,MP0053,Deepak Rao,Uttar Pradesh,Uttar Pradesh PC-53,Uttar Pradesh District 14,Road Construction/Repair,"Road Construction/Repair near Temple Road #590, Uttar Pradesh PC-53",Zilla Panchayat,1312863,2026-05-17,Ongoing,,False,
W000355,MP0053,Deepak Rao,Uttar Pradesh,Uttar Pradesh PC-53,Uttar Pradesh District 14,Health Sub-Centre Upgrade,"Health Sub-Centre Upgrade near Bus Stand #397, Uttar Pradesh PC-53",State Electricity Board,730480,2025-01-21,Completed,2025-07-10,False,
W000356,MP0053,Deepak Rao,Uttar Pradesh,Uttar Pradesh PC-53,Uttar Pradesh District 14,Public Toilet Complex,"Public Toilet Complex near Bus Depot #562, Uttar Pradesh PC-53",Municipal Corporation,358832,2026-06-23,Completed,2026-08-17,False,
W000357,MP0053,Deepak Rao,Uttar Pradesh,Uttar Pradesh PC-53,Uttar Pradesh District 14,Community Hall,"Community Hall near Govt School #438, Uttar Pradesh PC-53",Municipal Corporation,2000000,2024-06-29,Ongoing,,True,stuck_ongoing
W000358,MP0054,Sunita Bhattacharya,Uttar Pradesh,Uttar Pradesh PC-54,Uttar Pradesh District 14,Road Construction/Repair,"Road Construction/Repair near Bus Stand #125, Uttar Pradesh PC-54",Zilla Panchayat,1146632,2024-11-06,Completed,2025-06-03,False,
W000359,MP0054,Sunita Bhattacharya,Uttar Pradesh,Uttar Pradesh PC-54,Uttar Pradesh District 14,School Building/Classroom,"School Building/Classroom near Govt School #583, Uttar Pradesh PC-54",State Electricity Board,1423778,2025-10-22,Completed,2026-04-17,False,
W000360,MP0054,Sunita Bhattacharya,Uttar Pradesh,Uttar Pradesh PC-54,Uttar Pradesh District 14,Community Hall,"Community Hall in Ward 7 #375, Uttar Pradesh PC-54",State Electricity Board,1763126,2025-08-03,Completed,2026-02-06,False,
W000361,MP0054,Sunita Bhattacharya,Uttar Pradesh,Uttar Pradesh PC-54,Uttar Pradesh District 14,School Building/Classroom,"School Building/Classroom in Sector 4 #644, Uttar Pradesh PC-54",Zilla Panchayat,1597365,2026-05-14,Ongoing,,False,
W000362,MP0055,Kishore Singh,Uttar Pradesh,Uttar Pradesh PC-55,Uttar Pradesh District 14,Anganwadi Centre,"Anganwadi Centre at Ward 3 #12, Uttar Pradesh PC-55",State Water Board,572256,2025-12-10,Completed,2026-04-01,False,
W000363,MP0055,Kishore Singh,Uttar Pradesh,Uttar Pradesh PC-55,Uttar Pradesh District 14,Road Construction/Repair,"Road Construction/Repair near Bus Stand #320, Uttar Pradesh PC-55",PWD Division,1055936,2025-08-07,Completed,2025-12-11,False,
W000364,MP0055,Kishore Singh,Uttar Pradesh,Uttar Pradesh PC-55,Uttar Pradesh District 14,Public Toilet Complex,"Public Toilet Complex near Bus Depot #324, Uttar Pradesh PC-55",Municipal Corporation,447347,2026-06-25,Completed,2026-08-22,False,
W000365,MP0055,Kishore Singh,Uttar Pradesh,Uttar Pradesh PC-55,Uttar Pradesh District 14,Streetlight Installation,"Streetlight Installation near Bus Depot #149, Uttar Pradesh PC-55",State Electricity Board,184366,2025-06-08,Completed,2025-08-02,False,
W000366,MP0055,Kishore Singh,Uttar Pradesh,Uttar Pradesh PC-55,Uttar Pradesh District 14,Drinking Water Supply,"Drinking Water Supply in Ward 7 #428, Uttar Pradesh PC-55",District Rural Dev. Agency,883129,2024-11-07,Completed,2025-01-23,False,
W000367,MP0055,Kishore Singh,Uttar Pradesh,Uttar Pradesh PC-55,Uttar Pradesh District 14,Anganwadi Centre,"Anganwadi Centre at Colony Gate #968, Uttar Pradesh PC-55",Block Development Office,590672,2026-05-30,Ongoing,,False,
W000368,MP0055,Kishore Singh,Uttar Pradesh,Uttar Pradesh PC-55,Uttar Pradesh District 14,Drainage/Sewage,"Drainage/Sewage in Sector 4 #637, Uttar Pradesh PC-55",District Rural Dev. Agency,634915,2025-02-28,Completed,2025-06-27,False,
W000369,MP0056,Vinod Gaikwad,Uttar Pradesh,Uttar Pradesh PC-56,Uttar Pradesh District 14,Public Toilet Complex,"Public Toilet Complex near Govt School #616, Uttar Pradesh PC-56",District Rural Dev. Agency,363951,2025-06-04,Completed,2025-08-29,False,
W000370,MP0056,Vinod Gaikwad,Uttar Pradesh,Uttar Pradesh PC-56,Uttar Pradesh District 14,Drainage/Sewage,"Drainage/Sewage at Village Entry Point #702, Uttar Pradesh PC-56",Block Development Office,728908,2024-11-23,Completed,2025-03-01,False,
W000371,MP0056,Vinod Gaikwad,Uttar Pradesh,Uttar Pradesh PC-56,Uttar Pradesh District 14,Health Sub-Centre Upgrade,"Health Sub-Centre Upgrade at Colony Gate #291, Uttar Pradesh PC-56",Rural Engineering Services,1091746,2026-03-02,Ongoing,,False,
W000372,MP0056,Vinod Gaikwad,Uttar Pradesh,Uttar Pradesh PC-56,Uttar Pradesh District 14,Road Construction/Repair,"Road Construction/Repair near Community Centre #275, Uttar Pradesh PC-56",District Rural Dev. Agency,1424562,2026-02-23,Ongoing,,False,
W000373,MP0056,Vinod Gaikwad,Uttar Pradesh,Uttar Pradesh PC-56,Uttar Pradesh District 14,Health Sub-Centre Upgrade,"Health Sub-Centre Upgrade at Ward 3 #145, Uttar Pradesh PC-56",Municipal Corporation,975723,2025-10-15,Completed,2026-04-14,False,
W000374,MP0056,Vinod Gaikwad,Uttar Pradesh,Uttar Pradesh PC-56,Uttar Pradesh District 14,Public Toilet Complex,"Public Toilet Complex near Community Centre #999, Uttar Pradesh PC-56",Municipal Corporation,474238,2026-06-15,Ongoing,,False,
W000375,MP0056,Vinod Gaikwad,Uttar Pradesh,Uttar Pradesh PC-56,Uttar Pradesh District 14,Irrigation Canal,"Irrigation Canal at Market Road #553, Uttar Pradesh PC-56",State Electricity Board,2116412,2026-02-04,Completed,2026-08-26,False,
W000376,MP0056,Vinod Gaikwad,Uttar Pradesh,Uttar Pradesh PC-56,Uttar Pradesh District 14,Irrigation Canal,"Irrigation Canal in Ward 12 #206, Uttar Pradesh PC-56",State Electricity Board,1628002,2026-01-11,Ongoing,,False,
W000377,MP0056,Vinod Gaikwad,Uttar Pradesh,Uttar Pradesh PC-56,Uttar Pradesh District 14,Community Hall,"Community Hall at Ward 3 #477, Uttar Pradesh PC-56",State Water Board,2347502,2025-01-01,Completed,2025-08-18,False,
W000378,MP0057,Kishore Banerjee,Uttar Pradesh,Uttar Pradesh PC-57,Uttar Pradesh District 15,Public Toilet Complex,"Public Toilet Complex in Ward 12 #90, Uttar Pradesh PC-57",PWD Division,424156,2025-04-13,Completed,2025-06-11,False,
W000379,MP0057,Kishore Banerjee,Uttar Pradesh,Uttar Pradesh PC-57,Uttar Pradesh District 15,Irrigation Canal,"Irrigation Canal near Bus Stand #594, Uttar Pradesh PC-57",District Rural Dev. Agency,2395359,2025-02-03,Completed,2025-06-27,False,
W000380,MP0057,Kishore Banerjee,Uttar Pradesh,Uttar Pradesh PC-57,Uttar Pradesh District 15,Irrigation Canal,"Irrigation Canal near Railway Crossing #489, Uttar Pradesh PC-57",State Water Board,1838160,2025-12-02,Ongoing,,False,
W000381,MP0057,Kishore Banerjee,Uttar Pradesh,Uttar Pradesh PC-57,Uttar Pradesh District 15,Irrigation Canal,"Irrigation Canal near Panchayat Bhavan #95, Uttar Pradesh PC-57",Rural Engineering Services,1466524,2025-06-16,Completed,2025-11-27,False,
W000382,MP0057,Kishore Banerjee,Uttar Pradesh,Uttar Pradesh PC-57,Uttar Pradesh District 15,School Building/Classroom,"School Building/Classroom at Market Road #368, Uttar Pradesh PC-57",State Water Board,1790607,2025-07-31,Completed,2026-02-01,False,
W000383,MP0057,Kishore Banerjee,Uttar Pradesh,Uttar Pradesh PC-57,Uttar Pradesh District 15,Health Sub-Centre Upgrade,"Health Sub-Centre Upgrade at Village Entry Point #506, Uttar Pradesh PC-57",Municipal Corporation,1097836,2026-01-26,Completed,2026-08-10,False,
W000384,MP0058,Shobha Iyer,Uttar Pradesh,Uttar Pradesh PC-58,Uttar Pradesh District 15,Streetlight Installation,"Streetlight Installation near Bus Stand #612, Uttar Pradesh PC-58",State Electricity Board,327513,2025-08-29,Completed,2025-10-10,False,
W000385,MP0058,Shobha Iyer,Uttar Pradesh,Uttar Pradesh PC-58,Uttar Pradesh District 15,Road Construction/Repair,"Road Construction/Repair near Community Centre #22, Uttar Pradesh PC-58",District Rural Dev. Agency,1136684,2025-12-04,Completed,2026-04-17,False,
W000386,MP0058,Shobha Iyer,Uttar Pradesh,Uttar Pradesh PC-58,Uttar Pradesh District 15,Drinking Water Supply,"Drinking Water Supply near Panchayat Bhavan #887, Uttar Pradesh PC-58",PWD Division,850762,2024-06-29,Completed,2024-09-11,False,
W000387,MP0058,Shobha Iyer,Uttar Pradesh,Uttar Pradesh PC-58,Uttar Pradesh District 15,Public Toilet Complex,"Public Toilet Complex near Panchayat Bhavan #798, Uttar Pradesh PC-58",State Electricity Board,443125,2025-02-08,Completed,2025-04-15,False,
W000388,MP0059,Arun Sharma,Uttar Pradesh,Uttar Pradesh PC-59,Uttar Pradesh District 15,Anganwadi Centre,"Anganwadi Centre near Community Centre #347, Uttar Pradesh PC-59",Municipal Corporation,680535,2025-07-04,Completed,2025-10-03,False,
W000389,MP0059,Arun Sharma,Uttar Pradesh,Uttar Pradesh PC-59,Uttar Pradesh District 15,Community Hall,"Community Hall in Ward 12 #86, Uttar Pradesh PC-59",Municipal Corporation,2104146,2026-07-12,Ongoing,,False,
W000390,MP0059,Arun Sharma,Uttar Pradesh,Uttar Pradesh PC-59,Uttar Pradesh District 15,Road Construction/Repair,"Road Construction/Repair at Ward 3 #892, Uttar Pradesh PC-59",PWD Division,918071,2025-10-22,Completed,2026-04-22,False,
W000391,MP0059,Arun Sharma,Uttar Pradesh,Uttar Pradesh PC-59,Uttar Pradesh District 15,Anganwadi Centre,"Anganwadi Centre near Bus Stand #656, Uttar Pradesh PC-59",State Electricity Board,565796,2025-05-07,Completed,2025-07-30,False,
W000392,MP0060,Deepak Pillai,Uttar Pradesh,Uttar Pradesh PC-60,Uttar Pradesh District 15,Drinking Water Supply,"Drinking Water Supply near Railway Crossing #657, Uttar Pradesh PC-60",State Water Board,701040,2025-01-26,Completed,2025-05-30,False,
W000393,MP0060,Deepak Pillai,Uttar Pradesh,Uttar Pradesh PC-60,Uttar Pradesh District 15,Drinking Water Supply,"Drinking Water Supply in Ward 7 #164, Uttar Pradesh PC-60",Block Development Office,715088,2025-08-09,Completed,2025-11-05,False,
W000394,MP0060,Deepak Pillai,Uttar Pradesh,Uttar Pradesh PC-60,Uttar Pradesh District 15,Streetlight Installation,"Streetlight Installation at Village Entry Point #965, Uttar Pradesh PC-60",Rural Engineering Services,357485,2024-12-20,Completed,2025-02-02,False,
W000395,MP0060,Deepak Pillai,Uttar Pradesh,Uttar Pradesh PC-60,Uttar Pradesh District 15,Drainage/Sewage,"Drainage/Sewage at Ward 3 #927, Uttar Pradesh PC-60",District Rural Dev. Agency,566185,2024-11-04,Completed,2025-02-11,False,
W000396,MP0060,Deepak Pillai,Uttar Pradesh,Uttar Pradesh PC-60,Uttar Pradesh District 15,Drainage/Sewage,"Drainage/Sewage at Ward 3 #104, Uttar Pradesh PC-60",State Electricity Board,3506061,2026-06-27,Sanctioned,,True,cost_outlier
W000397,MP0061,Dinesh Gupta,Uttar Pradesh,Uttar Pradesh PC-61,Uttar Pradesh District 16,Streetlight Installation,"Streetlight Installation near Panchayat Bhavan #306, Uttar Pradesh PC-61",PWD Division,311149,2026-02-11,Completed,2026-04-11,False,
W000398,MP0061,Dinesh Gupta,Uttar Pradesh,Uttar Pradesh PC-61,Uttar Pradesh District 16,Public Toilet Complex,"Public Toilet Complex at Main Chowk #381, Uttar Pradesh PC-61",State Electricity Board,373482,2025-01-28,Completed,2025-03-19,False,
W000399,MP0061,Dinesh Gupta,Uttar Pradesh,Uttar Pradesh PC-61,Uttar Pradesh District 16,Drainage/Sewage,"Drainage/Sewage at Main Chowk #389, Uttar Pradesh PC-61",Block Development Office,482725,2025-10-20,Completed,2026-02-18,False,
W000400,MP0061,Dinesh Gupta,Uttar Pradesh,Uttar Pradesh PC-61,Uttar Pradesh District 16,School Building/Classroom,"School Building/Classroom at Village Entry Point #937, Uttar Pradesh PC-61",State Electricity Board,1746632,2025-07-21,Completed,2026-01-22,False,
W000401,MP0061,Dinesh Gupta,Uttar Pradesh,Uttar Pradesh PC-61,Uttar Pradesh District 16,Road Construction/Repair,"Road Construction/Repair near Panchayat Bhavan #161, Uttar Pradesh PC-61",State Electricity Board,1359782,2025-05-30,Completed,2025-12-03,False,
W000402,MP0062,Rajesh Bhattacharya,Uttar Pradesh,Uttar Pradesh PC-62,Uttar Pradesh District 16,Drinking Water Supply,"Drinking Water Supply near Primary Health Centre #981, Uttar Pradesh PC-62",District Rural Dev. Agency,882719,2025-08-22,Completed,2025-12-02,False,
W000403,MP0062,Rajesh Bhattacharya,Uttar Pradesh,Uttar Pradesh PC-62,Uttar Pradesh District 16,Drinking Water Supply,"Drinking Water Supply near Govt School #464, Uttar Pradesh PC-62",Block Development Office,1061979,2025-07-04,Completed,2025-10-16,False,
W000404,MP0062,Rajesh Bhattacharya,Uttar Pradesh,Uttar Pradesh PC-62,Uttar Pradesh District 16,Streetlight Installation,"Streetlight Installation at Village Entry Point #644, Uttar Pradesh PC-62",District Rural Dev. Agency,280320,2025-11-12,Completed,2026-01-03,False,
W000405,MP0062,Rajesh Bhattacharya,Uttar Pradesh,Uttar Pradesh PC-62,Uttar Pradesh District 16,Streetlight Installation,"Streetlight Installation near Railway Crossing #59, Uttar Pradesh PC-62",Municipal Corporation,338799,2025-06-29,Completed,2025-08-11,False,
W000406,MP0062,Rajesh Bhattacharya,Uttar Pradesh,Uttar Pradesh PC-62,Uttar Pradesh District 16,School Building/Classroom,"School Building/Classroom near Primary Health Centre #153, Uttar Pradesh PC-62",State Electricity Board,1440974,2025-07-22,Completed,2026-02-08,False,
W000407,MP0063,Raj Iyer,Uttar Pradesh,Uttar Pradesh PC-63,Uttar Pradesh District 16,Community Hall,"Community Hall near Govt School #860, Uttar Pradesh PC-63",Municipal Corporation,1640917,2025-06-17,Completed,2026-01-19,False,
W000408,MP0063,Raj Iyer,Uttar Pradesh,Uttar Pradesh PC-63,Uttar Pradesh District 16,Drainage/Sewage,"Drainage/Sewage in Ward 7 #112, Uttar Pradesh PC-63",District Rural Dev. Agency,531271,2024-09-24,Completed,2024-12-09,False,
W000409,MP0063,Raj Iyer,Uttar Pradesh,Uttar Pradesh PC-63,Uttar Pradesh District 16,Streetlight Installation,"Streetlight Installation near Bus Depot #526, Uttar Pradesh PC-63",State Electricity Board,288668,2025-12-30,Completed,2026-02-17,False,
W000410,MP0063,Raj Iyer,Uttar Pradesh,Uttar Pradesh PC-63,Uttar Pradesh District 16,Road Construction/Repair,"Road Construction/Repair near Bus Depot #123, Uttar Pradesh PC-63",Rural Engineering Services,1237069,2025-09-12,Completed,2026-02-08,False,
W000411,MP0063,Raj Iyer,Uttar Pradesh,Uttar Pradesh PC-63,Uttar Pradesh District 16,Drainage/Sewage,"Drainage/Sewage at Market Road #268, Uttar Pradesh PC-63",Rural Engineering Services,645213,2026-04-18,Completed,2026-07-19,False,
W000412,MP0063,Raj Iyer,Uttar Pradesh,Uttar Pradesh PC-63,Uttar Pradesh District 16,Community Hall,"Community Hall at Main Chowk #426, Uttar Pradesh PC-63",Rural Engineering Services,2124861,2026-03-01,Completed,2026-06-28,False,
W000413,MP0063,Raj Iyer,Uttar Pradesh,Uttar Pradesh PC-63,Uttar Pradesh District 16,School Building/Classroom,"School Building/Classroom in Sector 4 #148, Uttar Pradesh PC-63",PWD Division,1566395,2026-03-21,Ongoing,,False,
W000414,MP0064,Lata Mehta,Uttar Pradesh,Uttar Pradesh PC-64,Uttar Pradesh District 16,Anganwadi Centre,"Anganwadi Centre near Primary Health Centre #809, Uttar Pradesh PC-64",District Rural Dev. Agency,532024,2026-01-25,Completed,2026-05-06,False,
W000415,MP0064,Lata Mehta,Uttar Pradesh,Uttar Pradesh PC-64,Uttar Pradesh District 16,Irrigation Canal,"Irrigation Canal in Ward 7 #369, Uttar Pradesh PC-64",State Water Board,1860925,2026-03-27,Ongoing,,False,
W000416,MP0064,Lata Mehta,Uttar Pradesh,Uttar Pradesh PC-64,Uttar Pradesh District 16,Health Sub-Centre Upgrade,"Health Sub-Centre Upgrade near Temple Road #224, Uttar Pradesh PC-64",PWD Division,1065829,2026-05-04,Ongoing,,False,
W000417,MP0064,Lata Mehta,Uttar Pradesh,Uttar Pradesh PC-64,Uttar Pradesh District 16,Drainage/Sewage,"Drainage/Sewage near Primary Health Centre #535, Uttar Pradesh PC-64",Municipal Corporation,652444,2026-01-11,Completed,2026-03-12,False,
W000418,MP0065,Lata Yadav,Uttar Pradesh,Uttar Pradesh PC-65,Uttar Pradesh District 17,School Building/Classroom,"School Building/Classroom near Bus Stand #911, Uttar Pradesh PC-65",Rural Engineering Services,1451417,2025-04-22,Completed,2025-12-16,False,
W000419,MP0065,Lata Yadav,Uttar Pradesh,Uttar Pradesh PC-65,Uttar Pradesh District 17,Public Toilet Complex,"Public Toilet Complex near Community Centre #141, Uttar Pradesh PC-65",State Electricity Board,470079,2025-12-27,Completed,2026-02-14,False,
W000420,MP0065,Lata Yadav,Uttar Pradesh,Uttar Pradesh PC-65,Uttar Pradesh District 17,Public Toilet Complex,"Public Toilet Complex in Sector 4 #68, Uttar Pradesh PC-65",Rural Engineering Services,498211,2024-08-15,Completed,2024-10-03,False,
W000421,MP0065,Lata Yadav,Uttar Pradesh,Uttar Pradesh PC-65,Uttar Pradesh District 17,Irrigation Canal,"Irrigation Canal at Ward 3 #356, Uttar Pradesh PC-65",Block Development Office,1580150,2025-11-04,Completed,2026-07-27,False,
W000422,MP0065,Lata Yadav,Uttar Pradesh,Uttar Pradesh PC-65,Uttar Pradesh District 17,Streetlight Installation,"Streetlight Installation near Bus Depot #420, Uttar Pradesh PC-65",State Water Board,341647,2025-02-10,Completed,2025-03-26,False,
W000423,MP0065,Lata Yadav,Uttar Pradesh,Uttar Pradesh PC-65,Uttar Pradesh District 17,Anganwadi Centre,"Anganwadi Centre near Community Centre #577, Uttar Pradesh PC-65",Municipal Corporation,607542,2025-07-22,Completed,2025-10-12,False,
W000424,MP0065,Lata Yadav,Uttar Pradesh,Uttar Pradesh PC-65,Uttar Pradesh District 17,Streetlight Installation,"Streetlight Installation in Ward 7 #589, Uttar Pradesh PC-65",PWD Division,386048,2024-11-06,Completed,2024-12-24,False,
W000425,MP0065,Lata Yadav,Uttar Pradesh,Uttar Pradesh PC-65,Uttar Pradesh District 17,Public Toilet Complex,"Public Toilet Complex at Market Road #457, Uttar Pradesh PC-65",PWD Division,361235,2025-09-07,Completed,2025-10-23,False,
W000426,MP0065,Lata Yadav,Uttar Pradesh,Uttar Pradesh PC-65,Uttar Pradesh District 17,Irrigation Canal,"Irrigation Canal at Main Chowk #366, Uttar Pradesh PC-65",Zilla Panchayat,1416240,2026-03-22,Ongoing,,False,
W000427,MP0066,Mahesh Joshi,Uttar Pradesh,Uttar Pradesh PC-66,Uttar Pradesh District 17,Health Sub-Centre Upgrade,"Health Sub-Centre Upgrade in Sector 4 #977, Uttar Pradesh PC-66",PWD Division,1102922,2026-03-22,Ongoing,,False,
W000428,MP0066,Mahesh Joshi,Uttar Pradesh,Uttar Pradesh PC-66,Uttar Pradesh District 17,Anganwadi Centre,"Anganwadi Centre near Govt School #551, Uttar Pradesh PC-66",State Electricity Board,631185,2025-10-29,Completed,2026-01-22,False,
W000429,MP0066,Mahesh Joshi,Uttar Pradesh,Uttar Pradesh PC-66,Uttar Pradesh District 17,School Building/Classroom,"School Building/Classroom at Village Entry Point #230, Uttar Pradesh PC-66",PWD Division,1500476,2025-11-11,Completed,2026-04-25,False,
W000430,MP0066,Mahesh Joshi,Uttar Pradesh,Uttar Pradesh PC-66,Uttar Pradesh District 17,Public Toilet Complex,"Public Toilet Complex in Ward 7 #257, Uttar Pradesh PC-66",Municipal Corporation,519480,2025-12-30,Completed,2026-03-03,False,
W000431,MP0066,Mahesh Joshi,Uttar Pradesh,Uttar Pradesh PC-66,Uttar Pradesh District 17,Irrigation Canal,"Irrigation Canal near Govt School #716, Uttar Pradesh PC-66",PWD Division,2081672,2025-03-23,Completed,2025-11-12,False,
W000432,MP0066,Mahesh Joshi,Uttar Pradesh,Uttar Pradesh PC-66,Uttar Pradesh District 17,Community Hall,"Community Hall near Govt School #653, Uttar Pradesh PC-66",State Water Board,2270521,2024-07-24,Completed,2025-02-16,False,
W000433,MP0067,Ashok Rathore,Uttar Pradesh,Uttar Pradesh PC-67,Uttar Pradesh District 17,Community Hall,"Community Hall at Main Chowk #97, Uttar Pradesh PC-67",State Electricity Board,1739410,2024-12-30,Completed,2025-06-06,False,
W000434,MP0067,Ashok Rathore,Uttar Pradesh,Uttar Pradesh PC-67,Uttar Pradesh District 17,School Building/Classroom,"School Building/Classroom near Community Centre #506, Uttar Pradesh PC-67",PWD Division,1088036,2026-01-24,Completed,2026-07-17,False,
W000435,MP0067,Ashok Rathore,Uttar Pradesh,Uttar Pradesh PC-67,Uttar Pradesh District 17,Public Toilet Complex,"Public Toilet Complex at Main Chowk #416, Uttar Pradesh PC-67",State Water Board,457241,2025-07-14,Completed,2025-08-23,False,
W000436,MP0067,Ashok Rathore,Uttar Pradesh,Uttar Pradesh PC-67,Uttar Pradesh District 17,School Building/Classroom,"School Building/Classroom at Village Entry Point #587, Uttar Pradesh PC-67",Rural Engineering Services,1887939,2025-09-12,Completed,2026-03-20,False,
W000437,MP0067,Ashok Rathore,Uttar Pradesh,Uttar Pradesh PC-67,Uttar Pradesh District 17,Anganwadi Centre,"Anganwadi Centre in Ward 7 #19, Uttar Pradesh PC-67",Block Development Office,498239,2024-07-22,Completed,2024-10-02,False,
W000438,MP0067,Ashok Rathore,Uttar Pradesh,Uttar Pradesh PC-67,Uttar Pradesh District 17,Health Sub-Centre Upgrade,"Health Sub-Centre Upgrade at Ward 3 #964, Uttar Pradesh PC-67",Block Development Office,1068936,2025-11-17,Completed,2026-07-22,False,
W000439,MP0067,Ashok Rathore,Uttar Pradesh,Uttar Pradesh PC-67,Uttar Pradesh District 17,Road Construction/Repair,"Road Construction/Repair near Railway Crossing #859, Uttar Pradesh PC-67",District Rural Dev. Agency,1141543,2025-10-05,Completed,2026-03-15,False,
W000440,MP0067,Ashok Rathore,Uttar Pradesh,Uttar Pradesh PC-67,Uttar Pradesh District 17,Streetlight Installation,"Streetlight Installation near Railway Crossing #868, Uttar Pradesh PC-67",Block Development Office,316517,2025-12-21,Completed,2026-02-08,False,
W000441,MP0068,Sunita Sharma,Uttar Pradesh,Uttar Pradesh PC-68,Uttar Pradesh District 17,Irrigation Canal,"Irrigation Canal at Market Road #256, Uttar Pradesh PC-68",Municipal Corporation,1980180,2026-03-25,Ongoing,,False,
W000442,MP0068,Sunita Sharma,Uttar Pradesh,Uttar Pradesh PC-68,Uttar Pradesh District 17,Health Sub-Centre Upgrade,"Health Sub-Centre Upgrade at Market Road #192, Uttar Pradesh PC-68",PWD Division,897793,2024-10-18,Completed,2025-01-26,False,
W000443,MP0068,Sunita Sharma,Uttar Pradesh,Uttar Pradesh PC-68,Uttar Pradesh District 17,Drinking Water Supply,"Drinking Water Supply near Temple Road #686, Uttar Pradesh PC-68",District Rural Dev. Agency,611588,2026-03-30,Completed,2026-06-17,False,
W000444,MP0068,Sunita Sharma,Uttar Pradesh,Uttar Pradesh PC-68,Uttar Pradesh District 17,Road Construction/Repair,"Road Construction/Repair near Primary Health Centre #407, Uttar Pradesh PC-68",Rural Engineering Services,905571,2025-07-02,Completed,2026-01-08,False,
W000445,MP0068,Sunita Sharma,Uttar Pradesh,Uttar Pradesh PC-68,Uttar Pradesh District 17,Anganwadi Centre,"Anganwadi Centre at Ward 3 #657, Uttar Pradesh PC-68",PWD Division,567442,2025-12-25,Completed,2026-03-31,False,
W000446,MP0068,Sunita Sharma,Uttar Pradesh,Uttar Pradesh PC-68,Uttar Pradesh District 17,Public Toilet Complex,"Public Toilet Complex near Community Centre #826, Uttar Pradesh PC-68",State Water Board,285905,2025-08-03,Completed,2025-10-13,False,
W000447,MP0069,Kishore Pandey,Uttar Pradesh,Uttar Pradesh PC-69,Uttar Pradesh District 18,Drinking Water Supply,"Drinking Water Supply at Main Chowk #445, Uttar Pradesh PC-69",State Water Board,845126,2025-12-13,Completed,2026-03-03,False,
W000448,MP0069,Kishore Pandey,Uttar Pradesh,Uttar Pradesh PC-69,Uttar Pradesh District 18,Community Hall,"Community Hall in Sector 4 #356, Uttar Pradesh PC-69",PWD Division,2183603,2025-07-07,Completed,2026-01-11,False,
W000449,MP0069,Kishore Pandey,Uttar Pradesh,Uttar Pradesh PC-69,Uttar Pradesh District 18,School Building/Classroom,"School Building/Classroom at Ward 3 #980, Uttar Pradesh PC-69",Zilla Panchayat,1890565,2025-11-12,Completed,2026-05-04,False,
W000450,MP0069,Kishore Pandey,Uttar Pradesh,Uttar Pradesh PC-69,Uttar Pradesh District 18,Irrigation Canal,"Irrigation Canal near Bus Stand #547, Uttar Pradesh PC-69",State Water Board,1742509,2025-03-24,Completed,2025-10-05,False,
W000451,MP0069,Kishore Pandey,Uttar Pradesh,Uttar Pradesh PC-69,Uttar Pradesh District 18,School Building/Classroom,"School Building/Classroom at Main Chowk #524, Uttar Pradesh PC-69",State Electricity Board,1335919,2026-03-26,Ongoing,,False,
W000452,MP0069,Kishore Pandey,Uttar Pradesh,Uttar Pradesh PC-69,Uttar Pradesh District 18,School Building/Classroom,"School Building/Classroom near Temple Road #281, Uttar Pradesh PC-69",State Water Board,1212810,2025-04-14,Completed,2025-10-22,False,
W000453,MP0069,Kishore Pandey,Uttar Pradesh,Uttar Pradesh PC-69,Uttar Pradesh District 18,Community Hall,"Community Hall in Sector 4 #625, Uttar Pradesh PC-69",Zilla Panchayat,2079132,2025-03-03,Completed,2025-07-29,False,
W000454,MP0069,Kishore Pandey,Uttar Pradesh,Uttar Pradesh PC-69,Uttar Pradesh District 18,Public Toilet Complex,"Public Toilet Complex in Ward 12 #728, Uttar Pradesh PC-69",Rural Engineering Services,405512,2024-12-02,Completed,2025-01-28,False,
W000455,MP0070,Kiran Verma,Uttar Pradesh,Uttar Pradesh PC-70,Uttar Pradesh District 18,Drainage/Sewage,"Drainage/Sewage near Bus Depot #32, Uttar Pradesh PC-70",State Electricity Board,833892,2025-07-22,Completed,2025-10-17,False,
W000456,MP0070,Kiran Verma,Uttar Pradesh,Uttar Pradesh PC-70,Uttar Pradesh District 18,Community Hall,"Community Hall at Village Entry Point #560, Uttar Pradesh PC-70",District Rural Dev. Agency,1489695,2025-07-05,Completed,2026-03-05,False,
W000457,MP0070,Kiran Verma,Uttar Pradesh,Uttar Pradesh PC-70,Uttar Pradesh District 18,Health Sub-Centre Upgrade,"Health Sub-Centre Upgrade near Govt School #167, Uttar Pradesh PC-70",Block Development Office,1137164,2025-01-14,Completed,2025-06-29,False,
W000458,MP0070,Kiran Verma,Uttar Pradesh,Uttar Pradesh PC-70,Uttar Pradesh District 18,Community Hall,"Community Hall near Railway Crossing #292, Uttar Pradesh PC-70",District Rural Dev. Agency,2322263,2024-11-24,Completed,2025-08-09,False,
W000459,MP0070,Kiran Verma,Uttar Pradesh,Uttar Pradesh PC-70,Uttar Pradesh District 18,Community Hall,"Community Hall at Ward 3 #163, Uttar Pradesh PC-70",State Water Board,2122600,2024-12-04,Completed,2025-07-26,False,
W000460,MP0070,Kiran Verma,Uttar Pradesh,Uttar Pradesh PC-70,Uttar Pradesh District 18,Irrigation Canal,"Irrigation Canal at Market Road #64, Uttar Pradesh PC-70",Zilla Panchayat,1903111,2025-01-11,Completed,2025-08-19,False,
W000461,MP0070,Kiran Verma,Uttar Pradesh,Uttar Pradesh PC-70,Uttar Pradesh District 18,Irrigation Canal,"Irrigation Canal at Colony Gate #782, Uttar Pradesh PC-70",Block Development Office,2055395,2025-08-13,Completed,2026-01-23,False,
W000462,MP0070,Kiran Verma,Uttar Pradesh,Uttar Pradesh PC-70,Uttar Pradesh District 18,Drinking Water Supply,"Drinking Water Supply near Primary Health Centre #685, Uttar Pradesh PC-70",Rural Engineering Services,877191,2025-07-28,Completed,2025-11-08,False,
W000463,MP0071,Deepak Rathore,Uttar Pradesh,Uttar Pradesh PC-71,Uttar Pradesh District 18,Community Hall,"Community Hall at Main Chowk #762, Uttar Pradesh PC-71",State Water Board,1700247,2025-05-27,Completed,2026-01-05,False,
W000464,MP0071,Deepak Rathore,Uttar Pradesh,Uttar Pradesh PC-71,Uttar Pradesh District 18,Anganwadi Centre,"Anganwadi Centre near Primary Health Centre #106, Uttar Pradesh PC-71",State Water Board,610026,2024-12-06,Completed,2025-04-19,False,
W000465,MP0071,Deepak Rathore,Uttar Pradesh,Uttar Pradesh PC-71,Uttar Pradesh District 18,Road Construction/Repair,"Road Construction/Repair at Main Chowk #986, Uttar Pradesh PC-71",Block Development Office,1234737,2025-10-08,Completed,2026-02-19,False,
W000466,MP0071,Deepak Rathore,Uttar Pradesh,Uttar Pradesh PC-71,Uttar Pradesh District 18,Public Toilet Complex,"Public Toilet Complex near Temple Road #287, Uttar Pradesh PC-71",Municipal Corporation,411363,2025-01-19,Completed,2025-03-29,False,
W000467,MP0071,Deepak Rathore,Uttar Pradesh,Uttar Pradesh PC-71,Uttar Pradesh District 18,Public Toilet Complex,"Public Toilet Complex in Ward 12 #710, Uttar Pradesh PC-71",Zilla Panchayat,376402,2026-01-24,Completed,2026-03-27,False,
W000468,MP0071,Deepak Rathore,Uttar Pradesh,Uttar Pradesh PC-71,Uttar Pradesh District 18,Anganwadi Centre,"Anganwadi Centre at Market Road #401, Uttar Pradesh PC-71",State Water Board,646893,2025-04-05,Completed,2025-06-21,False,
W000469,MP0071,Deepak Rathore,Uttar Pradesh,Uttar Pradesh PC-71,Uttar Pradesh District 18,Irrigation Canal,"Irrigation Canal near Railway Crossing #764, Uttar Pradesh PC-71",Block Development Office,1575877,2025-03-08,Completed,2025-09-15,False,
W000470,MP0071,Deepak Rathore,Uttar Pradesh,Uttar Pradesh PC-71,Uttar Pradesh District 18,Anganwadi Centre,"Anganwadi Centre at Colony Gate #550, Uttar Pradesh PC-71",Block Development Office,669655,2026-04-23,Completed,2026-07-18,False,
W000471,MP0071,Deepak Rathore,Uttar Pradesh,Uttar Pradesh PC-71,Uttar Pradesh District 18,Drainage/Sewage,"Drainage/Sewage near Temple Road #596, Uttar Pradesh PC-71",Municipal Corporation,834010,2026-03-09,Completed,2026-07-09,False,
W000472,MP0072,Mahesh Roy,Uttar Pradesh,Uttar Pradesh PC-72,Uttar Pradesh District 18,Streetlight Installation,"Streetlight Installation near Railway Crossing #437, Uttar Pradesh PC-72",Rural Engineering Services,289614,2025-07-30,Completed,2025-09-09,False,
W000473,MP0072,Mahesh Roy,Uttar Pradesh,Uttar Pradesh PC-72,Uttar Pradesh District 18,Road Construction/Repair,"Road Construction/Repair at Ward 3 #918, Uttar Pradesh PC-72",PWD Division,1581185,2026-01-29,Completed,2026-07-12,False,
W000474,MP0072,Mahesh Roy,Uttar Pradesh,Uttar Pradesh PC-72,Uttar Pradesh District 18,Anganwadi Centre,"Anganwadi Centre in Sector 4 #448, Uttar Pradesh PC-72",State Water Board,710623,2026-01-09,Completed,2026-04-03,False,
W000475,MP0072,Mahesh Roy,Uttar Pradesh,Uttar Pradesh PC-72,Uttar Pradesh District 18,Irrigation Canal,"Irrigation Canal in Ward 12 #42, Uttar Pradesh PC-72",Block Development Office,2134085,2025-12-30,Completed,2026-07-17,False,
W000476,MP0072,Mahesh Roy,Uttar Pradesh,Uttar Pradesh PC-72,Uttar Pradesh District 18,Public Toilet Complex,"Public Toilet Complex at Colony Gate #693, Uttar Pradesh PC-72",District Rural Dev. Agency,399637,2025-05-17,Completed,2025-07-26,False,
W000477,MP0072,Mahesh Roy,Uttar Pradesh,Uttar Pradesh PC-72,Uttar Pradesh District 18,Drinking Water Supply,"Drinking Water Supply at Main Chowk #513, Uttar Pradesh PC-72",Rural Engineering Services,649141,2025-10-30,Completed,2026-02-11,False,
W000478,MP0073,Anil Roy,Uttar Pradesh,Uttar Pradesh PC-73,Uttar Pradesh District 19,Public Toilet Complex,"Public Toilet Complex near Panchayat Bhavan #499, Uttar Pradesh PC-73",Municipal Corporation,440987,2024-07-04,Completed,2024-08-25,False,
W000479,MP0073,Anil Roy,Uttar Pradesh,Uttar Pradesh PC-73,Uttar Pradesh District 19,Health Sub-Centre Upgrade,"Health Sub-Centre Upgrade near Railway Crossing #765, Uttar Pradesh PC-73",State Electricity Board,1132616,2024-11-22,Completed,2025-05-26,False,
W000480,MP0073,Anil Roy,Uttar Pradesh,Uttar Pradesh PC-73,Uttar Pradesh District 19,Drinking Water Supply,"Drinking Water Supply at Market Road #77, Uttar Pradesh PC-73",Municipal Corporation,718862,2024-12-14,Completed,2025-03-13,False,
W000481,MP0073,Anil Roy,Uttar Pradesh,Uttar Pradesh PC-73,Uttar Pradesh District 19,Drainage/Sewage,"Drainage/Sewage at Main Chowk #302, Uttar Pradesh PC-73",Municipal Corporation,683876,2026-01-02,Completed,2026-04-29,False,
W000482,MP0073,Anil Roy,Uttar Pradesh,Uttar Pradesh PC-73,Uttar Pradesh District 19,Streetlight Installation,"Streetlight Installation in Ward 7 #836, Uttar Pradesh PC-73",Block Development Office,254369,2026-03-22,Completed,2026-05-11,False,
W000483,MP0073,Anil Roy,Uttar Pradesh,Uttar Pradesh PC-73,Uttar Pradesh District 19,Irrigation Canal,"Irrigation Canal near Panchayat Bhavan #423, Uttar Pradesh PC-73",Rural Engineering Services,1590689,2026-06-15,Ongoing,,False,
W000484,MP0073,Anil Roy,Uttar Pradesh,Uttar Pradesh PC-73,Uttar Pradesh District 19,School Building/Classroom,"School Building/Classroom at Main Chowk #647, Uttar Pradesh PC-73",PWD Division,1134095,2025-06-07,Completed,2025-09-21,False,
W000485,MP0073,Anil Roy,Uttar Pradesh,Uttar Pradesh PC-73,Uttar Pradesh District 19,Road Construction/Repair,"Road Construction/Repair near Govt School #807, Uttar Pradesh PC-73",Block Development Office,1146067,2026-07-17,Ongoing,,False,
W000486,MP0073,Anil Roy,Uttar Pradesh,Uttar Pradesh PC-73,Uttar Pradesh District 19,Drainage/Sewage,"Drainage/Sewage near Govt School #202, Uttar Pradesh PC-73",PWD Division,2880081,2024-10-09,Sanctioned,,True,cost_outlier
W000487,MP0074,Ashish Kumar,Uttar Pradesh,Uttar Pradesh PC-74,Uttar Pradesh District 19,Anganwadi Centre,"Anganwadi Centre near Primary Health Centre #421, Uttar Pradesh PC-74",State Water Board,657118,2025-01-17,Completed,2025-04-21,False,
W000488,MP0074,Ashish Kumar,Uttar Pradesh,Uttar Pradesh PC-74,Uttar Pradesh District 19,Public Toilet Complex,"Public Toilet Complex near Primary Health Centre #778, Uttar Pradesh PC-74",Zilla Panchayat,216742,2025-02-28,Completed,2025-04-30,False,
W000489,MP0074,Ashish Kumar,Uttar Pradesh,Uttar Pradesh PC-74,Uttar Pradesh District 19,Irrigation Canal,"Irrigation Canal near Govt School #103, Uttar Pradesh PC-74",Zilla Panchayat,1512470,2026-03-28,Ongoing,,False,
W000490,MP0074,Ashish Kumar,Uttar Pradesh,Uttar Pradesh PC-74,Uttar Pradesh District 19,Drinking Water Supply,"Drinking Water Supply near Bus Depot #628, Uttar Pradesh PC-74",Municipal Corporation,689765,2025-03-06,Completed,2025-07-06,False,
W000491,MP0074,Ashish Kumar,Uttar Pradesh,Uttar Pradesh PC-74,Uttar Pradesh District 19,Health Sub-Centre Upgrade,"Health Sub-Centre Upgrade near Govt School #593, Uttar Pradesh PC-74",PWD Division,962601,2025-04-30,Completed,2025-10-09,False,
W000492,MP0075,Ravi Barman,Uttar Pradesh,Uttar Pradesh PC-75,Uttar Pradesh District 19,Community Hall,"Community Hall near Community Centre #274, Uttar Pradesh PC-75",District Rural Dev. Agency,2035137,2024-12-25,Completed,2025-10-06,False,
W000493,MP0075,Ravi Barman,Uttar Pradesh,Uttar Pradesh PC-75,Uttar Pradesh District 19,Drinking Water Supply,"Drinking Water Supply at Market Road #639, Uttar Pradesh PC-75",Zilla Panchayat,843985,2025-02-17,Completed,2025-05-14,False,
W000494,MP0075,Ravi Barman,Uttar Pradesh,Uttar Pradesh PC-75,Uttar Pradesh District 19,Health Sub-Centre Upgrade,"Health Sub-Centre Upgrade at Ward 3 #406, Uttar Pradesh PC-75",PWD Division,1211263,2025-06-21,Completed,2025-10-21,False,
W000495,MP0075,Ravi Barman,Uttar Pradesh,Uttar Pradesh PC-75,Uttar Pradesh District 19,Public Toilet Complex,"Public Toilet Complex at Colony Gate #245, Uttar Pradesh PC-75",PWD Division,341614,2026-02-25,Completed,2026-04-30,False,
W000496,MP0075,Ravi Barman,Uttar Pradesh,Uttar Pradesh PC-75,Uttar Pradesh District 19,Community Hall,"Community Hall at Ward 3 #164, Uttar Pradesh PC-75",Rural Engineering Services,1853811,2026-02-15,Ongoing,,False,
W000497,MP0075,Ravi Barman,Uttar Pradesh,Uttar Pradesh PC-75,Uttar Pradesh District 19,Public Toilet Complex,"Public Toilet Complex near Railway Crossing #888, Uttar Pradesh PC-75",Municipal Corporation,377044,2026-06-03,Completed,2026-08-07,False,
W000498,MP0075,Ravi Barman,Uttar Pradesh,Uttar Pradesh PC-75,Uttar Pradesh District 19,Anganwadi Centre,"Anganwadi Centre near Temple Road #984, Uttar Pradesh PC-75",State Water Board,616961,2024-10-11,Completed,2025-01-12,False,
W000499,MP0075,Ravi Barman,Uttar Pradesh,Uttar Pradesh PC-75,Uttar Pradesh District 19,Anganwadi Centre,"Anganwadi Centre at Village Entry Point #692, Uttar Pradesh PC-75",Zilla Panchayat,544426,2026-02-02,Completed,2026-05-21,False,
W000500,MP0075,Ravi Barman,Uttar Pradesh,Uttar Pradesh PC-75,Uttar Pradesh District 19,Public Toilet Complex,"Public Toilet Complex near Temple Road #897, Uttar Pradesh PC-75",Rural Engineering Services,499500,2025-03-03,Completed,2025-05-03,False,
W000501,MP0076,Vikram Nair,Uttar Pradesh,Uttar Pradesh PC-76,Uttar Pradesh District 19,Community Hall,"Community Hall in Ward 7 #389, Uttar Pradesh PC-76",Zilla Panchayat,2000863,2026-01-27,Completed,2026-07-14,False,
W000502,MP0076,Vikram Nair,Uttar Pradesh,Uttar Pradesh PC-76,Uttar Pradesh District 19,School Building/Classroom,"School Building/Classroom in Sector 4 #372, Uttar Pradesh PC-76",PWD Division,1381237,2024-11-09,Completed,2025-05-28,False,
W000503,MP0076,Vikram Nair,Uttar Pradesh,Uttar Pradesh PC-76,Uttar Pradesh District 19,Drinking Water Supply,"Drinking Water Supply in Ward 12 #667, Uttar Pradesh PC-76",District Rural Dev. Agency,702589,2025-04-13,Completed,2025-06-20,False,
W000504,MP0076,Vikram Nair,Uttar Pradesh,Uttar Pradesh PC-76,Uttar Pradesh District 19,Drinking Water Supply,"Drinking Water Supply near Temple Road #360, Uttar Pradesh PC-76",Zilla Panchayat,910090,2025-11-10,Completed,2026-01-25,False,
W000505,MP0077,Manoj Mondal,Uttar Pradesh,Uttar Pradesh PC-77,Uttar Pradesh District 20,Community Hall,"Community Hall in Sector 4 #447, Uttar Pradesh PC-77",State Electricity Board,1808427,2025-10-03,Completed,2026-05-30,False,
W000506,MP0077,Manoj Mondal,Uttar Pradesh,Uttar Pradesh PC-77,Uttar Pradesh District 20,Road Construction/Repair,"Road Construction/Repair near Govt School #160, Uttar Pradesh PC-77",State Water Board,1142979,2025-10-22,Completed,2026-03-20,False,
W000507,MP0077,Manoj Mondal,Uttar Pradesh,Uttar Pradesh PC-77,Uttar Pradesh District 20,Community Hall,"Community Hall near Bus Stand #558, Uttar Pradesh PC-77",Municipal Corporation,2428302,2025-03-05,Completed,2026-01-02,False,
W000508,MP0077,Manoj Mondal,Uttar Pradesh,Uttar Pradesh PC-77,Uttar Pradesh District 20,School Building/Classroom,"School Building/Classroom at Colony Gate #825, Uttar Pradesh PC-77",State Electricity Board,1617158,2025-07-20,Completed,2026-02-09,False,
W000509,MP0077,Manoj Mondal,Uttar Pradesh,Uttar Pradesh PC-77,Uttar Pradesh District 20,Community Hall,"Community Hall at Market Road #740, Uttar Pradesh PC-77",Municipal Corporation,1403963,2026-03-25,Completed,2026-08-23,False,
W000510,MP0077,Manoj Mondal,Uttar Pradesh,Uttar Pradesh PC-77,Uttar Pradesh District 20,Health Sub-Centre Upgrade,"Health Sub-Centre Upgrade near Panchayat Bhavan #305, Uttar Pradesh PC-77",Block Development Office,981732,2026-05-02,Ongoing,,False,
W000511,MP0077,Manoj Mondal,Uttar Pradesh,Uttar Pradesh PC-77,Uttar Pradesh District 20,Anganwadi Centre,"Anganwadi Centre at Village Entry Point #692, Uttar Pradesh PC-77",Rural Engineering Services,662450,2024-12-28,Completed,2025-03-27,False,
W000512,MP0077,Manoj Mondal,Uttar Pradesh,Uttar Pradesh PC-77,Uttar Pradesh District 20,Public Toilet Complex,"Public Toilet Complex at Village Entry Point #414, Uttar Pradesh PC-77",District Rural Dev. Agency,400000,2025-10-24,Completed,2025-10-30,True,impossible_speed
W000513,MP0078,Arun Chauhan,Uttar Pradesh,Uttar Pradesh PC-78,Uttar Pradesh District 20,Irrigation Canal,"Irrigation Canal near Primary Health Centre #126, Uttar Pradesh PC-78",Rural Engineering Services,2238990,2025-05-12,Completed,2025-10-08,False,
W000514,MP0078,Arun Chauhan,Uttar Pradesh,Uttar Pradesh PC-78,Uttar Pradesh District 20,Irrigation Canal,"Irrigation Canal near Community Centre #754, Uttar Pradesh PC-78",Zilla Panchayat,1694441,2026-02-28,Ongoing,,False,
W000515,MP0078,Arun Chauhan,Uttar Pradesh,Uttar Pradesh PC-78,Uttar Pradesh District 20,Health Sub-Centre Upgrade,"Health Sub-Centre Upgrade near Primary Health Centre #400, Uttar Pradesh PC-78",PWD Division,977415,2025-07-10,Completed,2025-12-14,False,
W000516,MP0078,Arun Chauhan,Uttar Pradesh,Uttar Pradesh PC-78,Uttar Pradesh District 20,Drinking Water Supply,"Drinking Water Supply at Village Entry Point #679, Uttar Pradesh PC-78",Municipal Corporation,895245,2025-04-07,Completed,2025-07-05,False,
W000517,MP0078,Arun Chauhan,Uttar Pradesh,Uttar Pradesh PC-78,Uttar Pradesh District 20,Drinking Water Supply,"Drinking Water Supply at Market Road #777, Uttar Pradesh PC-78",Zilla Panchayat,1046057,2026-01-29,Completed,2026-03-29,False,
W000518,MP0078,Arun Chauhan,Uttar Pradesh,Uttar Pradesh PC-78,Uttar Pradesh District 20,Drainage/Sewage,"Drainage/Sewage near Bus Stand #91, Uttar Pradesh PC-78",Rural Engineering Services,739836,2025-05-22,Completed,2025-10-04,False,
W000519,MP0078,Arun Chauhan,Uttar Pradesh,Uttar Pradesh PC-78,Uttar Pradesh District 20,Community Hall,"Community Hall near Primary Health Centre #409, Uttar Pradesh PC-78",State Water Board,2096033,2025-05-17,Completed,2025-11-02,False,
W000520,MP0078,Arun Chauhan,Uttar Pradesh,Uttar Pradesh PC-78,Uttar Pradesh District 20,Drainage/Sewage,"Drainage/Sewage in Ward 12 #476, Uttar Pradesh PC-78",District Rural Dev. Agency,647961,2025-01-30,Completed,2025-05-18,False,
W000521,MP0079,Anita Bhattacharya,Uttar Pradesh,Uttar Pradesh PC-79,Uttar Pradesh District 20,School Building/Classroom,"School Building/Classroom in Ward 7 #696, Uttar Pradesh PC-79",State Water Board,1400626,2025-04-24,Completed,2025-08-18,False,
W000522,MP0079,Anita Bhattacharya,Uttar Pradesh,Uttar Pradesh PC-79,Uttar Pradesh District 20,Streetlight Installation,"Streetlight Installation near Govt School #717, Uttar Pradesh PC-79",Block Development Office,383354,2026-06-09,Completed,2026-07-20,False,
W000523,MP0079,Anita Bhattacharya,Uttar Pradesh,Uttar Pradesh PC-79,Uttar Pradesh District 20,Anganwadi Centre,"Anganwadi Centre in Ward 12 #644, Uttar Pradesh PC-79",Rural Engineering Services,622489,2025-08-24,Completed,2025-10-30,False,
W000524,MP0079,Anita Bhattacharya,Uttar Pradesh,Uttar Pradesh PC-79,Uttar Pradesh District 20,Drinking Water Supply,"Drinking Water Supply in Sector 4 #935, Uttar Pradesh PC-79",Municipal Corporation,805697,2025-03-05,Completed,2025-04-24,False,
W000525,MP0079,Anita Bhattacharya,Uttar Pradesh,Uttar Pradesh PC-79,Uttar Pradesh District 20,Public Toilet Complex,"Public Toilet Complex at Ward 3 #624, Uttar Pradesh PC-79",Rural Engineering Services,339953,2025-03-31,Completed,2025-06-10,False,
W000526,MP0079,Anita Bhattacharya,Uttar Pradesh,Uttar Pradesh PC-79,Uttar Pradesh District 20,School Building/Classroom,"School Building/Classroom near Panchayat Bhavan #160, Uttar Pradesh PC-79",Block Development Office,1493969,2024-12-22,Completed,2025-07-19,False,
W000527,MP0079,Anita Bhattacharya,Uttar Pradesh,Uttar Pradesh PC-79,Uttar Pradesh District 20,Health Sub-Centre Upgrade,"Health Sub-Centre Upgrade in Sector 4 #965, Uttar Pradesh PC-79",PWD Division,1037236,2024-12-20,Completed,2025-05-12,False,
W000528,MP0079,Anita Bhattacharya,Uttar Pradesh,Uttar Pradesh PC-79,Uttar Pradesh District 20,School Building/Classroom,"School Building/Classroom near Bus Depot #261, Uttar Pradesh PC-79",Rural Engineering Services,1549534,2025-03-18,Completed,2025-09-12,False,
W000529,MP0079,Anita Bhattacharya,Uttar Pradesh,Uttar Pradesh PC-79,Uttar Pradesh District 20,Health Sub-Centre Upgrade,"Health Sub-Centre Upgrade near Govt School #783, Uttar Pradesh PC-79",District Rural Dev. Agency,1120128,2024-07-16,Completed,2024-12-31,False,
W000530,MP0080,Meena Joshi,Uttar Pradesh,Uttar Pradesh PC-80,Uttar Pradesh District 20,Road Construction/Repair,"Road Construction/Repair at Village Entry Point #39, Uttar Pradesh PC-80",PWD Division,890260,2025-10-21,Completed,2026-03-02,False,
W000531,MP0080,Meena Joshi,Uttar Pradesh,Uttar Pradesh PC-80,Uttar Pradesh District 20,Streetlight Installation,"Streetlight Installation at Market Road #89, Uttar Pradesh PC-80",Rural Engineering Services,288717,2025-11-30,Completed,2026-01-13,False,
W000532,MP0080,Meena Joshi,Uttar Pradesh,Uttar Pradesh PC-80,Uttar Pradesh District 20,Health Sub-Centre Upgrade,"Health Sub-Centre Upgrade at Village Entry Point #93, Uttar Pradesh PC-80",Block Development Office,925154,2026-01-26,Completed,2026-07-18,False,
W000533,MP0080,Meena Joshi,Uttar Pradesh,Uttar Pradesh PC-80,Uttar Pradesh District 20,Streetlight Installation,"Streetlight Installation at Colony Gate #709, Uttar Pradesh PC-80",Block Development Office,353407,2025-12-08,Completed,2026-01-27,False,
W000534,MP0080,Meena Joshi,Uttar Pradesh,Uttar Pradesh PC-80,Uttar Pradesh District 20,Irrigation Canal,"Irrigation Canal at Ward 3 #693, Uttar Pradesh PC-80",State Electricity Board,1691315,2026-05-11,Ongoing,,False,
W000535,MP0080,Meena Joshi,Uttar Pradesh,Uttar Pradesh PC-80,Uttar Pradesh District 20,Community Hall,"Community Hall near Primary Health Centre #502, Uttar Pradesh PC-80",Block Development Office,1339371,2026-04-09,Ongoing,,False,
W000536,MP0081,Mahesh Deshmukh,Maharashtra,Maharashtra PC-1,Maharashtra District 1,Irrigation Canal,"Irrigation Canal in Ward 7 #993, Maharashtra PC-1",State Water Board,2005617,2025-10-22,Completed,2026-07-28,False,
W000537,MP0081,Mahesh Deshmukh,Maharashtra,Maharashtra PC-1,Maharashtra District 1,Community Hall,"Community Hall at Village Entry Point #173, Maharashtra PC-1",State Water Board,2501867,2025-09-29,Ongoing,,False,
W000538,MP0081,Mahesh Deshmukh,Maharashtra,Maharashtra PC-1,Maharashtra District 1,Streetlight Installation,"Streetlight Installation near Temple Road #652, Maharashtra PC-1",District Rural Dev. Agency,221105,2026-02-16,Completed,2026-03-30,False,
W000539,MP0081,Mahesh Deshmukh,Maharashtra,Maharashtra PC-1,Maharashtra District 1,Drainage/Sewage,"Drainage/Sewage near Primary Health Centre #499, Maharashtra PC-1",Municipal Corporation,708348,2025-08-13,Completed,2025-11-03,False,
W000540,MP0082,Ramesh Chatterjee,Maharashtra,Maharashtra PC-2,Maharashtra District 1,Community Hall,"Community Hall at Colony Gate #657, Maharashtra PC-2",PWD Division,2153098,2025-12-07,Completed,2026-07-07,False,
W000541,MP0082,Ramesh Chatterjee,Maharashtra,Maharashtra PC-2,Maharashtra District 1,Streetlight Installation,"Streetlight Installation near Primary Health Centre #146, Maharashtra PC-2",State Water Board,235071,2025-08-06,Completed,2025-09-24,False,
W000542,MP0082,Ramesh Chatterjee,Maharashtra,Maharashtra PC-2,Maharashtra District 1,Public Toilet Complex,"Public Toilet Complex near Railway Crossing #121, Maharashtra PC-2",Rural Engineering Services,312729,2025-04-20,Completed,2025-06-18,False,
W000543,MP0082,Ramesh Chatterjee,Maharashtra,Maharashtra PC-2,Maharashtra District 1,Irrigation Canal,"Irrigation Canal in Ward 7 #694, Maharashtra PC-2",Block Development Office,2145451,2026-06-10,Ongoing,,False,
W000544,MP0082,Ramesh Chatterjee,Maharashtra,Maharashtra PC-2,Maharashtra District 1,School Building/Classroom,"School Building/Classroom in Ward 12 #118, Maharashtra PC-2",State Electricity Board,1732389,2024-08-13,Completed,2024-12-31,False,
W000545,MP0083,Shobha Chatterjee,Maharashtra,Maharashtra PC-3,Maharashtra District 1,Streetlight Installation,"Streetlight Installation near Panchayat Bhavan #918, Maharashtra PC-3",State Electricity Board,296372,2025-02-22,Completed,2025-04-13,False,
W000546,MP0083,Shobha Chatterjee,Maharashtra,Maharashtra PC-3,Maharashtra District 1,Drainage/Sewage,"Drainage/Sewage near Panchayat Bhavan #317, Maharashtra PC-3",State Water Board,806904,2025-10-27,Completed,2026-02-15,False,
W000547,MP0083,Shobha Chatterjee,Maharashtra,Maharashtra PC-3,Maharashtra District 1,Anganwadi Centre,"Anganwadi Centre in Ward 7 #480, Maharashtra PC-3",Zilla Panchayat,505396,2026-04-12,Completed,2026-05-20,False,
W000548,MP0083,Shobha Chatterjee,Maharashtra,Maharashtra PC-3,Maharashtra District 1,Public Toilet Complex,"Public Toilet Complex in Sector 4 #74, Maharashtra PC-3",District Rural Dev. Agency,378989,2025-11-22,Completed,2026-01-16,False,
W000549,MP0083,Shobha Chatterjee,Maharashtra,Maharashtra PC-3,Maharashtra District 1,Anganwadi Centre,"Anganwadi Centre near Community Centre #112, Maharashtra PC-3",District Rural Dev. Agency,600000,2024-06-03,Ongoing,,True,stuck_ongoing
W000550,MP0084,Deepak Roy,Maharashtra,Maharashtra PC-4,Maharashtra District 1,Anganwadi Centre,"Anganwadi Centre near Bus Depot #557, Maharashtra PC-4",Block Development Office,647198,2025-08-24,Completed,2025-12-11,False,
W000551,MP0084,Deepak Roy,Maharashtra,Maharashtra PC-4,Maharashtra District 1,Streetlight Installation,"Streetlight Installation at Market Road #660, Maharashtra PC-4",PWD Division,268983,2026-02-28,Completed,2026-04-17,False,
W000552,MP0084,Deepak Roy,Maharashtra,Maharashtra PC-4,Maharashtra District 1,Drainage/Sewage,"Drainage/Sewage at Village Entry Point #766, Maharashtra PC-4",State Water Board,767281,2024-09-03,Completed,2024-11-29,False,
W000553,MP0084,Deepak Roy,Maharashtra,Maharashtra PC-4,Maharashtra District 1,Road Construction/Repair,"Road Construction/Repair in Ward 12 #304, Maharashtra PC-4",PWD Division,819270,2026-03-04,Completed,2026-07-24,False,
W000554,MP0084,Deepak Roy,Maharashtra,Maharashtra PC-4,Maharashtra District 1,Streetlight Installation,"Streetlight Installation in Ward 7 #737, Maharashtra PC-4",Municipal Corporation,353700,2025-02-22,Completed,2025-04-10,False,
W000555,MP0084,Deepak Roy,Maharashtra,Maharashtra PC-4,Maharashtra District 1,Drainage/Sewage,"Drainage/Sewage in Ward 12 #846, Maharashtra PC-4",District Rural Dev. Agency,880956,2025-07-23,Completed,2025-11-13,False,
W000556,MP0084,Deepak Roy,Maharashtra,Maharashtra PC-4,Maharashtra District 1,Streetlight Installation,"Streetlight Installation at Village Entry Point #565, Maharashtra PC-4",District Rural Dev. Agency,334677,2025-09-01,Completed,2025-10-05,False,
W000557,MP0084,Deepak Roy,Maharashtra,Maharashtra PC-4,Maharashtra District 1,Streetlight Installation,"Streetlight Installation at Village Entry Point #110, Maharashtra PC-4",State Water Board,354171,2025-10-25,Completed,2025-12-21,False,
W000558,MP0084,Deepak Roy,Maharashtra,Maharashtra PC-4,Maharashtra District 1,Public Toilet Complex,"Public Toilet Complex at Ward 3 #507, Maharashtra PC-4",Block Development Office,258038,2025-12-24,Completed,2026-02-25,False,
W000559,MP0085,Geeta Singh,Maharashtra,Maharashtra PC-5,Maharashtra District 2,School Building/Classroom,"School Building/Classroom near Bus Stand #233, Maharashtra PC-5",State Water Board,1593588,2025-06-04,Completed,2025-10-17,False,
W000560,MP0085,Geeta Singh,Maharashtra,Maharashtra PC-5,Maharashtra District 2,School Building/Classroom,"School Building/Classroom at Colony Gate #653, Maharashtra PC-5",Municipal Corporation,1404800,2026-01-28,Ongoing,,False,
W000561,MP0085,Geeta Singh,Maharashtra,Maharashtra PC-5,Maharashtra District 2,Health Sub-Centre Upgrade,"Health Sub-Centre Upgrade at Ward 3 #491, Maharashtra PC-5",Zilla Panchayat,923261,2024-10-23,Completed,2025-04-06,False,
W000562,MP0085,Geeta Singh,Maharashtra,Maharashtra PC-5,Maharashtra District 2,Community Hall,"Community Hall at Market Road #3, Maharashtra PC-5",Rural Engineering Services,2077514,2026-01-26,Ongoing,,False,
W000563,MP0085,Geeta Singh,Maharashtra,Maharashtra PC-5,Maharashtra District 2,Road Construction/Repair,"Road Construction/Repair near Primary Health Centre #678, Maharashtra PC-5",Block Development Office,1153225,2025-02-18,Completed,2025-08-14,False,
W000564,MP0085,Geeta Singh,Maharashtra,Maharashtra PC-5,Maharashtra District 2,Road Construction/Repair,"Road Construction/Repair near Railway Crossing #10, Maharashtra PC-5",Block Development Office,1386838,2025-12-23,Completed,2026-07-07,False,
W000565,MP0085,Geeta Singh,Maharashtra,Maharashtra PC-5,Maharashtra District 2,School Building/Classroom,"School Building/Classroom in Ward 12 #454, Maharashtra PC-5",Municipal Corporation,1768972,2025-04-30,Completed,2025-11-15,False,
W000566,MP0085,Geeta Singh,Maharashtra,Maharashtra PC-5,Maharashtra District 2,Public Toilet Complex,"Public Toilet Complex near Panchayat Bhavan #556, Maharashtra PC-5",District Rural Dev. Agency,465598,2026-02-22,Completed,2026-04-12,False,
W000567,MP0085,Geeta Singh,Maharashtra,Maharashtra PC-5,Maharashtra District 2,Streetlight Installation,"Streetlight Installation near Temple Road #931, Maharashtra PC-5",State Electricity Board,329251,2025-05-29,Completed,2025-07-05,False,
W000568,MP0086,Dinesh Verma,Maharashtra,Maharashtra PC-6,Maharashtra District 2,Health Sub-Centre Upgrade,"Health Sub-Centre Upgrade at Ward 3 #340, Maharashtra PC-6",Zilla Panchayat,1032727,2026-01-31,Completed,2026-07-14,False,
W000569,MP0086,Dinesh Verma,Maharashtra,Maharashtra PC-6,Maharashtra District 2,Public Toilet Complex,"Public Toilet Complex near Temple Road #493, Maharashtra PC-6",State Water Board,423616,2026-04-08,Completed,2026-05-28,False,
W000570,MP0086,Dinesh Verma,Maharashtra,Maharashtra PC-6,Maharashtra District 2,School Building/Classroom,"School Building/Classroom near Railway Crossing #649, Maharashtra PC-6",State Water Board,1779204,2024-11-22,Completed,2025-04-29,False,
W000571,MP0086,Dinesh Verma,Maharashtra,Maharashtra PC-6,Maharashtra District 2,Road Construction/Repair,"Road Construction/Repair at Village Entry Point #459, Maharashtra PC-6",Rural Engineering Services,1090342,2025-07-31,Completed,2025-12-09,False,
W000572,MP0086,Dinesh Verma,Maharashtra,Maharashtra PC-6,Maharashtra District 2,Drinking Water Supply,"Drinking Water Supply at Market Road #966, Maharashtra PC-6",Municipal Corporation,636873,2024-09-14,Completed,2024-12-17,False,
W000573,MP0087,Vijay Das,Maharashtra,Maharashtra PC-7,Maharashtra District 2,Community Hall,"Community Hall in Ward 12 #233, Maharashtra PC-7",State Electricity Board,1463541,2025-11-25,Completed,2026-05-17,False,
W000574,MP0087,Vijay Das,Maharashtra,Maharashtra PC-7,Maharashtra District 2,School Building/Classroom,"School Building/Classroom at Main Chowk #858, Maharashtra PC-7",Rural Engineering Services,1401752,2025-10-19,Completed,2026-05-20,False,
W000575,MP0087,Vijay Das,Maharashtra,Maharashtra PC-7,Maharashtra District 2,Drainage/Sewage,"Drainage/Sewage near Panchayat Bhavan #258, Maharashtra PC-7",Zilla Panchayat,616405,2025-11-21,Completed,2026-03-01,False,
W000576,MP0087,Vijay Das,Maharashtra,Maharashtra PC-7,Maharashtra District 2,Anganwadi Centre,"Anganwadi Centre at Colony Gate #587, Maharashtra PC-7",Rural Engineering Services,765954,2025-02-09,Completed,2025-05-09,False,
W000577,MP0087,Vijay Das,Maharashtra,Maharashtra PC-7,Maharashtra District 2,Drinking Water Supply,"Drinking Water Supply near Temple Road #820, Maharashtra PC-7",Zilla Panchayat,572244,2024-12-03,Completed,2025-02-28,False,
W000578,MP0087,Vijay Das,Maharashtra,Maharashtra PC-7,Maharashtra District 2,Anganwadi Centre,"Anganwadi Centre at Main Chowk #642, Maharashtra PC-7",Municipal Corporation,707305,2026-05-16,Ongoing,,False,
W000579,MP0087,Vijay Das,Maharashtra,Maharashtra PC-7,Maharashtra District 2,Irrigation Canal,"Irrigation Canal at Colony Gate #402, Maharashtra PC-7",Zilla Panchayat,1682789,2025-12-16,Completed,2026-08-09,False,
W000580,MP0087,Vijay Das,Maharashtra,Maharashtra PC-7,Maharashtra District 2,Irrigation Canal,"Irrigation Canal near Panchayat Bhavan #577, Maharashtra PC-7",Municipal Corporation,1706415,2026-04-23,Ongoing,,False,
W000581,MP0088,Raj Singh,Maharashtra,Maharashtra PC-8,Maharashtra District 2,School Building/Classroom,"School Building/Classroom at Ward 3 #49, Maharashtra PC-8",District Rural Dev. Agency,1888872,2025-08-20,Completed,2026-01-01,False,
W000582,MP0088,Raj Singh,Maharashtra,Maharashtra PC-8,Maharashtra District 2,Streetlight Installation,"Streetlight Installation near Govt School #979, Maharashtra PC-8",PWD Division,341829,2025-08-26,Completed,2025-10-08,False,
W000583,MP0088,Raj Singh,Maharashtra,Maharashtra PC-8,Maharashtra District 2,Community Hall,"Community Hall in Sector 4 #139, Maharashtra PC-8",State Electricity Board,1823008,2024-09-01,Completed,2025-03-03,False,
W000584,MP0088,Raj Singh,Maharashtra,Maharashtra PC-8,Maharashtra District 2,Health Sub-Centre Upgrade,"Health Sub-Centre Upgrade near Panchayat Bhavan #940, Maharashtra PC-8",Zilla Panchayat,1110114,2025-11-24,Completed,2026-05-15,False,
W000585,MP0089,Anil Das,Maharashtra,Maharashtra PC-9,Maharashtra District 3,School Building/Classroom,"School Building/Classroom near Railway Crossing #754, Maharashtra PC-9",District Rural Dev. Agency,1301138,2025-01-24,Completed,2025-07-31,False,
W000586,MP0089,Anil Das,Maharashtra,Maharashtra PC-9,Maharashtra District 3,Road Construction/Repair,"Road Construction/Repair at Main Chowk #526, Maharashtra PC-9",State Water Board,1380377,2025-07-22,Completed,2025-12-03,False,
W000587,MP0089,Anil Das,Maharashtra,Maharashtra PC-9,Maharashtra District 3,Irrigation Canal,"Irrigation Canal near Bus Depot #619, Maharashtra PC-9",District Rural Dev. Agency,1737139,2024-12-05,Completed,2025-06-11,False,
W000588,MP0089,Anil Das,Maharashtra,Maharashtra PC-9,Maharashtra District 3,Streetlight Installation,"Streetlight Installation at Market Road #823, Maharashtra PC-9",Zilla Panchayat,331404,2024-08-01,Completed,2024-09-29,False,
W000589,MP0089,Anil Das,Maharashtra,Maharashtra PC-9,Maharashtra District 3,Public Toilet Complex,"Public Toilet Complex at Ward 3 #692, Maharashtra PC-9",Zilla Panchayat,489661,2025-09-14,Completed,2025-11-07,False,
W000590,MP0089,Anil Das,Maharashtra,Maharashtra PC-9,Maharashtra District 3,Community Hall,"Community Hall at Market Road #458, Maharashtra PC-9",State Water Board,2414866,2025-05-22,Completed,2026-02-13,False,
W000591,MP0089,Anil Das,Maharashtra,Maharashtra PC-9,Maharashtra District 3,Drinking Water Supply,"Drinking Water Supply near Bus Depot #114, Maharashtra PC-9",PWD Division,800000,2024-06-26,Ongoing,,True,stuck_ongoing
W000592,MP0090,Dinesh Singh,Maharashtra,Maharashtra PC-10,Maharashtra District 3,Drainage/Sewage,"Drainage/Sewage near Primary Health Centre #297, Maharashtra PC-10",Municipal Corporation,817817,2025-04-29,Completed,2025-07-15,False,
W000593,MP0090,Dinesh Singh,Maharashtra,Maharashtra PC-10,Maharashtra District 3,Health Sub-Centre Upgrade,"Health Sub-Centre Upgrade near Community Centre #707, Maharashtra PC-10",Municipal Corporation,684454,2024-12-26,Completed,2025-05-28,False,
W000594,MP0090,Dinesh Singh,Maharashtra,Maharashtra PC-10,Maharashtra District 3,Drainage/Sewage,"Drainage/Sewage near Govt School #155, Maharashtra PC-10",State Electricity Board,839593,2025-12-23,Completed,2026-04-06,False,
W000595,MP0090,Dinesh Singh,Maharashtra,Maharashtra PC-10,Maharashtra District 3,Anganwadi Centre,"Anganwadi Centre at Ward 3 #37, Maharashtra PC-10",State Electricity Board,565308,2025-11-30,Completed,2026-03-03,False,
W000596,MP0090,Dinesh Singh,Maharashtra,Maharashtra PC-10,Maharashtra District 3,Anganwadi Centre,"Anganwadi Centre at Colony Gate #403, Maharashtra PC-10",Municipal Corporation,600000,2024-07-01,Ongoing,,True,stuck_ongoing
W000597,MP0091,Lata Roy,Maharashtra,Maharashtra PC-11,Maharashtra District 3,Public Toilet Complex,"Public Toilet Complex at Market Road #222, Maharashtra PC-11",Zilla Panchayat,410400,2026-03-29,Completed,2026-05-22,False,
W000598,MP0091,Lata Roy,Maharashtra,Maharashtra PC-11,Maharashtra District 3,Drainage/Sewage,"Drainage/Sewage at Ward 3 #839, Maharashtra PC-11",Municipal Corporation,722035,2026-02-06,Completed,2026-05-31,False,
W000599,MP0091,Lata Roy,Maharashtra,Maharashtra PC-11,Maharashtra District 3,Streetlight Installation,"Streetlight Installation near Railway Crossing #398, Maharashtra PC-11",State Electricity Board,328590,2026-02-05,Completed,2026-03-28,False,
W000600,MP0091,Lata Roy,Maharashtra,Maharashtra PC-11,Maharashtra District 3,Streetlight Installation,"Streetlight Installation near Govt School #496, Maharashtra PC-11",District Rural Dev. Agency,247032,2025-01-31,Completed,2025-04-02,False,
W000601,MP0091,Lata Roy,Maharashtra,Maharashtra PC-11,Maharashtra District 3,Streetlight Installation,"Streetlight Installation near Govt School #898, Maharashtra PC-11",Rural Engineering Services,299016,2025-05-25,Completed,2025-07-05,False,
W000602,MP0092,Poonam Barman,Maharashtra,Maharashtra PC-12,Maharashtra District 3,School Building/Classroom,"School Building/Classroom near Community Centre #66, Maharashtra PC-12",Municipal Corporation,1663488,2025-10-18,Completed,2026-02-22,False,
W000603,MP0092,Poonam Barman,Maharashtra,Maharashtra PC-12,Maharashtra District 3,Irrigation Canal,"Irrigation Canal at Market Road #541, Maharashtra PC-12",State Water Board,1892811,2025-07-02,Completed,2025-12-24,False,
W000604,MP0092,Poonam Barman,Maharashtra,Maharashtra PC-12,Maharashtra District 3,Public Toilet Complex,"Public Toilet Complex at Ward 3 #925, Maharashtra PC-12",Municipal Corporation,451002,2025-07-21,Completed,2025-09-22,False,
W000605,MP0092,Poonam Barman,Maharashtra,Maharashtra PC-12,Maharashtra District 3,Drinking Water Supply,"Drinking Water Supply near Temple Road #650, Maharashtra PC-12",Rural Engineering Services,802697,2025-02-14,Completed,2025-05-04,False,
W000606,MP0092,Poonam Barman,Maharashtra,Maharashtra PC-12,Maharashtra District 3,Community Hall,"Community Hall near Railway Crossing #758, Maharashtra PC-12",State Water Board,2000000,2024-12-22,Completed,2024-12-24,True,impossible_speed
W000607,MP0093,Meena Nair,Maharashtra,Maharashtra PC-13,Maharashtra District 4,Irrigation Canal,"Irrigation Canal at Market Road #733, Maharashtra PC-13",Rural Engineering Services,2205545,2025-10-16,Completed,2026-05-12,False,
W000608,MP0093,Meena Nair,Maharashtra,Maharashtra PC-13,Maharashtra District 4,Health Sub-Centre Upgrade,"Health Sub-Centre Upgrade at Ward 3 #688, Maharashtra PC-13",District Rural Dev. Agency,920476,2024-12-31,Completed,2025-04-24,False,
W000609,MP0093,Meena Nair,Maharashtra,Maharashtra PC-13,Maharashtra District 4,Streetlight Installation,"Streetlight Installation at Market Road #829, Maharashtra PC-13",State Electricity Board,344156,2025-08-23,Completed,2025-09-18,False,
W000610,MP0093,Meena Nair,Maharashtra,Maharashtra PC-13,Maharashtra District 4,Community Hall,"Community Hall near Primary Health Centre #8, Maharashtra PC-13",District Rural Dev. Agency,2428755,2025-10-13,Completed,2026-06-25,False,
W000611,MP0093,Meena Nair,Maharashtra,Maharashtra PC-13,Maharashtra District 4,Anganwadi Centre,"Anganwadi Centre at Colony Gate #791, Maharashtra PC-13",Block Development Office,719273,2024-12-14,Completed,2025-04-02,False,
W000612,MP0093,Meena Nair,Maharashtra,Maharashtra PC-13,Maharashtra District 4,Drainage/Sewage,"Drainage/Sewage near Bus Stand #148, Maharashtra PC-13",Municipal Corporation,657426,2026-05-03,Ongoing,,False,
W000613,MP0094,Ashish Mondal,Maharashtra,Maharashtra PC-14,Maharashtra District 4,Drainage/Sewage,"Drainage/Sewage near Bus Stand #598, Maharashtra PC-14",District Rural Dev. Agency,648124,2025-11-08,Completed,2026-03-09,False,
W000614,MP0094,Ashish Mondal,Maharashtra,Maharashtra PC-14,Maharashtra District 4,Drinking Water Supply,"Drinking Water Supply in Sector 4 #480, Maharashtra PC-14",Municipal Corporation,760342,2025-04-22,Completed,2025-07-22,False,
W000615,MP0094,Ashish Mondal,Maharashtra,Maharashtra PC-14,Maharashtra District 4,Streetlight Installation,"Streetlight Installation near Bus Stand #327, Maharashtra PC-14",Block Development Office,302068,2024-10-26,Completed,2024-12-06,False,
W000616,MP0094,Ashish Mondal,Maharashtra,Maharashtra PC-14,Maharashtra District 4,School Building/Classroom,"School Building/Classroom near Community Centre #777, Maharashtra PC-14",State Water Board,1261683,2025-03-16,Completed,2025-07-12,False,
W000617,MP0094,Ashish Mondal,Maharashtra,Maharashtra PC-14,Maharashtra District 4,School Building/Classroom,"School Building/Classroom at Village Entry Point #224, Maharashtra PC-14",State Water Board,1647293,2025-04-04,Completed,2025-10-13,False,
W000618,MP0094,Ashish Mondal,Maharashtra,Maharashtra PC-14,Maharashtra District 4,Road Construction/Repair,"Road Construction/Repair at Colony Gate #618, Maharashtra PC-14",Block Development Office,1435535,2025-05-26,Completed,2025-12-14,False,
W000619,MP0095,Rekha Mondal,Maharashtra,Maharashtra PC-15,Maharashtra District 4,Drinking Water Supply,"Drinking Water Supply at Village Entry Point #987, Maharashtra PC-15",Rural Engineering Services,642258,2025-09-07,Completed,2025-10-22,False,
W000620,MP0095,Rekha Mondal,Maharashtra,Maharashtra PC-15,Maharashtra District 4,School Building/Classroom,"School Building/Classroom near Bus Stand #836, Maharashtra PC-15",PWD Division,1779094,2024-11-15,Completed,2025-04-21,False,
W000621,MP0095,Rekha Mondal,Maharashtra,Maharashtra PC-15,Maharashtra District 4,Public Toilet Complex,"Public Toilet Complex near Primary Health Centre #278, Maharashtra PC-15",District Rural Dev. Agency,542090,2024-11-02,Completed,2024-12-18,False,
W000622,MP0095,Rekha Mondal,Maharashtra,Maharashtra PC-15,Maharashtra District 4,Irrigation Canal,"Irrigation Canal near Railway Crossing #218, Maharashtra PC-15",PWD Division,1831953,2025-09-18,Ongoing,,False,
W000623,MP0095,Rekha Mondal,Maharashtra,Maharashtra PC-15,Maharashtra District 4,Streetlight Installation,"Streetlight Installation near Govt School #416, Maharashtra PC-15",District Rural Dev. Agency,314364,2025-10-08,Completed,2025-11-26,False,
W000624,MP0095,Rekha Mondal,Maharashtra,Maharashtra PC-15,Maharashtra District 4,Public Toilet Complex,"Public Toilet Complex in Ward 7 #425, Maharashtra PC-15",District Rural Dev. Agency,418844,2026-01-31,Completed,2026-04-06,False,
W000625,MP0095,Rekha Mondal,Maharashtra,Maharashtra PC-15,Maharashtra District 4,Road Construction/Repair,"Road Construction/Repair near Railway Crossing #613, Maharashtra PC-15",Zilla Panchayat,1310439,2025-04-24,Completed,2025-09-08,False,
W000626,MP0095,Rekha Mondal,Maharashtra,Maharashtra PC-15,Maharashtra District 4,Health Sub-Centre Upgrade,"Health Sub-Centre Upgrade at Colony Gate #27, Maharashtra PC-15",State Water Board,1160192,2025-02-28,Completed,2025-08-06,False,
W000627,MP0096,Sanjeev Joshi,Maharashtra,Maharashtra PC-16,Maharashtra District 4,Streetlight Installation,"Streetlight Installation near Temple Road #742, Maharashtra PC-16",PWD Division,363662,2026-02-14,Completed,2026-04-07,False,
W000628,MP0096,Sanjeev Joshi,Maharashtra,Maharashtra PC-16,Maharashtra District 4,Streetlight Installation,"Streetlight Installation near Bus Stand #216, Maharashtra PC-16",Municipal Corporation,306738,2025-02-04,Completed,2025-03-19,False,
W000629,MP0096,Sanjeev Joshi,Maharashtra,Maharashtra PC-16,Maharashtra District 4,School Building/Classroom,"School Building/Classroom at Market Road #834, Maharashtra PC-16",Zilla Panchayat,1212753,2026-02-24,Ongoing,,False,
W000630,MP0096,Sanjeev Joshi,Maharashtra,Maharashtra PC-16,Maharashtra District 4,Streetlight Installation,"Streetlight Installation at Market Road #603, Maharashtra PC-16",Block Development Office,330591,2025-01-07,Completed,2025-03-18,False,
W000631,MP0096,Sanjeev Joshi,Maharashtra,Maharashtra PC-16,Maharashtra District 4,Irrigation Canal,"Irrigation Canal near Railway Crossing #634, Maharashtra PC-16",Municipal Corporation,1997593,2025-05-14,Completed,2026-01-03,False,
W000632,MP0096,Sanjeev Joshi,Maharashtra,Maharashtra PC-16,Maharashtra District 4,Drainage/Sewage,"Drainage/Sewage at Ward 3 #317, Maharashtra PC-16",State Electricity Board,763563,2025-10-14,Completed,2026-01-20,False,
W000633,MP0096,Sanjeev Joshi,Maharashtra,Maharashtra PC-16,Maharashtra District 4,Irrigation Canal,"Irrigation Canal near Community Centre #543, Maharashtra PC-16",State Electricity Board,1724290,2024-10-14,Completed,2025-04-18,False,
W000634,MP0096,Sanjeev Joshi,Maharashtra,Maharashtra PC-16,Maharashtra District 4,Drainage/Sewage,"Drainage/Sewage near Community Centre #488, Maharashtra PC-16",Municipal Corporation,773425,2025-01-30,Completed,2025-05-28,False,
W000635,MP0096,Sanjeev Joshi,Maharashtra,Maharashtra PC-16,Maharashtra District 4,School Building/Classroom,"School Building/Classroom near Bus Stand #960, Maharashtra PC-16",Block Development Office,1500000,2026-05-05,Completed,2026-05-08,True,impossible_speed
W000636,MP0097,Sanjay Yadav,Maharashtra,Maharashtra PC-17,Maharashtra District 5,Public Toilet Complex,"Public Toilet Complex at Main Chowk #514, Maharashtra PC-17",Municipal Corporation,406066,2025-09-18,Completed,2025-11-27,False,
W000637,MP0097,Sanjay Yadav,Maharashtra,Maharashtra PC-17,Maharashtra District 5,Community Hall,"Community Hall near Community Centre #375, Maharashtra PC-17",Municipal Corporation,2291048,2025-03-26,Completed,2025-10-11,False,
W000638,MP0097,Sanjay Yadav,Maharashtra,Maharashtra PC-17,Maharashtra District 5,School Building/Classroom,"School Building/Classroom in Ward 7 #360, Maharashtra PC-17",Municipal Corporation,1618069,2025-10-07,Completed,2026-03-15,False,
W000639,MP0097,Sanjay Yadav,Maharashtra,Maharashtra PC-17,Maharashtra District 5,Community Hall,"Community Hall near Bus Depot #935, Maharashtra PC-17",State Electricity Board,2221725,2026-01-23,Completed,2026-08-26,False,
W000640,MP0098,Rakesh Bhatt,Maharashtra,Maharashtra PC-18,Maharashtra District 5,Anganwadi Centre,"Anganwadi Centre near Railway Crossing #28, Maharashtra PC-18",Rural Engineering Services,536417,2025-08-11,Completed,2025-11-17,False,
W000641,MP0098,Rakesh Bhatt,Maharashtra,Maharashtra PC-18,Maharashtra District 5,Drinking Water Supply,"Drinking Water Supply near Bus Stand #936, Maharashtra PC-18",PWD Division,666262,2025-09-07,Completed,2025-11-29,False,
W000642,MP0098,Rakesh Bhatt,Maharashtra,Maharashtra PC-18,Maharashtra District 5,Health Sub-Centre Upgrade,"Health Sub-Centre Upgrade at Ward 3 #386, Maharashtra PC-18",District Rural Dev. Agency,1027018,2025-12-16,Completed,2026-05-18,False,
W000643,MP0098,Rakesh Bhatt,Maharashtra,Maharashtra PC-18,Maharashtra District 5,Health Sub-Centre Upgrade,"Health Sub-Centre Upgrade at Village Entry Point #22, Maharashtra PC-18",Block Development Office,653904,2026-03-01,Completed,2026-08-14,False,
W000644,MP0098,Rakesh Bhatt,Maharashtra,Maharashtra PC-18,Maharashtra District 5,Drainage/Sewage,"Drainage/Sewage at Village Entry Point #209, Maharashtra PC-18",Block Development Office,672933,2025-08-03,Completed,2025-10-25,False,
W000645,MP0098,Rakesh Bhatt,Maharashtra,Maharashtra PC-18,Maharashtra District 5,Streetlight Installation,"Streetlight Installation near Community Centre #511, Maharashtra PC-18",Block Development Office,251812,2025-11-08,Completed,2025-12-29,False,
W000646,MP0098,Rakesh Bhatt,Maharashtra,Maharashtra PC-18,Maharashtra District 5,Community Hall,"Community Hall near Bus Depot #891, Maharashtra PC-18",Municipal Corporation,2017258,2025-07-04,Completed,2026-02-27,False,
W000647,MP0099,Rakesh Kulkarni,Maharashtra,Maharashtra PC-19,Maharashtra District 5,Drainage/Sewage,"Drainage/Sewage near Bus Stand #498, Maharashtra PC-19",State Water Board,597640,2026-02-26,Completed,2026-07-10,False,
W000648,MP0099,Rakesh Kulkarni,Maharashtra,Maharashtra PC-19,Maharashtra District 5,Community Hall,"Community Hall near Railway Crossing #612, Maharashtra PC-19",Municipal Corporation,1950189,2025-06-22,Completed,2025-10-19,False,
W000649,MP0099,Rakesh Kulkarni,Maharashtra,Maharashtra PC-19,Maharashtra District 5,Anganwadi Centre,"Anganwadi Centre at Ward 3 #215, Maharashtra PC-19",Rural Engineering Services,697672,2025-07-12,Completed,2025-11-02,False,
W000650,MP0099,Rakesh Kulkarni,Maharashtra,Maharashtra PC-19,Maharashtra District 5,Streetlight Installation,"Streetlight Installation at Colony Gate #885, Maharashtra PC-19",PWD Division,217384,2024-12-17,Completed,2025-02-03,False,
W000651,MP0099,Rakesh Kulkarni,Maharashtra,Maharashtra PC-19,Maharashtra District 5,School Building/Classroom,"School Building/Classroom near Govt School #825, Maharashtra PC-19",State Water Board,1419960,2026-02-26,Ongoing,,False,
W000652,MP0099,Rakesh Kulkarni,Maharashtra,Maharashtra PC-19,Maharashtra District 5,School Building/Classroom,"School Building/Classroom at Main Chowk #770, Maharashtra PC-19",District Rural Dev. Agency,7945044,2024-12-02,Sanctioned,,True,cost_outlier
W000653,MP0100,Satish Reddy,Maharashtra,Maharashtra PC-20,Maharashtra District 5,Anganwadi Centre,"Anganwadi Centre near Bus Stand #658, Maharashtra PC-20",Block Development Office,437341,2025-10-13,Completed,2025-12-24,False,
W000654,MP0100,Satish Reddy,Maharashtra,Maharashtra PC-20,Maharashtra District 5,Health Sub-Centre Upgrade,"Health Sub-Centre Upgrade at Ward 3 #207, Maharashtra PC-20",District Rural Dev. Agency,952080,2025-12-03,Completed,2026-05-16,False,
W000655,MP0100,Satish Reddy,Maharashtra,Maharashtra PC-20,Maharashtra District 5,Road Construction/Repair,"Road Construction/Repair near Primary Health Centre #238, Maharashtra PC-20",PWD Division,1139954,2025-06-01,Completed,2025-11-04,False,
W000656,MP0100,Satish Reddy,Maharashtra,Maharashtra PC-20,Maharashtra District 5,Public Toilet Complex,"Public Toilet Complex at Main Chowk #50, Maharashtra PC-20",Block Development Office,376432,2026-02-26,Completed,2026-04-30,False,
W000657,MP0100,Satish Reddy,Maharashtra,Maharashtra PC-20,Maharashtra District 5,Streetlight Installation,"Streetlight Installation at Main Chowk #500, Maharashtra PC-20",Zilla Panchayat,296075,2025-07-06,Completed,2025-08-09,False,
W000658,MP0101,Sanjay Reddy,Maharashtra,Maharashtra PC-21,Maharashtra District 6,Health Sub-Centre Upgrade,"Health Sub-Centre Upgrade in Ward 7 #554, Maharashtra PC-21",PWD Division,710522,2025-03-25,Completed,2025-10-31,False,
W000659,MP0101,Sanjay Reddy,Maharashtra,Maharashtra PC-21,Maharashtra District 6,School Building/Classroom,"School Building/Classroom at Market Road #981, Maharashtra PC-21",Zilla Panchayat,1428505,2025-06-03,Completed,2025-11-23,False,
W000660,MP0101,Sanjay Reddy,Maharashtra,Maharashtra PC-21,Maharashtra District 6,Drinking Water Supply,"Drinking Water Supply near Panchayat Bhavan #996, Maharashtra PC-21",District Rural Dev. Agency,917471,2026-03-16,Completed,2026-05-28,False,
W000661,MP0101,Sanjay Reddy,Maharashtra,Maharashtra PC-21,Maharashtra District 6,Community Hall,"Community Hall near Community Centre #16, Maharashtra PC-21",Zilla Panchayat,1731277,2025-10-25,Completed,2026-04-23,False,
W000662,MP0101,Sanjay Reddy,Maharashtra,Maharashtra PC-21,Maharashtra District 6,Drainage/Sewage,"Drainage/Sewage near Bus Stand #202, Maharashtra PC-21",State Water Board,616449,2025-09-05,Completed,2025-12-18,False,
W000663,MP0101,Sanjay Reddy,Maharashtra,Maharashtra PC-21,Maharashtra District 6,Irrigation Canal,"Irrigation Canal near Temple Road #975, Maharashtra PC-21",PWD Division,1495547,2025-05-07,Completed,2025-11-26,False,
W000664,MP0101,Sanjay Reddy,Maharashtra,Maharashtra PC-21,Maharashtra District 6,Streetlight Installation,"Streetlight Installation near Govt School #43, Maharashtra PC-21",State Water Board,289539,2024-12-14,Completed,2025-02-16,False,
W000665,MP0101,Sanjay Reddy,Maharashtra,Maharashtra PC-21,Maharashtra District 6,Anganwadi Centre,"Anganwadi Centre near Railway Crossing #707, Maharashtra PC-21",State Water Board,626412,2026-06-13,Ongoing,,False,
W000666,MP0102,Ajay Mishra,Maharashtra,Maharashtra PC-22,Maharashtra District 6,Drainage/Sewage,"Drainage/Sewage near Temple Road #430, Maharashtra PC-22",Block Development Office,851928,2026-04-23,Completed,2026-07-18,False,
W000667,MP0102,Ajay Mishra,Maharashtra,Maharashtra PC-22,Maharashtra District 6,Health Sub-Centre Upgrade,"Health Sub-Centre Upgrade in Ward 12 #903, Maharashtra PC-22",Municipal Corporation,1279303,2024-08-21,Completed,2024-12-20,False,
W000668,MP0102,Ajay Mishra,Maharashtra,Maharashtra PC-22,Maharashtra District 6,Health Sub-Centre Upgrade,"Health Sub-Centre Upgrade near Govt School #514, Maharashtra PC-22",Municipal Corporation,879782,2025-01-14,Completed,2025-05-27,False,
W000669,MP0102,Ajay Mishra,Maharashtra,Maharashtra PC-22,Maharashtra District 6,Drainage/Sewage,"Drainage/Sewage at Village Entry Point #680, Maharashtra PC-22",Block Development Office,587067,2025-12-14,Completed,2026-04-07,False,
W000670,MP0102,Ajay Mishra,Maharashtra,Maharashtra PC-22,Maharashtra District 6,Drinking Water Supply,"Drinking Water Supply at Ward 3 #51, Maharashtra PC-22",Zilla Panchayat,805575,2025-06-02,Completed,2025-09-25,False,
W000671,MP0102,Ajay Mishra,Maharashtra,Maharashtra PC-22,Maharashtra District 6,Health Sub-Centre Upgrade,"Health Sub-Centre Upgrade at Colony Gate #324, Maharashtra PC-22",District Rural Dev. Agency,955247,2025-11-15,Completed,2026-04-01,False,
W000672,MP0102,Ajay Mishra,Maharashtra,Maharashtra PC-22,Maharashtra District 6,Anganwadi Centre,"Anganwadi Centre near Bus Depot #874, Maharashtra PC-22",PWD Division,687185,2025-04-15,Completed,2025-08-01,False,
W000673,MP0102,Ajay Mishra,Maharashtra,Maharashtra PC-22,Maharashtra District 6,Anganwadi Centre,"Anganwadi Centre in Ward 12 #645, Maharashtra PC-22",District Rural Dev. Agency,584183,2025-04-18,Completed,2025-07-11,False,
W000674,MP0102,Ajay Mishra,Maharashtra,Maharashtra PC-22,Maharashtra District 6,Health Sub-Centre Upgrade,"Health Sub-Centre Upgrade near Bus Stand #539, Maharashtra PC-22",District Rural Dev. Agency,1382397,2025-07-17,Completed,2026-02-04,False,
W000675,MP0103,Sanjay Roy,Maharashtra,Maharashtra PC-23,Maharashtra District 6,Streetlight Installation,"Streetlight Installation at Village Entry Point #784, Maharashtra PC-23",Zilla Panchayat,282982,2026-04-15,Completed,2026-05-30,False,
W000676,MP0103,Sanjay Roy,Maharashtra,Maharashtra PC-23,Maharashtra District 6,Drainage/Sewage,"Drainage/Sewage near Bus Depot #357, Maharashtra PC-23",State Water Board,592076,2026-03-08,Completed,2026-06-21,False,
W000677,MP0103,Sanjay Roy,Maharashtra,Maharashtra PC-23,Maharashtra District 6,Irrigation Canal,"Irrigation Canal at Village Entry Point #68, Maharashtra PC-23",State Electricity Board,2160891,2024-10-11,Completed,2025-06-16,False,
W000678,MP0103,Sanjay Roy,Maharashtra,Maharashtra PC-23,Maharashtra District 6,Irrigation Canal,"Irrigation Canal near Panchayat Bhavan #833, Maharashtra PC-23",District Rural Dev. Agency,1911079,2025-11-10,Completed,2026-07-26,False,
W000679,MP0103,Sanjay Roy,Maharashtra,Maharashtra PC-23,Maharashtra District 6,Streetlight Installation,"Streetlight Installation in Ward 7 #678, Maharashtra PC-23",Rural Engineering Services,357562,2025-05-19,Completed,2025-06-23,False,
W000680,MP0103,Sanjay Roy,Maharashtra,Maharashtra PC-23,Maharashtra District 6,Anganwadi Centre,"Anganwadi Centre at Ward 3 #371, Maharashtra PC-23",Municipal Corporation,587180,2025-04-06,Completed,2025-07-11,False,
W000681,MP0103,Sanjay Roy,Maharashtra,Maharashtra PC-23,Maharashtra District 6,Health Sub-Centre Upgrade,"Health Sub-Centre Upgrade near Temple Road #258, Maharashtra PC-23",Zilla Panchayat,951067,2025-07-20,Completed,2025-11-14,False,
W000682,MP0103,Sanjay Roy,Maharashtra,Maharashtra PC-23,Maharashtra District 6,Health Sub-Centre Upgrade,"Health Sub-Centre Upgrade at Market Road #366, Maharashtra PC-23",Zilla Panchayat,1223510,2026-05-07,Ongoing,,False,
W000683,MP0103,Sanjay Roy,Maharashtra,Maharashtra PC-23,Maharashtra District 6,Irrigation Canal,"Irrigation Canal at Colony Gate #282, Maharashtra PC-23",State Water Board,1938779,2024-12-28,Completed,2025-08-28,False,
W000684,MP0104,Kavita Joshi,Maharashtra,Maharashtra PC-24,Maharashtra District 6,Drinking Water Supply,"Drinking Water Supply near Bus Depot #179, Maharashtra PC-24",State Electricity Board,713342,2026-02-18,Completed,2026-05-07,False,
W000685,MP0104,Kavita Joshi,Maharashtra,Maharashtra PC-24,Maharashtra District 6,Irrigation Canal,"Irrigation Canal near Govt School #376, Maharashtra PC-24",Municipal Corporation,1936042,2024-07-18,Completed,2025-01-23,False,
W000686,MP0104,Kavita Joshi,Maharashtra,Maharashtra PC-24,Maharashtra District 6,Anganwadi Centre,"Anganwadi Centre at Market Road #821, Maharashtra PC-24",Rural Engineering Services,619894,2024-12-17,Completed,2025-03-28,False,
W000687,MP0104,Kavita Joshi,Maharashtra,Maharashtra PC-24,Maharashtra District 6,Health Sub-Centre Upgrade,"Health Sub-Centre Upgrade near Govt School #1, Maharashtra PC-24",State Water Board,1173779,2025-03-17,Completed,2025-07-12,False,
W000688,MP0104,Kavita Joshi,Maharashtra,Maharashtra PC-24,Maharashtra District 6,Public Toilet Complex,"Public Toilet Complex at Ward 3 #314, Maharashtra PC-24",State Water Board,386346,2025-05-02,Completed,2025-07-15,False,
W000689,MP0104,Kavita Joshi,Maharashtra,Maharashtra PC-24,Maharashtra District 6,Irrigation Canal,"Irrigation Canal near Railway Crossing #272, Maharashtra PC-24",State Water Board,1772701,2025-04-24,Completed,2026-01-01,False,
W000690,MP0104,Kavita Joshi,Maharashtra,Maharashtra PC-24,Maharashtra District 6,Anganwadi Centre,"Anganwadi Centre near Bus Depot #207, Maharashtra PC-24",Zilla Panchayat,563627,2026-02-27,Completed,2026-05-21,False,
W000691,MP0104,Kavita Joshi,Maharashtra,Maharashtra PC-24,Maharashtra District 6,Public Toilet Complex,"Public Toilet Complex in Ward 12 #376, Maharashtra PC-24",State Electricity Board,400000,2025-08-15,Completed,2025-08-17,True,impossible_speed
W000692,MP0105,Neelam Chatterjee,Maharashtra,Maharashtra PC-25,Maharashtra District 7,Drainage/Sewage,"Drainage/Sewage near Temple Road #831, Maharashtra PC-25",Block Development Office,907329,2025-07-19,Completed,2025-11-07,False,
W000693,MP0105,Neelam Chatterjee,Maharashtra,Maharashtra PC-25,Maharashtra District 7,Drainage/Sewage,"Drainage/Sewage at Village Entry Point #593, Maharashtra PC-25",District Rural Dev. Agency,584268,2025-02-05,Completed,2025-05-13,False,
W000694,MP0105,Neelam Chatterjee,Maharashtra,Maharashtra PC-25,Maharashtra District 7,School Building/Classroom,"School Building/Classroom at Market Road #209, Maharashtra PC-25",Rural Engineering Services,1526914,2025-10-13,Completed,2026-06-05,False,
W000695,MP0105,Neelam Chatterjee,Maharashtra,Maharashtra PC-25,Maharashtra District 7,Streetlight Installation,"Streetlight Installation near Bus Stand #389, Maharashtra PC-25",Zilla Panchayat,291923,2026-03-23,Completed,2026-04-30,False,
W000696,MP0106,Manoj Bhattacharya,Maharashtra,Maharashtra PC-26,Maharashtra District 7,Anganwadi Centre,"Anganwadi Centre at Main Chowk #474, Maharashtra PC-26",PWD Division,545067,2025-03-17,Completed,2025-07-07,False,
W000697,MP0106,Manoj Bhattacharya,Maharashtra,Maharashtra PC-26,Maharashtra District 7,Anganwadi Centre,"Anganwadi Centre near Temple Road #181, Maharashtra PC-26",Block Development Office,457468,2026-01-03,Completed,2026-04-13,False,
W000698,MP0106,Manoj Bhattacharya,Maharashtra,Maharashtra PC-26,Maharashtra District 7,Drinking Water Supply,"Drinking Water Supply in Ward 12 #504, Maharashtra PC-26",State Electricity Board,852704,2026-07-23,Ongoing,,False,
W000699,MP0106,Manoj Bhattacharya,Maharashtra,Maharashtra PC-26,Maharashtra District 7,School Building/Classroom,"School Building/Classroom at Village Entry Point #412, Maharashtra PC-26",PWD Division,1679267,2025-07-11,Completed,2026-02-10,False,
W000700,MP0106,Manoj Bhattacharya,Maharashtra,Maharashtra PC-26,Maharashtra District 7,Irrigation Canal,"Irrigation Canal in Sector 4 #788, Maharashtra PC-26",PWD Division,2176464,2026-01-27,Completed,2026-08-12,False,
W000701,MP0106,Manoj Bhattacharya,Maharashtra,Maharashtra PC-26,Maharashtra District 7,Health Sub-Centre Upgrade,"Health Sub-Centre Upgrade at Main Chowk #869, Maharashtra PC-26",State Electricity Board,1060719,2025-03-03,Completed,2025-08-17,False,
W000702,MP0106,Manoj Bhattacharya,Maharashtra,Maharashtra PC-26,Maharashtra District 7,Drinking Water Supply,"Drinking Water Supply at Main Chowk #869, Maharashtra PC-26",PWD Division,880546,2025-06-28,Completed,2025-09-04,False,
W000703,MP0107,Priya Pillai,Maharashtra,Maharashtra PC-27,Maharashtra District 7,Anganwadi Centre,"Anganwadi Centre near Panchayat Bhavan #495, Maharashtra PC-27",PWD Division,545550,2024-10-28,Completed,2025-03-02,False,
W000704,MP0107,Priya Pillai,Maharashtra,Maharashtra PC-27,Maharashtra District 7,Road Construction/Repair,"Road Construction/Repair near Primary Health Centre #837, Maharashtra PC-27",Block Development Office,999130,2025-08-28,Completed,2025-12-29,False,
W000705,MP0107,Priya Pillai,Maharashtra,Maharashtra PC-27,Maharashtra District 7,Road Construction/Repair,"Road Construction/Repair near Railway Crossing #531, Maharashtra PC-27",Municipal Corporation,916028,2024-12-09,Completed,2025-04-26,False,
W000706,MP0107,Priya Pillai,Maharashtra,Maharashtra PC-27,Maharashtra District 7,Road Construction/Repair,"Road Construction/Repair near Community Centre #89, Maharashtra PC-27",Municipal Corporation,1291208,2025-10-20,Completed,2026-04-04,False,
W000707,MP0107,Priya Pillai,Maharashtra,Maharashtra PC-27,Maharashtra District 7,Streetlight Installation,"Streetlight Installation near Community Centre #306, Maharashtra PC-27",Block Development Office,241649,2024-11-25,Completed,2025-01-11,False,
W000708,MP0107,Priya Pillai,Maharashtra,Maharashtra PC-27,Maharashtra District 7,Irrigation Canal,"Irrigation Canal near Temple Road #315, Maharashtra PC-27",Block Development Office,1675361,2024-11-10,Completed,2025-04-14,False,
W000709,MP0107,Priya Pillai,Maharashtra,Maharashtra PC-27,Maharashtra District 7,Drainage/Sewage,"Drainage/Sewage in Ward 12 #878, Maharashtra PC-27",Rural Engineering Services,701698,2025-07-23,Completed,2025-10-29,False,
W000710,MP0107,Priya Pillai,Maharashtra,Maharashtra PC-27,Maharashtra District 7,Irrigation Canal,"Irrigation Canal in Sector 4 #54, Maharashtra PC-27",State Water Board,1406625,2025-10-11,Completed,2026-06-17,False,
W000711,MP0108,Satish Roy,Maharashtra,Maharashtra PC-28,Maharashtra District 7,Streetlight Installation,"Streetlight Installation near Bus Depot #145, Maharashtra PC-28",State Electricity Board,244307,2025-09-29,Completed,2025-11-12,False,
W000712,MP0108,Satish Roy,Maharashtra,Maharashtra PC-28,Maharashtra District 7,Streetlight Installation,"Streetlight Installation near Panchayat Bhavan #724, Maharashtra PC-28",District Rural Dev. Agency,276892,2024-09-05,Completed,2024-09-26,False,
W000713,MP0108,Satish Roy,Maharashtra,Maharashtra PC-28,Maharashtra District 7,Irrigation Canal,"Irrigation Canal near Railway Crossing #70, Maharashtra PC-28",PWD Division,2218305,2025-09-23,Completed,2026-06-07,False,
W000714,MP0108,Satish Roy,Maharashtra,Maharashtra PC-28,Maharashtra District 7,Health Sub-Centre Upgrade,"Health Sub-Centre Upgrade at Ward 3 #816, Maharashtra PC-28",District Rural Dev. Agency,1192908,2025-04-03,Completed,2025-11-05,False,
W000715,MP0108,Satish Roy,Maharashtra,Maharashtra PC-28,Maharashtra District 7,Anganwadi Centre,"Anganwadi Centre near Panchayat Bhavan #822, Maharashtra PC-28",State Water Board,683270,2025-09-09,Completed,2025-12-31,False,
W000716,MP0108,Satish Roy,Maharashtra,Maharashtra PC-28,Maharashtra District 7,Public Toilet Complex,"Public Toilet Complex in Ward 12 #456, Maharashtra PC-28",State Electricity Board,488806,2026-02-22,Completed,2026-04-17,False,
W000717,MP0108,Satish Roy,Maharashtra,Maharashtra PC-28,Maharashtra District 7,Community Hall,"Community Hall at Ward 3 #879, Maharashtra PC-28",Rural Engineering Services,2007240,2025-10-21,Completed,2026-06-07,False,
W000718,MP0108,Satish Roy,Maharashtra,Maharashtra PC-28,Maharashtra District 7,Drinking Water Supply,"Drinking Water Supply near Primary Health Centre #74, Maharashtra PC-28",PWD Division,974540,2025-05-23,Completed,2025-09-01,False,
W000719,MP0108,Satish Roy,Maharashtra,Maharashtra PC-28,Maharashtra District 7,Public Toilet Complex,"Public Toilet Complex in Ward 7 #739, Maharashtra PC-28",State Electricity Board,360750,2025-01-21,Completed,2025-03-27,False,
W000720,MP0109,Vikram Chatterjee,Maharashtra,Maharashtra PC-29,Maharashtra District 8,Anganwadi Centre,"Anganwadi Centre in Sector 4 #548, Maharashtra PC-29",Rural Engineering Services,706629,2025-05-20,Completed,2025-08-22,False,
W000721,MP0109,Vikram Chatterjee,Maharashtra,Maharashtra PC-29,Maharashtra District 8,School Building/Classroom,"School Building/Classroom near Panchayat Bhavan #477, Maharashtra PC-29",Municipal Corporation,1323892,2025-07-25,Completed,2026-01-27,False,
W000722,MP0109,Vikram Chatterjee,Maharashtra,Maharashtra PC-29,Maharashtra District 8,Drinking Water Supply,"Drinking Water Supply near Bus Stand #425, Maharashtra PC-29",Rural Engineering Services,892822,2024-06-11,Completed,2024-09-18,False,
W000723,MP0109,Vikram Chatterjee,Maharashtra,Maharashtra PC-29,Maharashtra District 8,Community Hall,"Community Hall at Colony Gate #159, Maharashtra PC-29",State Water Board,2220274,2025-12-29,Completed,2026-07-23,False,
W000724,MP0109,Vikram Chatterjee,Maharashtra,Maharashtra PC-29,Maharashtra District 8,Road Construction/Repair,"Road Construction/Repair at Ward 3 #164, Maharashtra PC-29",Municipal Corporation,984374,2026-04-06,Ongoing,,False,
W000725,MP0110,Arun Yadav,Maharashtra,Maharashtra PC-30,Maharashtra District 8,Community Hall,"Community Hall near Primary Health Centre #265, Maharashtra PC-30",District Rural Dev. Agency,1568296,2025-04-27,Completed,2025-11-19,False,
W000726,MP0110,Arun Yadav,Maharashtra,Maharashtra PC-30,Maharashtra District 8,Streetlight Installation,"Streetlight Installation near Primary Health Centre #682, Maharashtra PC-30",Rural Engineering Services,265786,2025-06-13,Completed,2025-07-27,False,
W000727,MP0110,Arun Yadav,Maharashtra,Maharashtra PC-30,Maharashtra District 8,Community Hall,"Community Hall at Ward 3 #336, Maharashtra PC-30",Block Development Office,2169386,2026-06-17,Ongoing,,False,
W000728,MP0110,Arun Yadav,Maharashtra,Maharashtra PC-30,Maharashtra District 8,Health Sub-Centre Upgrade,"Health Sub-Centre Upgrade in Sector 4 #559, Maharashtra PC-30",Municipal Corporation,964029,2025-12-24,Completed,2026-04-20,False,
W000729,MP0110,Arun Yadav,Maharashtra,Maharashtra PC-30,Maharashtra District 8,Drinking Water Supply,"Drinking Water Supply at Colony Gate #189, Maharashtra PC-30",Rural Engineering Services,811892,2024-12-05,Completed,2025-02-13,False,
W000730,MP0110,Arun Yadav,Maharashtra,Maharashtra PC-30,Maharashtra District 8,Health Sub-Centre Upgrade,"Health Sub-Centre Upgrade in Ward 12 #118, Maharashtra PC-30",District Rural Dev. Agency,1108860,2026-07-28,Ongoing,,False,
W000731,MP0110,Arun Yadav,Maharashtra,Maharashtra PC-30,Maharashtra District 8,Drinking Water Supply,"Drinking Water Supply in Sector 4 #502, Maharashtra PC-30",Zilla Panchayat,800000,2026-06-04,Completed,2026-06-07,True,impossible_speed
W000732,MP0111,Anil Sharma,Maharashtra,Maharashtra PC-31,Maharashtra District 8,Road Construction/Repair,"Road Construction/Repair near Bus Stand #287, Maharashtra PC-31",State Electricity Board,1176815,2025-10-31,Completed,2026-05-03,False,
W000733,MP0111,Anil Sharma,Maharashtra,Maharashtra PC-31,Maharashtra District 8,Drainage/Sewage,"Drainage/Sewage near Panchayat Bhavan #278, Maharashtra PC-31",Zilla Panchayat,648274,2025-11-13,Completed,2025-12-27,False,
W000734,MP0111,Anil Sharma,Maharashtra,Maharashtra PC-31,Maharashtra District 8,Community Hall,"Community Hall at Ward 3 #104, Maharashtra PC-31",State Water Board,1887202,2025-07-16,Completed,2025-12-10,False,
W000735,MP0111,Anil Sharma,Maharashtra,Maharashtra PC-31,Maharashtra District 8,Road Construction/Repair,"Road Construction/Repair near Panchayat Bhavan #673, Maharashtra PC-31",District Rural Dev. Agency,1122444,2025-03-19,Completed,2025-07-20,False,
W000736,MP0111,Anil Sharma,Maharashtra,Maharashtra PC-31,Maharashtra District 8,Drainage/Sewage,"Drainage/Sewage in Ward 7 #461, Maharashtra PC-31",PWD Division,590730,2026-03-02,Completed,2026-06-27,False,
W000737,MP0111,Anil Sharma,Maharashtra,Maharashtra PC-31,Maharashtra District 8,Anganwadi Centre,"Anganwadi Centre near Railway Crossing #184, Maharashtra PC-31",Rural Engineering Services,706744,2025-04-13,Completed,2025-07-01,False,
W000738,MP0111,Anil Sharma,Maharashtra,Maharashtra PC-31,Maharashtra District 8,Drinking Water Supply,"Drinking Water Supply at Main Chowk #765, Maharashtra PC-31",State Electricity Board,800000,2026-08-11,Completed,2026-08-17,True,impossible_speed
W000739,MP0112,Ravi Roy,Maharashtra,Maharashtra PC-32,Maharashtra District 8,Drinking Water Supply,"Drinking Water Supply in Ward 12 #35, Maharashtra PC-32",Municipal Corporation,774254,2024-12-20,Completed,2025-03-29,False,
W000740,MP0112,Ravi Roy,Maharashtra,Maharashtra PC-32,Maharashtra District 8,Road Construction/Repair,"Road Construction/Repair near Temple Road #136, Maharashtra PC-32",Zilla Panchayat,1115850,2024-11-03,Completed,2025-04-29,False,
W000741,MP0112,Ravi Roy,Maharashtra,Maharashtra PC-32,Maharashtra District 8,Health Sub-Centre Upgrade,"Health Sub-Centre Upgrade near Bus Stand #680, Maharashtra PC-32",District Rural Dev. Agency,966023,2026-02-27,Completed,2026-06-13,False,
W000742,MP0112,Ravi Roy,Maharashtra,Maharashtra PC-32,Maharashtra District 8,School Building/Classroom,"School Building/Classroom in Ward 7 #93, Maharashtra PC-32",District Rural Dev. Agency,1502571,2026-01-17,Completed,2026-08-07,False,
W000743,MP0112,Ravi Roy,Maharashtra,Maharashtra PC-32,Maharashtra District 8,Streetlight Installation,"Streetlight Installation near Bus Depot #268, Maharashtra PC-32",PWD Division,315585,2025-05-16,Completed,2025-07-01,False,
W000744,MP0112,Ravi Roy,Maharashtra,Maharashtra PC-32,Maharashtra District 8,Drinking Water Supply,"Drinking Water Supply at Village Entry Point #509, Maharashtra PC-32",Zilla Panchayat,836228,2025-10-12,Completed,2026-01-11,False,
W000745,MP0112,Ravi Roy,Maharashtra,Maharashtra PC-32,Maharashtra District 8,Drainage/Sewage,"Drainage/Sewage near Railway Crossing #168, Maharashtra PC-32",Zilla Panchayat,672284,2024-12-26,Completed,2025-04-11,False,
W000746,MP0112,Ravi Roy,Maharashtra,Maharashtra PC-32,Maharashtra District 8,Public Toilet Complex,"Public Toilet Complex near Community Centre #203, Maharashtra PC-32",PWD Division,343227,2025-08-15,Completed,2025-10-20,False,
W000747,MP0113,Sunita Kulkarni,Maharashtra,Maharashtra PC-33,Maharashtra District 9,Community Hall,"Community Hall at Village Entry Point #548, Maharashtra PC-33",Municipal Corporation,2062115,2025-03-13,Completed,2025-10-29,False,
W000748,MP0113,Sunita Kulkarni,Maharashtra,Maharashtra PC-33,Maharashtra District 9,Irrigation Canal,"Irrigation Canal at Main Chowk #966, Maharashtra PC-33",Rural Engineering Services,1739196,2024-10-25,Completed,2025-02-27,False,
W000749,MP0113,Sunita Kulkarni,Maharashtra,Maharashtra PC-33,Maharashtra District 9,Road Construction/Repair,"Road Construction/Repair near Panchayat Bhavan #706, Maharashtra PC-33",State Electricity Board,1025852,2026-06-07,Ongoing,,False,
W000750,MP0113,Sunita Kulkarni,Maharashtra,Maharashtra PC-33,Maharashtra District 9,Community Hall,"Community Hall in Ward 7 #271, Maharashtra PC-33",Zilla Panchayat,1616293,2025-08-03,Completed,2026-04-01,False,
W000751,MP0113,Sunita Kulkarni,Maharashtra,Maharashtra PC-33,Maharashtra District 9,Road Construction/Repair,"Road Construction/Repair in Ward 12 #113, Maharashtra PC-33",Block Development Office,950326,2026-05-11,Completed,2026-08-06,False,
W000752,MP0113,Sunita Kulkarni,Maharashtra,Maharashtra PC-33,Maharashtra District 9,Drainage/Sewage,"Drainage/Sewage near Bus Stand #223, Maharashtra PC-33",Zilla Panchayat,667266,2026-01-15,Completed,2026-04-15,False,
W000753,MP0113,Sunita Kulkarni,Maharashtra,Maharashtra PC-33,Maharashtra District 9,Community Hall,"Community Hall at Ward 3 #842, Maharashtra PC-33",Rural Engineering Services,1521145,2026-07-10,Ongoing,,False,
W000754,MP0113,Sunita Kulkarni,Maharashtra,Maharashtra PC-33,Maharashtra District 9,Community Hall,"Community Hall near Railway Crossing #43, Maharashtra PC-33",Zilla Panchayat,2000003,2024-12-23,Completed,2025-07-13,False,
W000755,MP0114,Kiran Mondal,Maharashtra,Maharashtra PC-34,Maharashtra District 9,School Building/Classroom,"School Building/Classroom near Railway Crossing #778, Maharashtra PC-34",State Water Board,1382343,2025-04-11,Completed,2025-10-02,False,
W000756,MP0114,Kiran Mondal,Maharashtra,Maharashtra PC-34,Maharashtra District 9,Anganwadi Centre,"Anganwadi Centre near Govt School #954, Maharashtra PC-34",Municipal Corporation,787284,2025-05-26,Completed,2025-10-12,False,
W000757,MP0114,Kiran Mondal,Maharashtra,Maharashtra PC-34,Maharashtra District 9,Health Sub-Centre Upgrade,"Health Sub-Centre Upgrade at Ward 3 #251, Maharashtra PC-34",Block Development Office,775401,2025-07-19,Completed,2025-11-27,False,
W000758,MP0114,Kiran Mondal,Maharashtra,Maharashtra PC-34,Maharashtra District 9,School Building/Classroom,"School Building/Classroom near Primary Health Centre #789, Maharashtra PC-34",Municipal Corporation,1624634,2024-11-17,Completed,2025-05-24,False,
W000759,MP0114,Kiran Mondal,Maharashtra,Maharashtra PC-34,Maharashtra District 9,School Building/Classroom,"School Building/Classroom near Panchayat Bhavan #703, Maharashtra PC-34",Rural Engineering Services,1424254,2025-08-27,Ongoing,,False,
W000760,MP0114,Kiran Mondal,Maharashtra,Maharashtra PC-34,Maharashtra District 9,Streetlight Installation,"Streetlight Installation near Govt School #492, Maharashtra PC-34",Zilla Panchayat,322934,2025-10-17,Completed,2025-11-30,False,
W000761,MP0114,Kiran Mondal,Maharashtra,Maharashtra PC-34,Maharashtra District 9,Road Construction/Repair,"Road Construction/Repair near Railway Crossing #770, Maharashtra PC-34",State Electricity Board,727150,2025-06-29,Completed,2025-11-10,False,
W000762,MP0114,Kiran Mondal,Maharashtra,Maharashtra PC-34,Maharashtra District 9,Public Toilet Complex,"Public Toilet Complex near Panchayat Bhavan #52, Maharashtra PC-34",Zilla Panchayat,432914,2025-09-15,Completed,2025-11-24,False,
W000763,MP0114,Kiran Mondal,Maharashtra,Maharashtra PC-34,Maharashtra District 9,Streetlight Installation,"Streetlight Installation near Bus Stand #995, Maharashtra PC-34",Block Development Office,360775,2026-06-15,Completed,2026-07-31,False,
W000764,MP0115,Meena Deshmukh,Maharashtra,Maharashtra PC-35,Maharashtra District 9,Anganwadi Centre,"Anganwadi Centre near Primary Health Centre #711, Maharashtra PC-35",State Electricity Board,646311,2025-05-05,Completed,2025-08-04,False,
W000765,MP0115,Meena Deshmukh,Maharashtra,Maharashtra PC-35,Maharashtra District 9,Drainage/Sewage,"Drainage/Sewage at Colony Gate #822, Maharashtra PC-35",PWD Division,620352,2026-01-10,Completed,2026-05-20,False,
W000766,MP0115,Meena Deshmukh,Maharashtra,Maharashtra PC-35,Maharashtra District 9,Public Toilet Complex,"Public Toilet Complex near Temple Road #656, Maharashtra PC-35",Municipal Corporation,380907,2025-04-06,Completed,2025-05-22,False,
W000767,MP0115,Meena Deshmukh,Maharashtra,Maharashtra PC-35,Maharashtra District 9,Irrigation Canal,"Irrigation Canal at Main Chowk #802, Maharashtra PC-35",State Water Board,1763526,2025-07-01,Completed,2025-10-31,False,
W000768,MP0115,Meena Deshmukh,Maharashtra,Maharashtra PC-35,Maharashtra District 9,Drainage/Sewage,"Drainage/Sewage at Village Entry Point #469, Maharashtra PC-35",Rural Engineering Services,634753,2026-03-01,Completed,2026-05-08,False,
W000769,MP0116,Anil Chauhan,Maharashtra,Maharashtra PC-36,Maharashtra District 9,Public Toilet Complex,"Public Toilet Complex in Ward 12 #405, Maharashtra PC-36",PWD Division,421136,2025-12-13,Completed,2026-02-21,False,
W000770,MP0116,Anil Chauhan,Maharashtra,Maharashtra PC-36,Maharashtra District 9,Streetlight Installation,"Streetlight Installation in Ward 12 #234, Maharashtra PC-36",Block Development Office,288182,2026-05-05,Completed,2026-06-10,False,
W000771,MP0116,Anil Chauhan,Maharashtra,Maharashtra PC-36,Maharashtra District 9,Streetlight Installation,"Streetlight Installation in Sector 4 #501, Maharashtra PC-36",Block Development Office,251591,2025-04-05,Completed,2025-05-23,False,
W000772,MP0116,Anil Chauhan,Maharashtra,Maharashtra PC-36,Maharashtra District 9,Public Toilet Complex,"Public Toilet Complex at Main Chowk #487, Maharashtra PC-36",PWD Division,340455,2025-12-23,Completed,2026-02-23,False,
W000773,MP0116,Anil Chauhan,Maharashtra,Maharashtra PC-36,Maharashtra District 9,Health Sub-Centre Upgrade,"Health Sub-Centre Upgrade in Sector 4 #344, Maharashtra PC-36",Block Development Office,1060021,2026-01-06,Completed,2026-06-30,False,
W000774,MP0116,Anil Chauhan,Maharashtra,Maharashtra PC-36,Maharashtra District 9,Irrigation Canal,"Irrigation Canal near Bus Stand #865, Maharashtra PC-36",Rural Engineering Services,1653145,2025-04-01,Completed,2025-12-16,False,
W000775,MP0116,Anil Chauhan,Maharashtra,Maharashtra PC-36,Maharashtra District 9,Anganwadi Centre,"Anganwadi Centre in Sector 4 #278, Maharashtra PC-36",PWD Division,683329,2025-12-12,Completed,2026-03-02,False,
W000776,MP0117,Vinod Sharma,Maharashtra,Maharashtra PC-37,Maharashtra District 10,Health Sub-Centre Upgrade,"Health Sub-Centre Upgrade at Main Chowk #643, Maharashtra PC-37",Rural Engineering Services,918246,2024-11-16,Completed,2025-04-22,False,
W000777,MP0117,Vinod Sharma,Maharashtra,Maharashtra PC-37,Maharashtra District 10,Road Construction/Repair,"Road Construction/Repair in Ward 7 #341, Maharashtra PC-37",Block Development Office,1182455,2025-03-09,Completed,2025-07-03,False,
W000778,MP0117,Vinod Sharma,Maharashtra,Maharashtra PC-37,Maharashtra District 10,School Building/Classroom,"School Building/Classroom in Ward 7 #230, Maharashtra PC-37",District Rural Dev. Agency,1573636,2026-03-25,Ongoing,,False,
W000779,MP0117,Vinod Sharma,Maharashtra,Maharashtra PC-37,Maharashtra District 10,Streetlight Installation,"Streetlight Installation in Sector 4 #979, Maharashtra PC-37",Block Development Office,347114,2025-09-26,Completed,2025-10-28,False,
W000780,MP0117,Vinod Sharma,Maharashtra,Maharashtra PC-37,Maharashtra District 10,Irrigation Canal,"Irrigation Canal in Ward 7 #10, Maharashtra PC-37",Rural Engineering Services,1758053,2025-09-07,Completed,2026-05-28,False,
W000781,MP0117,Vinod Sharma,Maharashtra,Maharashtra PC-37,Maharashtra District 10,Road Construction/Repair,"Road Construction/Repair at Main Chowk #466, Maharashtra PC-37",Municipal Corporation,1245396,2025-04-25,Completed,2025-08-19,False,
W000782,MP0117,Vinod Sharma,Maharashtra,Maharashtra PC-37,Maharashtra District 10,Public Toilet Complex,"Public Toilet Complex at Market Road #566, Maharashtra PC-37",State Water Board,483809,2026-04-01,Completed,2026-05-25,False,
W000783,MP0118,Vinod Iyer,Maharashtra,Maharashtra PC-38,Maharashtra District 10,Health Sub-Centre Upgrade,"Health Sub-Centre Upgrade near Community Centre #78, Maharashtra PC-38",Municipal Corporation,894901,2025-11-01,Completed,2026-04-04,False,
W000784,MP0118,Vinod Iyer,Maharashtra,Maharashtra PC-38,Maharashtra District 10,Irrigation Canal,"Irrigation Canal at Colony Gate #303, Maharashtra PC-38",District Rural Dev. Agency,1415680,2025-05-12,Completed,2026-01-28,False,
W000785,MP0118,Vinod Iyer,Maharashtra,Maharashtra PC-38,Maharashtra District 10,Streetlight Installation,"Streetlight Installation in Ward 12 #829, Maharashtra PC-38",State Water Board,337703,2025-11-05,Completed,2025-12-15,False,
W000786,MP0118,Vinod Iyer,Maharashtra,Maharashtra PC-38,Maharashtra District 10,Road Construction/Repair,"Road Construction/Repair near Bus Depot #19, Maharashtra PC-38",State Electricity Board,1635221,2026-02-24,Completed,2026-06-07,False,
W000787,MP0118,Vinod Iyer,Maharashtra,Maharashtra PC-38,Maharashtra District 10,Road Construction/Repair,"Road Construction/Repair in Ward 12 #770, Maharashtra PC-38",Zilla Panchayat,1339561,2024-10-14,Completed,2025-03-22,False,
W000788,MP0118,Vinod Iyer,Maharashtra,Maharashtra PC-38,Maharashtra District 10,Irrigation Canal,"Irrigation Canal at Colony Gate #334, Maharashtra PC-38",Municipal Corporation,1974634,2025-04-10,Completed,2025-11-23,False,
W000789,MP0118,Vinod Iyer,Maharashtra,Maharashtra PC-38,Maharashtra District 10,Anganwadi Centre,"Anganwadi Centre near Govt School #913, Maharashtra PC-38",Municipal Corporation,620357,2024-11-01,Completed,2025-03-11,False,
W000790,MP0118,Vinod Iyer,Maharashtra,Maharashtra PC-38,Maharashtra District 10,Drainage/Sewage,"Drainage/Sewage near Panchayat Bhavan #591, Maharashtra PC-38",Municipal Corporation,743036,2025-06-28,Completed,2025-10-12,False,
W000791,MP0119,Satish Naidu,Maharashtra,Maharashtra PC-39,Maharashtra District 10,School Building/Classroom,"School Building/Classroom at Village Entry Point #558, Maharashtra PC-39",State Water Board,1298179,2025-07-11,Completed,2025-12-19,False,
W000792,MP0119,Satish Naidu,Maharashtra,Maharashtra PC-39,Maharashtra District 10,Road Construction/Repair,"Road Construction/Repair near Temple Road #825, Maharashtra PC-39",Block Development Office,1285519,2026-02-19,Completed,2026-08-21,False,
W000793,MP0119,Satish Naidu,Maharashtra,Maharashtra PC-39,Maharashtra District 10,Health Sub-Centre Upgrade,"Health Sub-Centre Upgrade at Market Road #285, Maharashtra PC-39",State Electricity Board,833943,2025-05-15,Completed,2025-09-29,False,
W000794,MP0119,Satish Naidu,Maharashtra,Maharashtra PC-39,Maharashtra District 10,Streetlight Installation,"Streetlight Installation near Bus Depot #813, Maharashtra PC-39",Municipal Corporation,290212,2024-09-03,Completed,2024-10-27,False,
W000795,MP0119,Satish Naidu,Maharashtra,Maharashtra PC-39,Maharashtra District 10,Irrigation Canal,"Irrigation Canal near Primary Health Centre #827, Maharashtra PC-39",District Rural Dev. Agency,1877499,2025-04-13,Completed,2025-12-14,False,
W000796,MP0119,Satish Naidu,Maharashtra,Maharashtra PC-39,Maharashtra District 10,Road Construction/Repair,"Road Construction/Repair in Sector 4 #175, Maharashtra PC-39",Municipal Corporation,1134577,2025-08-18,Completed,2025-10-31,False,
W000797,MP0119,Satish Naidu,Maharashtra,Maharashtra PC-39,Maharashtra District 10,Drainage/Sewage,"Drainage/Sewage in Sector 4 #796, Maharashtra PC-39",PWD Division,667915,2025-12-14,Completed,2026-03-16,False,
W000798,MP0120,Rakesh Barman,Maharashtra,Maharashtra PC-40,Maharashtra District 10,School Building/Classroom,"School Building/Classroom in Sector 4 #913, Maharashtra PC-40",State Water Board,1803656,2026-04-05,Ongoing,,False,
W000799,MP0120,Rakesh Barman,Maharashtra,Maharashtra PC-40,Maharashtra District 10,Anganwadi Centre,"Anganwadi Centre near Railway Crossing #413, Maharashtra PC-40",Rural Engineering Services,573129,2024-11-18,Completed,2025-03-14,False,
W000800,MP0120,Rakesh Barman,Maharashtra,Maharashtra PC-40,Maharashtra District 10,Drinking Water Supply,"Drinking Water Supply at Market Road #395, Maharashtra PC-40",State Water Board,687442,2025-10-08,Completed,2025-12-30,False,
W000801,MP0120,Rakesh Barman,Maharashtra,Maharashtra PC-40,Maharashtra District 10,Anganwadi Centre,"Anganwadi Centre at Main Chowk #931, Maharashtra PC-40",State Water Board,485487,2024-12-16,Completed,2025-02-11,False,
W000802,MP0120,Rakesh Barman,Maharashtra,Maharashtra PC-40,Maharashtra District 10,Public Toilet Complex,"Public Toilet Complex near Temple Road #798, Maharashtra PC-40",State Electricity Board,381226,2025-12-05,Completed,2026-02-07,False,
W000803,MP0120,Rakesh Barman,Maharashtra,Maharashtra PC-40,Maharashtra District 10,Streetlight Installation,"Streetlight Installation near Primary Health Centre #549, Maharashtra PC-40",PWD Division,388556,2026-04-02,Completed,2026-05-16,False,
W000804,MP0120,Rakesh Barman,Maharashtra,Maharashtra PC-40,Maharashtra District 10,Anganwadi Centre,"Anganwadi Centre near Bus Stand #372, Maharashtra PC-40",Block Development Office,599969,2024-10-07,Completed,2025-01-15,False,
W000805,MP0120,Rakesh Barman,Maharashtra,Maharashtra PC-40,Maharashtra District 10,Health Sub-Centre Upgrade,"Health Sub-Centre Upgrade at Main Chowk #790, Maharashtra PC-40",State Water Board,1078760,2025-06-03,Completed,2025-12-12,False,
W000806,MP0120,Rakesh Barman,Maharashtra,Maharashtra PC-40,Maharashtra District 10,Road Construction/Repair,"Road Construction/Repair in Sector 4 #963, Maharashtra PC-40",PWD Division,1118024,2025-04-13,Completed,2025-09-07,False,
W000807,MP0121,Ashok Joshi,Maharashtra,Maharashtra PC-41,Maharashtra District 11,Drinking Water Supply,"Drinking Water Supply near Temple Road #729, Maharashtra PC-41",Zilla Panchayat,947172,2025-08-27,Completed,2025-11-07,False,
W000808,MP0121,Ashok Joshi,Maharashtra,Maharashtra PC-41,Maharashtra District 11,Drinking Water Supply,"Drinking Water Supply in Ward 7 #991, Maharashtra PC-41",State Water Board,561635,2025-03-31,Completed,2025-06-27,False,
W000809,MP0121,Ashok Joshi,Maharashtra,Maharashtra PC-41,Maharashtra District 11,Drinking Water Supply,"Drinking Water Supply in Ward 12 #809, Maharashtra PC-41",Block Development Office,756123,2025-04-20,Completed,2025-07-10,False,
W000810,MP0121,Ashok Joshi,Maharashtra,Maharashtra PC-41,Maharashtra District 11,Streetlight Installation,"Streetlight Installation in Ward 12 #345, Maharashtra PC-41",Block Development Office,230006,2025-02-15,Completed,2025-03-31,False,
W000811,MP0121,Ashok Joshi,Maharashtra,Maharashtra PC-41,Maharashtra District 11,Streetlight Installation,"Streetlight Installation near Primary Health Centre #534, Maharashtra PC-41",Municipal Corporation,300337,2025-03-19,Completed,2025-05-01,False,
W000812,MP0122,Rajesh Choudhary,Maharashtra,Maharashtra PC-42,Maharashtra District 11,School Building/Classroom,"School Building/Classroom near Railway Crossing #947, Maharashtra PC-42",Rural Engineering Services,1578449,2025-03-14,Completed,2025-09-16,False,
W000813,MP0122,Rajesh Choudhary,Maharashtra,Maharashtra PC-42,Maharashtra District 11,Health Sub-Centre Upgrade,"Health Sub-Centre Upgrade near Govt School #684, Maharashtra PC-42",Zilla Panchayat,1049883,2025-04-27,Completed,2025-11-01,False,
W000814,MP0122,Rajesh Choudhary,Maharashtra,Maharashtra PC-42,Maharashtra District 11,Community Hall,"Community Hall in Ward 12 #747, Maharashtra PC-42",Block Development Office,1615355,2025-01-07,Completed,2025-07-25,False,
W000815,MP0122,Rajesh Choudhary,Maharashtra,Maharashtra PC-42,Maharashtra District 11,Drainage/Sewage,"Drainage/Sewage near Primary Health Centre #228, Maharashtra PC-42",Municipal Corporation,674379,2026-07-05,Ongoing,,False,
W000816,MP0122,Rajesh Choudhary,Maharashtra,Maharashtra PC-42,Maharashtra District 11,Community Hall,"Community Hall in Sector 4 #761, Maharashtra PC-42",Zilla Panchayat,2333290,2025-01-06,Completed,2025-07-04,False,
W000817,MP0122,Rajesh Choudhary,Maharashtra,Maharashtra PC-42,Maharashtra District 11,Health Sub-Centre Upgrade,"Health Sub-Centre Upgrade near Primary Health Centre #897, Maharashtra PC-42",State Water Board,836834,2024-12-05,Completed,2025-03-26,False,
W000818,MP0123,Anil Reddy,Maharashtra,Maharashtra PC-43,Maharashtra District 11,Drainage/Sewage,"Drainage/Sewage near Community Centre #926, Maharashtra PC-43",Zilla Panchayat,648984,2025-06-22,Completed,2025-08-31,False,
W000819,MP0123,Anil Reddy,Maharashtra,Maharashtra PC-43,Maharashtra District 11,Community Hall,"Community Hall at Main Chowk #583, Maharashtra PC-43",State Water Board,1899726,2025-05-25,Completed,2026-01-15,False,
W000820,MP0123,Anil Reddy,Maharashtra,Maharashtra PC-43,Maharashtra District 11,Drinking Water Supply,"Drinking Water Supply near Govt School #74, Maharashtra PC-43",District Rural Dev. Agency,767054,2026-04-16,Completed,2026-08-06,False,
W000821,MP0123,Anil Reddy,Maharashtra,Maharashtra PC-43,Maharashtra District 11,Drinking Water Supply,"Drinking Water Supply near Panchayat Bhavan #645, Maharashtra PC-43",District Rural Dev. Agency,694212,2025-12-14,Completed,2026-02-18,False,
W000822,MP0123,Anil Reddy,Maharashtra,Maharashtra PC-43,Maharashtra District 11,School Building/Classroom,"School Building/Classroom near Community Centre #457, Maharashtra PC-43",State Electricity Board,1628807,2025-09-11,Completed,2026-04-26,False,
W000823,MP0123,Anil Reddy,Maharashtra,Maharashtra PC-43,Maharashtra District 11,Public Toilet Complex,"Public Toilet Complex at Ward 3 #479, Maharashtra PC-43",PWD Division,402360,2025-10-17,Completed,2025-12-16,False,
W000824,MP0123,Anil Reddy,Maharashtra,Maharashtra PC-43,Maharashtra District 11,Drinking Water Supply,"Drinking Water Supply at Village Entry Point #959, Maharashtra PC-43",State Electricity Board,955253,2025-05-11,Completed,2025-08-16,False,
W000825,MP0123,Anil Reddy,Maharashtra,Maharashtra PC-43,Maharashtra District 11,Streetlight Installation,"Streetlight Installation at Village Entry Point #813, Maharashtra PC-43",District Rural Dev. Agency,284801,2026-03-22,Completed,2026-05-10,False,
W000826,MP0124,Anil Mondal,Maharashtra,Maharashtra PC-44,Maharashtra District 11,Public Toilet Complex,"Public Toilet Complex at Village Entry Point #30, Maharashtra PC-44",PWD Division,418981,2026-01-11,Completed,2026-03-09,False,
W000827,MP0124,Anil Mondal,Maharashtra,Maharashtra PC-44,Maharashtra District 11,Irrigation Canal,"Irrigation Canal near Temple Road #978, Maharashtra PC-44",State Water Board,1617460,2024-11-11,Completed,2025-04-22,False,
W000828,MP0124,Anil Mondal,Maharashtra,Maharashtra PC-44,Maharashtra District 11,Drainage/Sewage,"Drainage/Sewage at Main Chowk #525, Maharashtra PC-44",Zilla Panchayat,659209,2025-05-12,Completed,2025-08-16,False,
W000829,MP0124,Anil Mondal,Maharashtra,Maharashtra PC-44,Maharashtra District 11,Public Toilet Complex,"Public Toilet Complex at Village Entry Point #903, Maharashtra PC-44",Block Development Office,321062,2026-03-29,Completed,2026-05-11,False,
W000830,MP0124,Anil Mondal,Maharashtra,Maharashtra PC-44,Maharashtra District 11,Road Construction/Repair,"Road Construction/Repair near Railway Crossing #258, Maharashtra PC-44",District Rural Dev. Agency,1407170,2025-12-14,Completed,2026-06-19,False,
W000831,MP0124,Anil Mondal,Maharashtra,Maharashtra PC-44,Maharashtra District 11,Drinking Water Supply,"Drinking Water Supply near Primary Health Centre #993, Maharashtra PC-44",State Electricity Board,709800,2025-12-11,Completed,2026-03-11,False,
W000832,MP0125,Lata Chauhan,Maharashtra,Maharashtra PC-45,Maharashtra District 12,Public Toilet Complex,"Public Toilet Complex near Panchayat Bhavan #195, Maharashtra PC-45",State Electricity Board,421118,2026-05-14,Completed,2026-07-25,False,
W000833,MP0125,Lata Chauhan,Maharashtra,Maharashtra PC-45,Maharashtra District 12,Drinking Water Supply,"Drinking Water Supply in Ward 7 #199, Maharashtra PC-45",Block Development Office,889940,2024-09-29,Completed,2024-12-31,False,
W000834,MP0125,Lata Chauhan,Maharashtra,Maharashtra PC-45,Maharashtra District 12,Drinking Water Supply,"Drinking Water Supply at Colony Gate #810, Maharashtra PC-45",PWD Division,746523,2025-02-09,Completed,2025-05-24,False,
W000835,MP0125,Lata Chauhan,Maharashtra,Maharashtra PC-45,Maharashtra District 12,Community Hall,"Community Hall near Panchayat Bhavan #574, Maharashtra PC-45",State Water Board,1848826,2026-04-12,Ongoing,,False,
W000836,MP0125,Lata Chauhan,Maharashtra,Maharashtra PC-45,Maharashtra District 12,Drainage/Sewage,"Drainage/Sewage near Govt School #65, Maharashtra PC-45",PWD Division,766554,2026-06-14,Ongoing,,False,
W000837,MP0125,Lata Chauhan,Maharashtra,Maharashtra PC-45,Maharashtra District 12,Streetlight Installation,"Streetlight Installation near Temple Road #885, Maharashtra PC-45",Rural Engineering Services,363239,2024-09-21,Completed,2024-11-10,False,
W000838,MP0125,Lata Chauhan,Maharashtra,Maharashtra PC-45,Maharashtra District 12,Irrigation Canal,"Irrigation Canal at Market Road #579, Maharashtra PC-45",State Water Board,1680070,2025-04-27,Completed,2025-10-13,False,
W000839,MP0125,Lata Chauhan,Maharashtra,Maharashtra PC-45,Maharashtra District 12,Streetlight Installation,"Streetlight Installation in Sector 4 #758, Maharashtra PC-45",District Rural Dev. Agency,267705,2026-01-09,Completed,2026-02-24,False,
W000840,MP0125,Lata Chauhan,Maharashtra,Maharashtra PC-45,Maharashtra District 12,School Building/Classroom,"School Building/Classroom near Temple Road #824, Maharashtra PC-45",District Rural Dev. Agency,1342406,2025-01-27,Completed,2025-08-05,False,
W000841,MP0126,Anil Kumar,Maharashtra,Maharashtra PC-46,Maharashtra District 12,Streetlight Installation,"Streetlight Installation near Primary Health Centre #906, Maharashtra PC-46",Zilla Panchayat,306498,2025-08-18,Completed,2025-10-09,False,
W000842,MP0126,Anil Kumar,Maharashtra,Maharashtra PC-46,Maharashtra District 12,Anganwadi Centre,"Anganwadi Centre near Bus Stand #814, Maharashtra PC-46",State Electricity Board,581475,2025-08-31,Completed,2025-12-18,False,
W000843,MP0126,Anil Kumar,Maharashtra,Maharashtra PC-46,Maharashtra District 12,Streetlight Installation,"Streetlight Installation near Primary Health Centre #541, Maharashtra PC-46",State Electricity Board,336810,2024-11-19,Completed,2025-01-21,False,
W000844,MP0126,Anil Kumar,Maharashtra,Maharashtra PC-46,Maharashtra District 12,Public Toilet Complex,"Public Toilet Complex in Ward 12 #258, Maharashtra PC-46",State Water Board,429128,2026-05-04,Completed,2026-07-18,False,
W000845,MP0127,Priya Singh,Maharashtra,Maharashtra PC-47,Maharashtra District 12,Drainage/Sewage,"Drainage/Sewage in Ward 12 #918, Maharashtra PC-47",Block Development Office,671520,2024-08-29,Completed,2024-12-10,False,
W000846,MP0127,Priya Singh,Maharashtra,Maharashtra PC-47,Maharashtra District 12,Health Sub-Centre Upgrade,"Health Sub-Centre Upgrade near Primary Health Centre #220, Maharashtra PC-47",Municipal Corporation,935449,2025-07-15,Completed,2025-11-27,False,
W000847,MP0127,Priya Singh,Maharashtra,Maharashtra PC-47,Maharashtra District 12,Public Toilet Complex,"Public Toilet Complex near Govt School #851, Maharashtra PC-47",Block Development Office,466854,2025-08-17,Completed,2025-10-08,False,
W000848,MP0127,Priya Singh,Maharashtra,Maharashtra PC-47,Maharashtra District 12,Drinking Water Supply,"Drinking Water Supply at Ward 3 #587, Maharashtra PC-47",State Electricity Board,794971,2025-03-24,Completed,2025-07-04,False,
W000849,MP0127,Priya Singh,Maharashtra,Maharashtra PC-47,Maharashtra District 12,Irrigation Canal,"Irrigation Canal near Railway Crossing #574, Maharashtra PC-47",Zilla Panchayat,2090763,2024-10-21,Completed,2025-05-18,False,
W000850,MP0128,Rekha Deshmukh,Maharashtra,Maharashtra PC-48,Maharashtra District 12,Community Hall,"Community Hall at Village Entry Point #364, Maharashtra PC-48",PWD Division,1938483,2024-11-17,Completed,2025-04-05,False,
W000851,MP0128,Rekha Deshmukh,Maharashtra,Maharashtra PC-48,Maharashtra District 12,Health Sub-Centre Upgrade,"Health Sub-Centre Upgrade at Main Chowk #130, Maharashtra PC-48",Zilla Panchayat,1167692,2025-10-11,Completed,2026-03-13,False,
W000852,MP0128,Rekha Deshmukh,Maharashtra,Maharashtra PC-48,Maharashtra District 12,Community Hall,"Community Hall at Colony Gate #943, Maharashtra PC-48",State Electricity Board,1914374,2025-06-16,Completed,2025-12-08,False,
W000853,MP0128,Rekha Deshmukh,Maharashtra,Maharashtra PC-48,Maharashtra District 12,Anganwadi Centre,"Anganwadi Centre at Ward 3 #174, Maharashtra PC-48",Zilla Panchayat,567451,2025-09-01,Completed,2025-12-16,False,
W000854,MP0128,Rekha Deshmukh,Maharashtra,Maharashtra PC-48,Maharashtra District 12,Health Sub-Centre Upgrade,"Health Sub-Centre Upgrade near Bus Depot #709, Maharashtra PC-48",Rural Engineering Services,1177163,2026-05-15,Ongoing,,False,
W000855,MP0128,Rekha Deshmukh,Maharashtra,Maharashtra PC-48,Maharashtra District 12,Anganwadi Centre,"Anganwadi Centre at Main Chowk #614, Maharashtra PC-48",Municipal Corporation,584238,2026-05-10,Ongoing,,False,
W000856,MP0128,Rekha Deshmukh,Maharashtra,Maharashtra PC-48,Maharashtra District 12,Health Sub-Centre Upgrade,"Health Sub-Centre Upgrade at Village Entry Point #911, Maharashtra PC-48",Zilla Panchayat,998374,2025-06-02,Completed,2025-11-23,False,
W000857,MP0129,Vijay Patel,West Bengal,West Bengal PC-1,West Bengal District 1,Public Toilet Complex,"Public Toilet Complex at Ward 3 #930, West Bengal PC-1",Rural Engineering Services,465769,2024-07-31,Completed,2024-09-19,False,
W000858,MP0129,Vijay Patel,West Bengal,West Bengal PC-1,West Bengal District 1,Community Hall,"Community Hall at Ward 3 #412, West Bengal PC-1",PWD Division,1602321,2025-04-06,Completed,2025-12-08,False,
W000859,MP0129,Vijay Patel,West Bengal,West Bengal PC-1,West Bengal District 1,Community Hall,"Community Hall at Ward 3 #654, West Bengal PC-1",Rural Engineering Services,2812998,2025-10-21,Ongoing,,False,
W000860,MP0129,Vijay Patel,West Bengal,West Bengal PC-1,West Bengal District 1,Public Toilet Complex,"Public Toilet Complex near Community Centre #480, West Bengal PC-1",Block Development Office,485350,2025-09-29,Completed,2025-12-06,False,
W000861,MP0129,Vijay Patel,West Bengal,West Bengal PC-1,West Bengal District 1,Road Construction/Repair,"Road Construction/Repair at Main Chowk #904, West Bengal PC-1",State Electricity Board,1097016,2026-01-09,Completed,2026-07-06,False,
W000862,MP0129,Vijay Patel,West Bengal,West Bengal PC-1,West Bengal District 1,Drinking Water Supply,"Drinking Water Supply near Primary Health Centre #167, West Bengal PC-1",Municipal Corporation,766677,2025-07-25,Completed,2025-10-25,False,
W000863,MP0129,Vijay Patel,West Bengal,West Bengal PC-1,West Bengal District 1,Public Toilet Complex,"Public Toilet Complex at Main Chowk #980, West Bengal PC-1",District Rural Dev. Agency,399817,2024-07-21,Completed,2024-09-29,False,
W000864,MP0130,Harish Kumar,West Bengal,West Bengal PC-2,West Bengal District 1,Drinking Water Supply,"Drinking Water Supply near Bus Stand #635, West Bengal PC-2",PWD Division,932096,2025-03-02,Completed,2025-05-09,False,
W000865,MP0130,Harish Kumar,West Bengal,West Bengal PC-2,West Bengal District 1,Public Toilet Complex,"Public Toilet Complex at Ward 3 #630, West Bengal PC-2",Zilla Panchayat,523959,2025-09-20,Completed,2025-11-07,False,
W000866,MP0130,Harish Kumar,West Bengal,West Bengal PC-2,West Bengal District 1,Drainage/Sewage,"Drainage/Sewage in Ward 12 #574, West Bengal PC-2",State Electricity Board,900149,2025-11-08,Completed,2025-12-25,False,
W000867,MP0130,Harish Kumar,West Bengal,West Bengal PC-2,West Bengal District 1,Community Hall,"Community Hall in Ward 7 #832, West Bengal PC-2",PWD Division,2174505,2025-02-20,Completed,2025-10-21,False,
W000868,MP0131,Sanjeev Pandey,West Bengal,West Bengal PC-3,West Bengal District 1,Drinking Water Supply,"Drinking Water Supply near Temple Road #114, West Bengal PC-3",Rural Engineering Services,720800,2026-07-16,Ongoing,,False,
W000869,MP0131,Sanjeev Pandey,West Bengal,West Bengal PC-3,West Bengal District 1,Public Toilet Complex,"Public Toilet Complex at Market Road #90, West Bengal PC-3",Zilla Panchayat,500002,2025-11-19,Completed,2026-01-16,False,
W000870,MP0131,Sanjeev Pandey,West Bengal,West Bengal PC-3,West Bengal District 1,Community Hall,"Community Hall near Bus Stand #310, West Bengal PC-3",Zilla Panchayat,1973607,2024-11-13,Completed,2025-03-16,False,
W000871,MP0131,Sanjeev Pandey,West Bengal,West Bengal PC-3,West Bengal District 1,Drainage/Sewage,"Drainage/Sewage near Primary Health Centre #591, West Bengal PC-3",State Water Board,584098,2025-06-22,Completed,2025-10-06,False,
W000872,MP0131,Sanjeev Pandey,West Bengal,West Bengal PC-3,West Bengal District 1,Streetlight Installation,"Streetlight Installation near Govt School #45, West Bengal PC-3",Rural Engineering Services,361037,2025-10-30,Completed,2025-12-20,False,
W000873,MP0131,Sanjeev Pandey,West Bengal,West Bengal PC-3,West Bengal District 1,Streetlight Installation,"Streetlight Installation near Govt School #45, West Bengal PC-3 (Phase II)",Rural Engineering Services,294582,2025-11-25,Sanctioned,,True,duplicate_work
W000874,MP0132,Anita Choudhary,West Bengal,West Bengal PC-4,West Bengal District 1,Public Toilet Complex,"Public Toilet Complex near Bus Stand #858, West Bengal PC-4",Rural Engineering Services,356091,2026-03-23,Completed,2026-05-08,False,
W000875,MP0132,Anita Choudhary,West Bengal,West Bengal PC-4,West Bengal District 1,Road Construction/Repair,"Road Construction/Repair near Primary Health Centre #442, West Bengal PC-4",PWD Division,1239984,2025-01-23,Completed,2025-06-28,False,
W000876,MP0132,Anita Choudhary,West Bengal,West Bengal PC-4,West Bengal District 1,Road Construction/Repair,"Road Construction/Repair in Sector 4 #724, West Bengal PC-4",Municipal Corporation,1174671,2025-06-17,Completed,2025-11-12,False,
W000877,MP0132,Anita Choudhary,West Bengal,West Bengal PC-4,West Bengal District 1,School Building/Classroom,"School Building/Classroom in Sector 4 #867, West Bengal PC-4",State Water Board,1811081,2026-07-12,Ongoing,,False,
W000878,MP0132,Anita Choudhary,West Bengal,West Bengal PC-4,West Bengal District 1,Streetlight Installation,"Streetlight Installation near Railway Crossing #167, West Bengal PC-4",PWD Division,269709,2025-04-28,Completed,2025-06-05,False,
W000879,MP0132,Anita Choudhary,West Bengal,West Bengal PC-4,West Bengal District 1,Anganwadi Centre,"Anganwadi Centre near Bus Depot #857, West Bengal PC-4",Municipal Corporation,478191,2025-04-22,Completed,2025-08-18,False,
W000880,MP0132,Anita Choudhary,West Bengal,West Bengal PC-4,West Bengal District 1,Streetlight Installation,"Streetlight Installation at Village Entry Point #551, West Bengal PC-4",State Water Board,288518,2025-09-08,Completed,2025-10-21,False,
W000881,MP0132,Anita Choudhary,West Bengal,West Bengal PC-4,West Bengal District 1,Streetlight Installation,"Streetlight Installation near Railway Crossing #167, West Bengal PC-4 (Phase II)",PWD Division,302331,2025-06-09,Sanctioned,,True,duplicate_work
W000882,MP0133,Naresh Roy,West Bengal,West Bengal PC-5,West Bengal District 2,Road Construction/Repair,"Road Construction/Repair near Railway Crossing #545, West Bengal PC-5",Rural Engineering Services,1465898,2025-04-12,Completed,2025-09-02,False,
W000883,MP0133,Naresh Roy,West Bengal,West Bengal PC-5,West Bengal District 2,School Building/Classroom,"School Building/Classroom at Ward 3 #846, West Bengal PC-5",Zilla Panchayat,1851154,2026-04-10,Ongoing,,False,
W000884,MP0133,Naresh Roy,West Bengal,West Bengal PC-5,West Bengal District 2,Streetlight Installation,"Streetlight Installation near Railway Crossing #551, West Bengal PC-5",Block Development Office,239311,2025-07-04,Completed,2025-08-10,False,
W000885,MP0133,Naresh Roy,West Bengal,West Bengal PC-5,West Bengal District 2,Drinking Water Supply,"Drinking Water Supply in Ward 7 #55, West Bengal PC-5",State Electricity Board,1009354,2024-12-28,Completed,2025-04-02,False,
W000886,MP0133,Naresh Roy,West Bengal,West Bengal PC-5,West Bengal District 2,Irrigation Canal,"Irrigation Canal near Temple Road #532, West Bengal PC-5",Rural Engineering Services,1825653,2025-10-25,Ongoing,,False,
W000887,MP0133,Naresh Roy,West Bengal,West Bengal PC-5,West Bengal District 2,Drinking Water Supply,"Drinking Water Supply near Panchayat Bhavan #929, West Bengal PC-5",Rural Engineering Services,515220,2024-12-30,Completed,2025-04-13,False,
W000888,MP0134,Anita Deshmukh,West Bengal,West Bengal PC-6,West Bengal District 2,Drainage/Sewage,"Drainage/Sewage at Main Chowk #181, West Bengal PC-6",Block Development Office,630759,2025-04-22,Completed,2025-07-23,False,
W000889,MP0134,Anita Deshmukh,West Bengal,West Bengal PC-6,West Bengal District 2,Public Toilet Complex,"Public Toilet Complex in Ward 7 #764, West Bengal PC-6",State Electricity Board,333104,2024-11-25,Completed,2025-01-21,False,
W000890,MP0134,Anita Deshmukh,West Bengal,West Bengal PC-6,West Bengal District 2,Drainage/Sewage,"Drainage/Sewage at Village Entry Point #984, West Bengal PC-6",Block Development Office,651819,2025-06-05,Completed,2025-08-21,False,
W000891,MP0134,Anita Deshmukh,West Bengal,West Bengal PC-6,West Bengal District 2,Road Construction/Repair,"Road Construction/Repair near Panchayat Bhavan #657, West Bengal PC-6",Zilla Panchayat,793460,2026-07-23,Ongoing,,False,
W000892,MP0134,Anita Deshmukh,West Bengal,West Bengal PC-6,West Bengal District 2,Drainage/Sewage,"Drainage/Sewage near Bus Stand #712, West Bengal PC-6",Municipal Corporation,816403,2025-04-08,Completed,2025-07-24,False,
W000893,MP0134,Anita Deshmukh,West Bengal,West Bengal PC-6,West Bengal District 2,Health Sub-Centre Upgrade,"Health Sub-Centre Upgrade near Bus Stand #69, West Bengal PC-6",State Water Board,1056316,2025-08-09,Completed,2026-02-22,False,
W000894,MP0134,Anita Deshmukh,West Bengal,West Bengal PC-6,West Bengal District 2,Irrigation Canal,"Irrigation Canal near Bus Stand #371, West Bengal PC-6",PWD Division,2141064,2026-05-05,Ongoing,,False,
W000895,MP0134,Anita Deshmukh,West Bengal,West Bengal PC-6,West Bengal District 2,Drinking Water Supply,"Drinking Water Supply at Main Chowk #664, West Bengal PC-6",Municipal Corporation,815923,2026-01-14,Completed,2026-03-19,False,
W000896,MP0134,Anita Deshmukh,West Bengal,West Bengal PC-6,West Bengal District 2,Irrigation Canal,"Irrigation Canal at Colony Gate #183, West Bengal PC-6",State Water Board,2003771,2026-01-18,Ongoing,,False,
W000897,MP0135,Manoj Thakur,West Bengal,West Bengal PC-7,West Bengal District 2,Drainage/Sewage,"Drainage/Sewage near Temple Road #178, West Bengal PC-7",Block Development Office,505254,2025-05-20,Completed,2025-10-22,False,
W000898,MP0135,Manoj Thakur,West Bengal,West Bengal PC-7,West Bengal District 2,Anganwadi Centre,"Anganwadi Centre at Colony Gate #853, West Bengal PC-7",Zilla Panchayat,528395,2025-10-19,Completed,2026-02-08,False,
W000899,MP0135,Manoj Thakur,West Bengal,West Bengal PC-7,West Bengal District 2,Community Hall,"Community Hall in Ward 12 #849, West Bengal PC-7",PWD Division,1776756,2026-04-14,Ongoing,,False,
W000900,MP0135,Manoj Thakur,West Bengal,West Bengal PC-7,West Bengal District 2,Community Hall,"Community Hall near Panchayat Bhavan #687, West Bengal PC-7",Zilla Panchayat,1926055,2025-04-27,Completed,2025-12-05,False,
W000901,MP0135,Manoj Thakur,West Bengal,West Bengal PC-7,West Bengal District 2,Streetlight Installation,"Streetlight Installation near Govt School #75, West Bengal PC-7",State Water Board,219727,2026-01-25,Completed,2026-03-13,False,
W000902,MP0135,Manoj Thakur,West Bengal,West Bengal PC-7,West Bengal District 2,Drinking Water Supply,"Drinking Water Supply in Sector 4 #185, West Bengal PC-7",Municipal Corporation,875466,2024-08-09,Completed,2024-10-21,False,
W000903,MP0135,Manoj Thakur,West Bengal,West Bengal PC-7,West Bengal District 2,Drinking Water Supply,"Drinking Water Supply in Ward 12 #261, West Bengal PC-7",PWD Division,800000,2024-06-27,Ongoing,,True,stuck_ongoing
W000904,MP0136,Satish Pandey,West Bengal,West Bengal PC-8,West Bengal District 2,Drinking Water Supply,"Drinking Water Supply at Ward 3 #16, West Bengal PC-8",Rural Engineering Services,677296,2025-01-21,Completed,2025-04-09,False,
W000905,MP0136,Satish Pandey,West Bengal,West Bengal PC-8,West Bengal District 2,Drainage/Sewage,"Drainage/Sewage at Market Road #740, West Bengal PC-8",Municipal Corporation,815972,2025-07-02,Completed,2025-09-23,False,
W000906,MP0136,Satish Pandey,West Bengal,West Bengal PC-8,West Bengal District 2,School Building/Classroom,"School Building/Classroom at Market Road #258, West Bengal PC-8",Municipal Corporation,1692717,2024-06-29,Completed,2025-01-11,False,
W000907,MP0136,Satish Pandey,West Bengal,West Bengal PC-8,West Bengal District 2,Streetlight Installation,"Streetlight Installation in Ward 7 #115, West Bengal PC-8",District Rural Dev. Agency,252195,2025-09-01,Completed,2025-10-28,False,
W000908,MP0136,Satish Pandey,West Bengal,West Bengal PC-8,West Bengal District 2,Community Hall,"Community Hall in Sector 4 #955, West Bengal PC-8",Municipal Corporation,1607086,2025-10-09,Completed,2026-07-17,False,
W000909,MP0136,Satish Pandey,West Bengal,West Bengal PC-8,West Bengal District 2,Road Construction/Repair,"Road Construction/Repair near Panchayat Bhavan #781, West Bengal PC-8",Rural Engineering Services,1055830,2025-11-21,Completed,2026-03-24,False,
W000910,MP0136,Satish Pandey,West Bengal,West Bengal PC-8,West Bengal District 2,Health Sub-Centre Upgrade,"Health Sub-Centre Upgrade at Village Entry Point #657, West Bengal PC-8",District Rural Dev. Agency,1390565,2026-02-22,Ongoing,,False,
W000911,MP0136,Satish Pandey,West Bengal,West Bengal PC-8,West Bengal District 2,Anganwadi Centre,"Anganwadi Centre near Govt School #680, West Bengal PC-8",State Water Board,548873,2025-09-09,Completed,2026-01-12,False,
W000912,MP0136,Satish Pandey,West Bengal,West Bengal PC-8,West Bengal District 2,Health Sub-Centre Upgrade,"Health Sub-Centre Upgrade at Village Entry Point #484, West Bengal PC-8",District Rural Dev. Agency,1260369,2025-10-10,Completed,2026-05-17,False,
W000913,MP0137,Vikram Sharma,West Bengal,West Bengal PC-9,West Bengal District 3,Drinking Water Supply,"Drinking Water Supply near Bus Depot #121, West Bengal PC-9",State Electricity Board,766835,2025-03-31,Completed,2025-06-08,False,
W000914,MP0137,Vikram Sharma,West Bengal,West Bengal PC-9,West Bengal District 3,Anganwadi Centre,"Anganwadi Centre in Ward 7 #437, West Bengal PC-9",State Electricity Board,630124,2024-12-16,Completed,2025-03-31,False,
W000915,MP0137,Vikram Sharma,West Bengal,West Bengal PC-9,West Bengal District 3,Anganwadi Centre,"Anganwadi Centre at Main Chowk #273, West Bengal PC-9",PWD Division,462338,2025-07-29,Completed,2025-11-13,False,
W000916,MP0137,Vikram Sharma,West Bengal,West Bengal PC-9,West Bengal District 3,Streetlight Installation,"Streetlight Installation near Bus Depot #347, West Bengal PC-9",State Electricity Board,363612,2025-11-18,Completed,2025-12-21,False,
W000917,MP0138,Satish Yadav,West Bengal,West Bengal PC-10,West Bengal District 3,Irrigation Canal,"Irrigation Canal near Bus Depot #577, West Bengal PC-10",Rural Engineering Services,1911665,2025-03-03,Completed,2025-10-07,False,
W000918,MP0138,Satish Yadav,West Bengal,West Bengal PC-10,West Bengal District 3,Public Toilet Complex,"Public Toilet Complex at Main Chowk #443, West Bengal PC-10",Block Development Office,382427,2025-08-29,Completed,2025-11-25,False,
W000919,MP0138,Satish Yadav,West Bengal,West Bengal PC-10,West Bengal District 3,Irrigation Canal,"Irrigation Canal at Village Entry Point #523, West Bengal PC-10",PWD Division,1696674,2024-10-17,Completed,2025-08-05,False,
W000920,MP0138,Satish Yadav,West Bengal,West Bengal PC-10,West Bengal District 3,Streetlight Installation,"Streetlight Installation at Main Chowk #272, West Bengal PC-10",Rural Engineering Services,308444,2025-05-08,Completed,2025-07-07,False,
W000921,MP0139,Vikram Choudhary,West Bengal,West Bengal PC-11,West Bengal District 3,School Building/Classroom,"School Building/Classroom at Colony Gate #101, West Bengal PC-11",Zilla Panchayat,1557717,2025-07-30,Completed,2026-02-17,False,
W000922,MP0139,Vikram Choudhary,West Bengal,West Bengal PC-11,West Bengal District 3,Community Hall,"Community Hall at Market Road #721, West Bengal PC-11",State Water Board,1859481,2025-04-20,Completed,2025-10-11,False,
W000923,MP0139,Vikram Choudhary,West Bengal,West Bengal PC-11,West Bengal District 3,Anganwadi Centre,"Anganwadi Centre near Community Centre #12, West Bengal PC-11",State Electricity Board,567379,2025-03-05,Completed,2025-05-09,False,
W000924,MP0139,Vikram Choudhary,West Bengal,West Bengal PC-11,West Bengal District 3,Irrigation Canal,"Irrigation Canal near Bus Depot #33, West Bengal PC-11",PWD Division,1993593,2025-11-19,Completed,2026-06-10,False,
W000925,MP0139,Vikram Choudhary,West Bengal,West Bengal PC-11,West Bengal District 3,Irrigation Canal,"Irrigation Canal near Bus Depot #143, West Bengal PC-11",Rural Engineering Services,1793487,2026-03-22,Completed,2026-06-07,False,
W000926,MP0139,Vikram Choudhary,West Bengal,West Bengal PC-11,West Bengal District 3,Streetlight Installation,"Streetlight Installation in Ward 12 #969, West Bengal PC-11",Municipal Corporation,303612,2025-05-18,Completed,2025-06-26,False,
W000927,MP0139,Vikram Choudhary,West Bengal,West Bengal PC-11,West Bengal District 3,Streetlight Installation,"Streetlight Installation at Market Road #667, West Bengal PC-11",PWD Division,314666,2025-12-19,Completed,2026-01-18,False,
W000928,MP0140,Lata Iyer,West Bengal,West Bengal PC-12,West Bengal District 3,Road Construction/Repair,"Road Construction/Repair near Bus Stand #871, West Bengal PC-12",State Electricity Board,1104948,2025-04-16,Completed,2025-08-07,False,
W000929,MP0140,Lata Iyer,West Bengal,West Bengal PC-12,West Bengal District 3,Road Construction/Repair,"Road Construction/Repair at Colony Gate #860, West Bengal PC-12",State Water Board,1090243,2025-03-11,Completed,2025-07-21,False,
W000930,MP0140,Lata Iyer,West Bengal,West Bengal PC-12,West Bengal District 3,Community Hall,"Community Hall near Railway Crossing #962, West Bengal PC-12",State Water Board,2381084,2024-09-29,Completed,2025-02-11,False,
W000931,MP0140,Lata Iyer,West Bengal,West Bengal PC-12,West Bengal District 3,Drinking Water Supply,"Drinking Water Supply near Govt School #13, West Bengal PC-12",Block Development Office,791153,2025-05-31,Completed,2025-09-07,False,
W000932,MP0140,Lata Iyer,West Bengal,West Bengal PC-12,West Bengal District 3,Streetlight Installation,"Streetlight Installation at Village Entry Point #383, West Bengal PC-12",State Electricity Board,271343,2025-02-19,Completed,2025-04-10,False,
W000933,MP0141,Manoj Bhatt,West Bengal,West Bengal PC-13,West Bengal District 4,Anganwadi Centre,"Anganwadi Centre near Panchayat Bhavan #482, West Bengal PC-13",Rural Engineering Services,563394,2024-06-05,Completed,2024-10-08,False,
W000934,MP0141,Manoj Bhatt,West Bengal,West Bengal PC-13,West Bengal District 4,Community Hall,"Community Hall at Colony Gate #999, West Bengal PC-13",State Water Board,2234040,2025-02-02,Completed,2025-09-10,False,
W000935,MP0141,Manoj Bhatt,West Bengal,West Bengal PC-13,West Bengal District 4,Streetlight Installation,"Streetlight Installation near Temple Road #423, West Bengal PC-13",PWD Division,313913,2025-07-04,Completed,2025-08-18,False,
W000936,MP0141,Manoj Bhatt,West Bengal,West Bengal PC-13,West Bengal District 4,Road Construction/Repair,"Road Construction/Repair in Ward 7 #858, West Bengal PC-13",District Rural Dev. Agency,1191960,2025-04-25,Completed,2025-09-14,False,
W000937,MP0141,Manoj Bhatt,West Bengal,West Bengal PC-13,West Bengal District 4,Road Construction/Repair,"Road Construction/Repair near Community Centre #487, West Bengal PC-13",Municipal Corporation,1509684,2025-12-28,Completed,2026-07-12,False,
W000938,MP0141,Manoj Bhatt,West Bengal,West Bengal PC-13,West Bengal District 4,Irrigation Canal,"Irrigation Canal near Primary Health Centre #268, West Bengal PC-13",Block Development Office,1666903,2026-01-26,Ongoing,,False,
W000939,MP0141,Manoj Bhatt,West Bengal,West Bengal PC-13,West Bengal District 4,Community Hall,"Community Hall near Community Centre #984, West Bengal PC-13",Zilla Panchayat,2477611,2026-01-23,Ongoing,,False,
W000940,MP0141,Manoj Bhatt,West Bengal,West Bengal PC-13,West Bengal District 4,Health Sub-Centre Upgrade,"Health Sub-Centre Upgrade near Primary Health Centre #139, West Bengal PC-13",Municipal Corporation,908799,2025-12-11,Completed,2026-05-28,False,
W000941,MP0141,Manoj Bhatt,West Bengal,West Bengal PC-13,West Bengal District 4,Public Toilet Complex,"Public Toilet Complex at Ward 3 #433, West Bengal PC-13",District Rural Dev. Agency,316148,2026-04-08,Completed,2026-05-28,False,
W000942,MP0142,Vikram Roy,West Bengal,West Bengal PC-14,West Bengal District 4,Anganwadi Centre,"Anganwadi Centre near Community Centre #678, West Bengal PC-14",Block Development Office,616894,2025-10-29,Completed,2026-01-15,False,
W000943,MP0142,Vikram Roy,West Bengal,West Bengal PC-14,West Bengal District 4,Community Hall,"Community Hall near Community Centre #730, West Bengal PC-14",Municipal Corporation,1763484,2025-12-06,Ongoing,,False,
W000944,MP0142,Vikram Roy,West Bengal,West Bengal PC-14,West Bengal District 4,Health Sub-Centre Upgrade,"Health Sub-Centre Upgrade at Ward 3 #840, West Bengal PC-14",Zilla Panchayat,1249347,2025-12-15,Completed,2026-05-30,False,
W000945,MP0142,Vikram Roy,West Bengal,West Bengal PC-14,West Bengal District 4,Drinking Water Supply,"Drinking Water Supply in Sector 4 #772, West Bengal PC-14",PWD Division,514002,2025-03-15,Completed,2025-06-12,False,
W000946,MP0142,Vikram Roy,West Bengal,West Bengal PC-14,West Bengal District 4,School Building/Classroom,"School Building/Classroom near Temple Road #76, West Bengal PC-14",Municipal Corporation,1620842,2026-04-08,Ongoing,,False,
W000947,MP0142,Vikram Roy,West Bengal,West Bengal PC-14,West Bengal District 4,Irrigation Canal,"Irrigation Canal in Sector 4 #670, West Bengal PC-14",Block Development Office,1671815,2025-01-07,Completed,2025-09-27,False,
W000948,MP0142,Vikram Roy,West Bengal,West Bengal PC-14,West Bengal District 4,Irrigation Canal,"Irrigation Canal at Colony Gate #674, West Bengal PC-14",Zilla Panchayat,1687094,2025-01-21,Completed,2025-07-19,False,
W000949,MP0142,Vikram Roy,West Bengal,West Bengal PC-14,West Bengal District 4,Irrigation Canal,"Irrigation Canal near Panchayat Bhavan #607, West Bengal PC-14",District Rural Dev. Agency,1914492,2024-12-02,Completed,2025-07-10,False,
W000950,MP0143,Ramesh Naidu,West Bengal,West Bengal PC-15,West Bengal District 4,Health Sub-Centre Upgrade,"Health Sub-Centre Upgrade near Community Centre #422, West Bengal PC-15",Municipal Corporation,1166839,2025-10-24,Completed,2026-03-07,False,
W000951,MP0143,Ramesh Naidu,West Bengal,West Bengal PC-15,West Bengal District 4,Streetlight Installation,"Streetlight Installation near Bus Stand #59, West Bengal PC-15",State Water Board,268504,2024-08-30,Completed,2024-10-09,False,
W000952,MP0143,Ramesh Naidu,West Bengal,West Bengal PC-15,West Bengal District 4,Public Toilet Complex,"Public Toilet Complex near Panchayat Bhavan #819, West Bengal PC-15",State Electricity Board,430683,2026-01-27,Completed,2026-03-14,False,
W000953,MP0143,Ramesh Naidu,West Bengal,West Bengal PC-15,West Bengal District 4,Road Construction/Repair,"Road Construction/Repair near Bus Depot #780, West Bengal PC-15",State Electricity Board,1215897,2025-04-13,Completed,2025-09-16,False,
W000954,MP0143,Ramesh Naidu,West Bengal,West Bengal PC-15,West Bengal District 4,School Building/Classroom,"School Building/Classroom near Railway Crossing #805, West Bengal PC-15",State Electricity Board,1543885,2026-02-26,Ongoing,,False,
W000955,MP0143,Ramesh Naidu,West Bengal,West Bengal PC-15,West Bengal District 4,Community Hall,"Community Hall near Bus Stand #213, West Bengal PC-15",Block Development Office,1708933,2025-12-21,Ongoing,,False,
W000956,MP0143,Ramesh Naidu,West Bengal,West Bengal PC-15,West Bengal District 4,Irrigation Canal,"Irrigation Canal in Ward 12 #985, West Bengal PC-15",Block Development Office,1568174,2026-03-01,Ongoing,,False,
W000957,MP0143,Ramesh Naidu,West Bengal,West Bengal PC-15,West Bengal District 4,School Building/Classroom,"School Building/Classroom at Market Road #369, West Bengal PC-15",Rural Engineering Services,1336737,2026-03-13,Completed,2026-08-28,False,
W000958,MP0144,Sunita Chatterjee,West Bengal,West Bengal PC-16,West Bengal District 4,Streetlight Installation,"Streetlight Installation at Village Entry Point #901, West Bengal PC-16",Municipal Corporation,324202,2025-07-16,Completed,2025-08-24,False,
W000959,MP0144,Sunita Chatterjee,West Bengal,West Bengal PC-16,West Bengal District 4,Drainage/Sewage,"Drainage/Sewage at Ward 3 #523, West Bengal PC-16",Zilla Panchayat,642264,2026-06-04,Ongoing,,False,
W000960,MP0144,Sunita Chatterjee,West Bengal,West Bengal PC-16,West Bengal District 4,School Building/Classroom,"School Building/Classroom near Temple Road #481, West Bengal PC-16",Block Development Office,1690084,2025-12-23,Completed,2026-05-14,False,
W000961,MP0144,Sunita Chatterjee,West Bengal,West Bengal PC-16,West Bengal District 4,Public Toilet Complex,"Public Toilet Complex near Railway Crossing #365, West Bengal PC-16",State Electricity Board,383656,2024-08-18,Completed,2024-10-13,False,
W000962,MP0144,Sunita Chatterjee,West Bengal,West Bengal PC-16,West Bengal District 4,Streetlight Installation,"Streetlight Installation near Railway Crossing #494, West Bengal PC-16",Block Development Office,287415,2025-12-13,Completed,2026-01-30,False,
W000963,MP0144,Sunita Chatterjee,West Bengal,West Bengal PC-16,West Bengal District 4,Road Construction/Repair,"Road Construction/Repair in Ward 12 #986, West Bengal PC-16",Municipal Corporation,1147732,2025-05-31,Completed,2025-09-30,False,
W000964,MP0144,Sunita Chatterjee,West Bengal,West Bengal PC-16,West Bengal District 4,Drainage/Sewage,"Drainage/Sewage at Village Entry Point #990, West Bengal PC-16",Rural Engineering Services,695028,2025-12-21,Completed,2026-03-22,False,
W000965,MP0145,Neelam Thakur,West Bengal,West Bengal PC-17,West Bengal District 5,Drainage/Sewage,"Drainage/Sewage in Ward 7 #616, West Bengal PC-17",State Water Board,714098,2025-02-08,Completed,2025-05-09,False,
W000966,MP0145,Neelam Thakur,West Bengal,West Bengal PC-17,West Bengal District 5,Anganwadi Centre,"Anganwadi Centre near Panchayat Bhavan #610, West Bengal PC-17",PWD Division,483831,2025-04-12,Completed,2025-08-03,False,
W000967,MP0145,Neelam Thakur,West Bengal,West Bengal PC-17,West Bengal District 5,Irrigation Canal,"Irrigation Canal near Community Centre #30, West Bengal PC-17",Block Development Office,1954539,2026-01-18,Ongoing,,False,
W000968,MP0145,Neelam Thakur,West Bengal,West Bengal PC-17,West Bengal District 5,Drinking Water Supply,"Drinking Water Supply in Ward 7 #255, West Bengal PC-17",PWD Division,801446,2025-10-21,Completed,2026-02-01,False,
W000969,MP0145,Neelam Thakur,West Bengal,West Bengal PC-17,West Bengal District 5,Road Construction/Repair,"Road Construction/Repair at Village Entry Point #923, West Bengal PC-17",Municipal Corporation,893729,2025-08-19,Completed,2026-01-08,False,
W000970,MP0145,Neelam Thakur,West Bengal,West Bengal PC-17,West Bengal District 5,Community Hall,"Community Hall near Govt School #958, West Bengal PC-17",PWD Division,1102542,2025-04-02,Completed,2025-11-10,False,
W000971,MP0145,Neelam Thakur,West Bengal,West Bengal PC-17,West Bengal District 5,Anganwadi Centre,"Anganwadi Centre near Panchayat Bhavan #610, West Bengal PC-17 (Phase II)",PWD Division,615306,2025-05-11,Sanctioned,,True,duplicate_work
W000972,MP0146,Harish Sharma,West Bengal,West Bengal PC-18,West Bengal District 5,Irrigation Canal,"Irrigation Canal near Railway Crossing #299, West Bengal PC-18",District Rural Dev. Agency,1540201,2026-07-04,Ongoing,,False,
W000973,MP0146,Harish Sharma,West Bengal,West Bengal PC-18,West Bengal District 5,Health Sub-Centre Upgrade,"Health Sub-Centre Upgrade near Community Centre #950, West Bengal PC-18",State Electricity Board,1082622,2025-11-28,Completed,2026-06-09,False,
W000974,MP0146,Harish Sharma,West Bengal,West Bengal PC-18,West Bengal District 5,Drinking Water Supply,"Drinking Water Supply in Ward 7 #65, West Bengal PC-18",State Water Board,670710,2025-08-19,Completed,2025-11-13,False,
W000975,MP0146,Harish Sharma,West Bengal,West Bengal PC-18,West Bengal District 5,Public Toilet Complex,"Public Toilet Complex near Community Centre #889, West Bengal PC-18",PWD Division,339498,2024-11-01,Completed,2025-01-11,False,
W000976,MP0147,Arun Thakur,West Bengal,West Bengal PC-19,West Bengal District 5,Irrigation Canal,"Irrigation Canal near Primary Health Centre #952, West Bengal PC-19",State Electricity Board,1660475,2024-12-29,Completed,2025-09-19,False,
W000977,MP0147,Arun Thakur,West Bengal,West Bengal PC-19,West Bengal District 5,Irrigation Canal,"Irrigation Canal near Primary Health Centre #433, West Bengal PC-19",PWD Division,1557041,2024-12-15,Completed,2025-09-23,False,
W000978,MP0147,Arun Thakur,West Bengal,West Bengal PC-19,West Bengal District 5,Health Sub-Centre Upgrade,"Health Sub-Centre Upgrade near Govt School #817, West Bengal PC-19",State Water Board,997682,2025-03-17,Completed,2025-07-14,False,
W000979,MP0147,Arun Thakur,West Bengal,West Bengal PC-19,West Bengal District 5,Drinking Water Supply,"Drinking Water Supply at Main Chowk #156, West Bengal PC-19",State Electricity Board,906841,2025-04-16,Completed,2025-08-01,False,
W000980,MP0147,Arun Thakur,West Bengal,West Bengal PC-19,West Bengal District 5,Community Hall,"Community Hall at Colony Gate #237, West Bengal PC-19",State Electricity Board,1993736,2025-01-18,Completed,2025-07-20,False,
W000981,MP0147,Arun Thakur,West Bengal,West Bengal PC-19,West Bengal District 5,Public Toilet Complex,"Public Toilet Complex near Bus Depot #142, West Bengal PC-19",Zilla Panchayat,464957,2025-05-22,Completed,2025-08-08,False,
W000982,MP0147,Arun Thakur,West Bengal,West Bengal PC-19,West Bengal District 5,Irrigation Canal,"Irrigation Canal near Primary Health Centre #952, West Bengal PC-19 (Phase II)",State Electricity Board,2113910,2025-02-07,Sanctioned,,True,duplicate_work
W000983,MP0148,Sanjay Nair,West Bengal,West Bengal PC-20,West Bengal District 5,Community Hall,"Community Hall near Temple Road #340, West Bengal PC-20",State Water Board,2606569,2025-09-12,Completed,2026-04-14,False,
W000984,MP0148,Sanjay Nair,West Bengal,West Bengal PC-20,West Bengal District 5,Road Construction/Repair,"Road Construction/Repair at Village Entry Point #227, West Bengal PC-20",PWD Division,1162562,2024-10-11,Completed,2025-03-09,False,
W000985,MP0148,Sanjay Nair,West Bengal,West Bengal PC-20,West Bengal District 5,Irrigation Canal,"Irrigation Canal near Panchayat Bhavan #656, West Bengal PC-20",State Water Board,1467261,2025-11-29,Ongoing,,False,
W000986,MP0148,Sanjay Nair,West Bengal,West Bengal PC-20,West Bengal District 5,Anganwadi Centre,"Anganwadi Centre in Ward 7 #319, West Bengal PC-20",Rural Engineering Services,466042,2025-11-26,Completed,2026-02-18,False,
W000987,MP0148,Sanjay Nair,West Bengal,West Bengal PC-20,West Bengal District 5,Drainage/Sewage,"Drainage/Sewage in Ward 7 #475, West Bengal PC-20",Municipal Corporation,745737,2025-05-24,Completed,2025-09-05,False,
W000988,MP0148,Sanjay Nair,West Bengal,West Bengal PC-20,West Bengal District 5,Streetlight Installation,"Streetlight Installation in Ward 12 #739, West Bengal PC-20",State Water Board,343805,2025-10-22,Completed,2025-11-30,False,
W000989,MP0148,Sanjay Nair,West Bengal,West Bengal PC-20,West Bengal District 5,Drainage/Sewage,"Drainage/Sewage near Railway Crossing #51, West Bengal PC-20",PWD Division,846692,2024-08-19,Completed,2024-10-18,False,
W000990,MP0149,Anita Gupta,West Bengal,West Bengal PC-21,West Bengal District 6,School Building/Classroom,"School Building/Classroom at Village Entry Point #203, West Bengal PC-21",Municipal Corporation,1342781,2025-09-11,Completed,2026-04-18,False,
W000991,MP0149,Anita Gupta,West Bengal,West Bengal PC-21,West Bengal District 6,Streetlight Installation,"Streetlight Installation at Market Road #488, West Bengal PC-21",Zilla Panchayat,317421,2024-08-03,Completed,2024-10-01,False,
W000992,MP0149,Anita Gupta,West Bengal,West Bengal PC-21,West Bengal District 6,Irrigation Canal,"Irrigation Canal near Bus Stand #72, West Bengal PC-21",State Water Board,1695194,2024-12-30,Completed,2025-10-04,False,
W000993,MP0149,Anita Gupta,West Bengal,West Bengal PC-21,West Bengal District 6,Public Toilet Complex,"Public Toilet Complex near Temple Road #259, West Bengal PC-21",Block Development Office,487298,2025-03-13,Completed,2025-05-05,False,
W000994,MP0149,Anita Gupta,West Bengal,West Bengal PC-21,West Bengal District 6,Irrigation Canal,"Irrigation Canal at Colony Gate #326, West Bengal PC-21",Rural Engineering Services,1951346,2026-04-08,Ongoing,,False,
W000995,MP0150,Sanjay Rao,West Bengal,West Bengal PC-22,West Bengal District 6,Health Sub-Centre Upgrade,"Health Sub-Centre Upgrade at Colony Gate #743, West Bengal PC-22",District Rural Dev. Agency,1122377,2026-01-07,Completed,2026-05-12,False,
W000996,MP0150,Sanjay Rao,West Bengal,West Bengal PC-22,West Bengal District 6,Streetlight Installation,"Streetlight Installation at Main Chowk #90, West Bengal PC-22",PWD Division,282436,2025-02-17,Completed,2025-04-14,False,
W000997,MP0150,Sanjay Rao,West Bengal,West Bengal PC-22,West Bengal District 6,Drainage/Sewage,"Drainage/Sewage at Ward 3 #967, West Bengal PC-22",Municipal Corporation,661717,2025-05-29,Completed,2025-10-10,False,
W000998,MP0150,Sanjay Rao,West Bengal,West Bengal PC-22,West Bengal District 6,Irrigation Canal,"Irrigation Canal near Bus Stand #635, West Bengal PC-22",Municipal Corporation,1663801,2025-06-08,Completed,2026-02-23,False,
W000999,MP0150,Sanjay Rao,West Bengal,West Bengal PC-22,West Bengal District 6,Road Construction/Repair,"Road Construction/Repair near Bus Stand #677, West Bengal PC-22",State Water Board,1294185,2024-09-19,Completed,2025-02-09,False,
W001000,MP0150,Sanjay Rao,West Bengal,West Bengal PC-22,West Bengal District 6,Streetlight Installation,"Streetlight Installation near Bus Stand #715, West Bengal PC-22",Block Development Office,237437,2025-07-05,Completed,2025-08-21,False,
W001001,MP0150,Sanjay Rao,West Bengal,West Bengal PC-22,West Bengal District 6,Drinking Water Supply,"Drinking Water Supply at Ward 3 #787, West Bengal PC-22",PWD Division,763690,2026-04-17,Completed,2026-08-03,False,
W001002,MP0150,Sanjay Rao,West Bengal,West Bengal PC-22,West Bengal District 6,School Building/Classroom,"School Building/Classroom near Bus Stand #839, West Bengal PC-22",Zilla Panchayat,1264257,2025-03-27,Completed,2025-10-22,False,
W001003,MP0150,Sanjay Rao,West Bengal,West Bengal PC-22,West Bengal District 6,Irrigation Canal,"Irrigation Canal in Ward 7 #397, West Bengal PC-22",Block Development Office,1966938,2024-12-31,Completed,2025-08-06,False,
W001004,MP0151,Poonam Naidu,West Bengal,West Bengal PC-23,West Bengal District 6,Streetlight Installation,"Streetlight Installation at Main Chowk #470, West Bengal PC-23",District Rural Dev. Agency,341227,2025-07-11,Completed,2025-09-03,False,
W001005,MP0151,Poonam Naidu,West Bengal,West Bengal PC-23,West Bengal District 6,Irrigation Canal,"Irrigation Canal near Bus Stand #759, West Bengal PC-23",Zilla Panchayat,1599582,2025-04-30,Completed,2026-01-07,False,
W001006,MP0151,Poonam Naidu,West Bengal,West Bengal PC-23,West Bengal District 6,Health Sub-Centre Upgrade,"Health Sub-Centre Upgrade at Village Entry Point #619, West Bengal PC-23",State Electricity Board,1130188,2025-01-11,Completed,2025-05-25,False,
W001007,MP0151,Poonam Naidu,West Bengal,West Bengal PC-23,West Bengal District 6,Drainage/Sewage,"Drainage/Sewage in Ward 12 #752, West Bengal PC-23",State Electricity Board,712895,2026-04-03,Completed,2026-06-24,False,
W001008,MP0151,Poonam Naidu,West Bengal,West Bengal PC-23,West Bengal District 6,School Building/Classroom,"School Building/Classroom near Bus Depot #833, West Bengal PC-23",Rural Engineering Services,1668969,2025-08-01,Completed,2026-02-19,False,
W001009,MP0151,Poonam Naidu,West Bengal,West Bengal PC-23,West Bengal District 6,Irrigation Canal,"Irrigation Canal at Village Entry Point #526, West Bengal PC-23",District Rural Dev. Agency,1527710,2025-01-21,Completed,2025-07-27,False,
W001010,MP0151,Poonam Naidu,West Bengal,West Bengal PC-23,West Bengal District 6,Anganwadi Centre,"Anganwadi Centre near Railway Crossing #321, West Bengal PC-23",Municipal Corporation,835053,2026-06-04,Ongoing,,False,
W001011,MP0152,Kishore Choudhary,West Bengal,West Bengal PC-24,West Bengal District 6,Streetlight Installation,"Streetlight Installation near Temple Road #1, West Bengal PC-24",Rural Engineering Services,235921,2025-05-25,Completed,2025-07-19,False,
W001012,MP0152,Kishore Choudhary,West Bengal,West Bengal PC-24,West Bengal District 6,Community Hall,"Community Hall near Govt School #261, West Bengal PC-24",District Rural Dev. Agency,2137213,2026-02-02,Completed,2026-07-13,False,
W001013,MP0152,Kishore Choudhary,West Bengal,West Bengal PC-24,West Bengal District 6,Public Toilet Complex,"Public Toilet Complex at Ward 3 #335, West Bengal PC-24",PWD Division,393515,2025-07-10,Completed,2025-08-29,False,
W001014,MP0152,Kishore Choudhary,West Bengal,West Bengal PC-24,West Bengal District 6,Community Hall,"Community Hall near Community Centre #973, West Bengal PC-24",District Rural Dev. Agency,1700595,2026-05-09,Ongoing,,False,
W001015,MP0152,Kishore Choudhary,West Bengal,West Bengal PC-24,West Bengal District 6,Streetlight Installation,"Streetlight Installation at Market Road #633, West Bengal PC-24",State Water Board,293636,2026-08-03,Ongoing,,False,
W001016,MP0152,Kishore Choudhary,West Bengal,West Bengal PC-24,West Bengal District 6,Streetlight Installation,"Streetlight Installation in Ward 12 #966, West Bengal PC-24",Block Development Office,365181,2025-05-18,Completed,2025-07-05,False,
W001017,MP0152,Kishore Choudhary,West Bengal,West Bengal PC-24,West Bengal District 6,Community Hall,"Community Hall near Temple Road #789, West Bengal PC-24",PWD Division,1767631,2025-03-06,Completed,2025-09-27,False,
W001018,MP0152,Kishore Choudhary,West Bengal,West Bengal PC-24,West Bengal District 6,Public Toilet Complex,"Public Toilet Complex at Ward 3 #746, West Bengal PC-24",Rural Engineering Services,316012,2026-01-27,Completed,2026-04-22,False,
W001019,MP0152,Kishore Choudhary,West Bengal,West Bengal PC-24,West Bengal District 6,School Building/Classroom,"School Building/Classroom in Sector 4 #260, West Bengal PC-24",Municipal Corporation,1987003,2026-04-13,Ongoing,,False,
W001020,MP0153,Dinesh Choudhary,West Bengal,West Bengal PC-25,West Bengal District 7,Health Sub-Centre Upgrade,"Health Sub-Centre Upgrade in Sector 4 #553, West Bengal PC-25",Block Development Office,1083138,2025-11-23,Completed,2026-07-11,False,
W001021,MP0153,Dinesh Choudhary,West Bengal,West Bengal PC-25,West Bengal District 7,Streetlight Installation,"Streetlight Installation at Market Road #177, West Bengal PC-25",PWD Division,330345,2025-01-06,Completed,2025-02-18,False,
W001022,MP0153,Dinesh Choudhary,West Bengal,West Bengal PC-25,West Bengal District 7,Streetlight Installation,"Streetlight Installation at Ward 3 #863, West Bengal PC-25",Municipal Corporation,244762,2025-07-29,Completed,2025-09-10,False,
W001023,MP0153,Dinesh Choudhary,West Bengal,West Bengal PC-25,West Bengal District 7,Irrigation Canal,"Irrigation Canal near Railway Crossing #473, West Bengal PC-25",State Electricity Board,1896171,2026-03-16,Completed,2026-08-02,False,
W001024,MP0153,Dinesh Choudhary,West Bengal,West Bengal PC-25,West Bengal District 7,Community Hall,"Community Hall at Market Road #103, West Bengal PC-25",District Rural Dev. Agency,2297712,2025-10-29,Completed,2026-02-19,False,
W001025,MP0153,Dinesh Choudhary,West Bengal,West Bengal PC-25,West Bengal District 7,Drinking Water Supply,"Drinking Water Supply near Govt School #27, West Bengal PC-25",District Rural Dev. Agency,764669,2025-09-21,Completed,2025-12-22,False,
W001026,MP0154,Anita Barman,West Bengal,West Bengal PC-26,West Bengal District 7,Public Toilet Complex,"Public Toilet Complex near Bus Depot #204, West Bengal PC-26",Zilla Panchayat,455635,2025-08-04,Completed,2025-10-04,False,
W001027,MP0154,Anita Barman,West Bengal,West Bengal PC-26,West Bengal District 7,Anganwadi Centre,"Anganwadi Centre in Sector 4 #977, West Bengal PC-26",Block Development Office,656243,2025-05-06,Completed,2025-07-29,False,
W001028,MP0154,Anita Barman,West Bengal,West Bengal PC-26,West Bengal District 7,Health Sub-Centre Upgrade,"Health Sub-Centre Upgrade near Bus Depot #354, West Bengal PC-26",State Water Board,1072170,2025-11-22,Completed,2026-05-13,False,
W001029,MP0154,Anita Barman,West Bengal,West Bengal PC-26,West Bengal District 7,Drainage/Sewage,"Drainage/Sewage at Main Chowk #850, West Bengal PC-26",District Rural Dev. Agency,570520,2025-10-12,Completed,2026-01-02,False,
W001030,MP0155,Anita Reddy,West Bengal,West Bengal PC-27,West Bengal District 7,Anganwadi Centre,"Anganwadi Centre near Temple Road #979, West Bengal PC-27",State Electricity Board,485500,2025-07-23,Completed,2025-11-02,False,
W001031,MP0155,Anita Reddy,West Bengal,West Bengal PC-27,West Bengal District 7,Community Hall,"Community Hall near Panchayat Bhavan #372, West Bengal PC-27",Rural Engineering Services,1796414,2026-05-21,Ongoing,,False,
W001032,MP0155,Anita Reddy,West Bengal,West Bengal PC-27,West Bengal District 7,Irrigation Canal,"Irrigation Canal at Main Chowk #583, West Bengal PC-27",District Rural Dev. Agency,1910582,2024-12-26,Completed,2025-09-09,False,
W001033,MP0155,Anita Reddy,West Bengal,West Bengal PC-27,West Bengal District 7,Road Construction/Repair,"Road Construction/Repair near Temple Road #135, West Bengal PC-27",State Electricity Board,1420084,2024-10-19,Completed,2025-03-12,False,
W001034,MP0156,Ravi Bhattacharya,West Bengal,West Bengal PC-28,West Bengal District 7,School Building/Classroom,"School Building/Classroom at Market Road #813, West Bengal PC-28",State Water Board,1350933,2024-10-06,Completed,2025-04-09,False,
W001035,MP0156,Ravi Bhattacharya,West Bengal,West Bengal PC-28,West Bengal District 7,Public Toilet Complex,"Public Toilet Complex at Village Entry Point #965, West Bengal PC-28",PWD Division,558919,2025-07-13,Completed,2025-08-24,False,
W001036,MP0156,Ravi Bhattacharya,West Bengal,West Bengal PC-28,West Bengal District 7,Health Sub-Centre Upgrade,"Health Sub-Centre Upgrade in Ward 12 #79, West Bengal PC-28",Municipal Corporation,844244,2024-12-09,Completed,2025-06-10,False,
W001037,MP0156,Ravi Bhattacharya,West Bengal,West Bengal PC-28,West Bengal District 7,Health Sub-Centre Upgrade,"Health Sub-Centre Upgrade near Railway Crossing #337, West Bengal PC-28",Rural Engineering Services,943167,2025-07-21,Completed,2025-12-06,False,
W001038,MP0157,Poonam Patel,West Bengal,West Bengal PC-29,West Bengal District 8,Anganwadi Centre,"Anganwadi Centre near Primary Health Centre #388, West Bengal PC-29",PWD Division,535647,2024-11-29,Completed,2025-02-14,False,
W001039,MP0157,Poonam Patel,West Bengal,West Bengal PC-29,West Bengal District 8,Irrigation Canal,"Irrigation Canal in Ward 7 #665, West Bengal PC-29",Municipal Corporation,1962645,2025-07-19,Completed,2026-03-20,False,
W001040,MP0157,Poonam Patel,West Bengal,West Bengal PC-29,West Bengal District 8,Irrigation Canal,"Irrigation Canal at Market Road #55, West Bengal PC-29",Zilla Panchayat,1703633,2026-03-11,Ongoing,,False,
W001041,MP0157,Poonam Patel,West Bengal,West Bengal PC-29,West Bengal District 8,Road Construction/Repair,"Road Construction/Repair near Govt School #872, West Bengal PC-29",Rural Engineering Services,1031873,2025-07-24,Completed,2025-11-13,False,
W001042,MP0157,Poonam Patel,West Bengal,West Bengal PC-29,West Bengal District 8,Community Hall,"Community Hall near Primary Health Centre #148, West Bengal PC-29",State Electricity Board,2525465,2025-03-27,Completed,2025-11-16,False,
W001043,MP0158,Raj Mishra,West Bengal,West Bengal PC-30,West Bengal District 8,Road Construction/Repair,"Road Construction/Repair near Primary Health Centre #266, West Bengal PC-30",Block Development Office,1178998,2025-05-20,Completed,2025-11-15,False,
W001044,MP0158,Raj Mishra,West Bengal,West Bengal PC-30,West Bengal District 8,Public Toilet Complex,"Public Toilet Complex at Village Entry Point #526, West Bengal PC-30",State Water Board,453806,2025-09-18,Completed,2025-11-18,False,
W001045,MP0158,Raj Mishra,West Bengal,West Bengal PC-30,West Bengal District 8,Anganwadi Centre,"Anganwadi Centre near Bus Stand #822, West Bengal PC-30",PWD Division,648732,2025-03-17,Completed,2025-05-21,False,
W001046,MP0158,Raj Mishra,West Bengal,West Bengal PC-30,West Bengal District 8,Streetlight Installation,"Streetlight Installation at Village Entry Point #238, West Bengal PC-30",Municipal Corporation,203715,2025-08-22,Completed,2025-10-20,False,
W001047,MP0158,Raj Mishra,West Bengal,West Bengal PC-30,West Bengal District 8,Irrigation Canal,"Irrigation Canal at Village Entry Point #926, West Bengal PC-30",Municipal Corporation,2351178,2025-07-23,Completed,2026-02-28,False,
W001048,MP0158,Raj Mishra,West Bengal,West Bengal PC-30,West Bengal District 8,Community Hall,"Community Hall at Colony Gate #728, West Bengal PC-30",Zilla Panchayat,1849934,2024-07-25,Completed,2025-01-14,False,
W001049,MP0158,Raj Mishra,West Bengal,West Bengal PC-30,West Bengal District 8,Community Hall,"Community Hall near Temple Road #948, West Bengal PC-30",State Water Board,2452723,2025-12-10,Ongoing,,False,
W001050,MP0159,Manoj Iyer,West Bengal,West Bengal PC-31,West Bengal District 8,Road Construction/Repair,"Road Construction/Repair near Bus Stand #920, West Bengal PC-31",State Electricity Board,1284674,2025-07-26,Completed,2025-12-31,False,
W001051,MP0159,Manoj Iyer,West Bengal,West Bengal PC-31,West Bengal District 8,Irrigation Canal,"Irrigation Canal near Primary Health Centre #328, West Bengal PC-31",Block Development Office,1819332,2026-03-18,Ongoing,,False,
W001052,MP0159,Manoj Iyer,West Bengal,West Bengal PC-31,West Bengal District 8,Anganwadi Centre,"Anganwadi Centre near Panchayat Bhavan #345, West Bengal PC-31",Municipal Corporation,464836,2026-01-08,Completed,2026-03-17,False,
W001053,MP0159,Manoj Iyer,West Bengal,West Bengal PC-31,West Bengal District 8,Health Sub-Centre Upgrade,"Health Sub-Centre Upgrade near Panchayat Bhavan #891, West Bengal PC-31",Rural Engineering Services,1004250,2025-11-12,Completed,2026-04-27,False,
W001054,MP0159,Manoj Iyer,West Bengal,West Bengal PC-31,West Bengal District 8,Health Sub-Centre Upgrade,"Health Sub-Centre Upgrade near Temple Road #166, West Bengal PC-31",District Rural Dev. Agency,1222249,2026-02-03,Completed,2026-07-14,False,
W001055,MP0159,Manoj Iyer,West Bengal,West Bengal PC-31,West Bengal District 8,Community Hall,"Community Hall near Bus Stand #146, West Bengal PC-31",State Electricity Board,1717708,2026-02-23,Ongoing,,False,
W001056,MP0159,Manoj Iyer,West Bengal,West Bengal PC-31,West Bengal District 8,Community Hall,"Community Hall at Main Chowk #189, West Bengal PC-31",District Rural Dev. Agency,1694789,2025-01-10,Completed,2025-08-03,False,
W001057,MP0160,Arun Bhattacharya,West Bengal,West Bengal PC-32,West Bengal District 8,Public Toilet Complex,"Public Toilet Complex near Bus Depot #483, West Bengal PC-32",State Electricity Board,360450,2025-08-30,Completed,2025-10-23,False,
W001058,MP0160,Arun Bhattacharya,West Bengal,West Bengal PC-32,West Bengal District 8,Irrigation Canal,"Irrigation Canal near Bus Depot #149, West Bengal PC-32",Rural Engineering Services,1628968,2025-07-06,Completed,2025-11-21,False,
W001059,MP0160,Arun Bhattacharya,West Bengal,West Bengal PC-32,West Bengal District 8,Irrigation Canal,"Irrigation Canal at Village Entry Point #76, West Bengal PC-32",Municipal Corporation,1779563,2026-04-27,Ongoing,,False,
W001060,MP0160,Arun Bhattacharya,West Bengal,West Bengal PC-32,West Bengal District 8,Streetlight Installation,"Streetlight Installation near Bus Stand #363, West Bengal PC-32",Block Development Office,325357,2024-11-19,Completed,2025-01-09,False,
W001061,MP0160,Arun Bhattacharya,West Bengal,West Bengal PC-32,West Bengal District 8,Health Sub-Centre Upgrade,"Health Sub-Centre Upgrade at Market Road #861, West Bengal PC-32",District Rural Dev. Agency,804280,2024-10-02,Completed,2025-02-11,False,
W001062,MP0160,Arun Bhattacharya,West Bengal,West Bengal PC-32,West Bengal District 8,Health Sub-Centre Upgrade,"Health Sub-Centre Upgrade at Colony Gate #587, West Bengal PC-32",Municipal Corporation,1180491,2025-01-06,Completed,2025-08-10,False,
W001063,MP0160,Arun Bhattacharya,West Bengal,West Bengal PC-32,West Bengal District 8,Irrigation Canal,"Irrigation Canal at Ward 3 #746, West Bengal PC-32",PWD Division,1871510,2025-10-18,Completed,2026-07-29,False,
W001064,MP0161,Deepak Singh,West Bengal,West Bengal PC-33,West Bengal District 9,Health Sub-Centre Upgrade,"Health Sub-Centre Upgrade in Sector 4 #669, West Bengal PC-33",Block Development Office,940456,2026-02-25,Completed,2026-08-03,False,
W001065,MP0161,Deepak Singh,West Bengal,West Bengal PC-33,West Bengal District 9,Road Construction/Repair,"Road Construction/Repair at Market Road #409, West Bengal PC-33",Municipal Corporation,1471111,2025-08-22,Completed,2026-01-28,False,
W001066,MP0161,Deepak Singh,West Bengal,West Bengal PC-33,West Bengal District 9,Streetlight Installation,"Streetlight Installation near Railway Crossing #161, West Bengal PC-33",Rural Engineering Services,257803,2025-02-24,Completed,2025-04-16,False,
W001067,MP0161,Deepak Singh,West Bengal,West Bengal PC-33,West Bengal District 9,Irrigation Canal,"Irrigation Canal in Ward 7 #140, West Bengal PC-33",Block Development Office,1210717,2025-10-17,Completed,2026-05-24,False,
W001068,MP0161,Deepak Singh,West Bengal,West Bengal PC-33,West Bengal District 9,Road Construction/Repair,"Road Construction/Repair near Bus Depot #282, West Bengal PC-33",District Rural Dev. Agency,1247115,2024-08-17,Completed,2025-01-18,False,
W001069,MP0161,Deepak Singh,West Bengal,West Bengal PC-33,West Bengal District 9,Streetlight Installation,"Streetlight Installation at Market Road #811, West Bengal PC-33",PWD Division,319283,2025-10-05,Completed,2025-11-11,False,
W001070,MP0161,Deepak Singh,West Bengal,West Bengal PC-33,West Bengal District 9,Streetlight Installation,"Streetlight Installation at Main Chowk #397, West Bengal PC-33",State Electricity Board,316950,2025-08-31,Completed,2025-10-17,False,
W001071,MP0161,Deepak Singh,West Bengal,West Bengal PC-33,West Bengal District 9,Public Toilet Complex,"Public Toilet Complex near Govt School #398, West Bengal PC-33",State Water Board,369882,2025-02-17,Completed,2025-04-08,False,
W001072,MP0161,Deepak Singh,West Bengal,West Bengal PC-33,West Bengal District 9,Drainage/Sewage,"Drainage/Sewage in Ward 7 #962, West Bengal PC-33",State Electricity Board,3674942,2025-04-21,Sanctioned,,True,cost_outlier
W001073,MP0162,Ashok Patel,West Bengal,West Bengal PC-34,West Bengal District 9,Health Sub-Centre Upgrade,"Health Sub-Centre Upgrade near Bus Stand #198, West Bengal PC-34",PWD Division,1039631,2026-05-21,Ongoing,,False,
W001074,MP0162,Ashok Patel,West Bengal,West Bengal PC-34,West Bengal District 9,Community Hall,"Community Hall near Primary Health Centre #234, West Bengal PC-34",PWD Division,2154549,2025-12-12,Completed,2026-07-28,False,
W001075,MP0162,Ashok Patel,West Bengal,West Bengal PC-34,West Bengal District 9,Community Hall,"Community Hall near Temple Road #271, West Bengal PC-34",PWD Division,2475052,2026-03-10,Ongoing,,False,
W001076,MP0162,Ashok Patel,West Bengal,West Bengal PC-34,West Bengal District 9,Drinking Water Supply,"Drinking Water Supply near Primary Health Centre #945, West Bengal PC-34",Zilla Panchayat,626637,2024-10-09,Completed,2025-01-24,False,
W001077,MP0162,Ashok Patel,West Bengal,West Bengal PC-34,West Bengal District 9,Drinking Water Supply,"Drinking Water Supply near Temple Road #41, West Bengal PC-34",Municipal Corporation,1030812,2025-03-21,Completed,2025-06-30,False,
W001078,MP0162,Ashok Patel,West Bengal,West Bengal PC-34,West Bengal District 9,Anganwadi Centre,"Anganwadi Centre near Temple Road #894, West Bengal PC-34",Block Development Office,406403,2024-07-26,Completed,2024-11-14,False,
W001079,MP0162,Ashok Patel,West Bengal,West Bengal PC-34,West Bengal District 9,School Building/Classroom,"School Building/Classroom in Sector 4 #58, West Bengal PC-34",Municipal Corporation,1166161,2025-12-17,Completed,2026-05-15,False,
W001080,MP0162,Ashok Patel,West Bengal,West Bengal PC-34,West Bengal District 9,School Building/Classroom,"School Building/Classroom at Ward 3 #726, West Bengal PC-34",Zilla Panchayat,1459769,2025-03-25,Completed,2025-09-13,False,
W001081,MP0162,Ashok Patel,West Bengal,West Bengal PC-34,West Bengal District 9,School Building/Classroom,"School Building/Classroom at Colony Gate #186, West Bengal PC-34",Zilla Panchayat,1560440,2026-01-19,Completed,2026-06-16,False,
W001082,MP0163,Ramesh Rao,West Bengal,West Bengal PC-35,West Bengal District 9,Community Hall,"Community Hall at Main Chowk #445, West Bengal PC-35",District Rural Dev. Agency,2342573,2024-12-20,Completed,2025-06-06,False,
W001083,MP0163,Ramesh Rao,West Bengal,West Bengal PC-35,West Bengal District 9,Streetlight Installation,"Streetlight Installation near Temple Road #239, West Bengal PC-35",Block Development Office,294983,2025-10-06,Completed,2025-11-18,False,
W001084,MP0163,Ramesh Rao,West Bengal,West Bengal PC-35,West Bengal District 9,Anganwadi Centre,"Anganwadi Centre in Ward 7 #915, West Bengal PC-35",PWD Division,527641,2026-03-15,Completed,2026-07-14,False,
W001085,MP0163,Ramesh Rao,West Bengal,West Bengal PC-35,West Bengal District 9,School Building/Classroom,"School Building/Classroom at Ward 3 #638, West Bengal PC-35",District Rural Dev. Agency,1668841,2024-11-09,Completed,2025-04-08,False,
W001086,MP0163,Ramesh Rao,West Bengal,West Bengal PC-35,West Bengal District 9,Road Construction/Repair,"Road Construction/Repair near Govt School #903, West Bengal PC-35",State Electricity Board,1180231,2025-05-25,Completed,2025-10-11,False,
W001087,MP0163,Ramesh Rao,West Bengal,West Bengal PC-35,West Bengal District 9,Road Construction/Repair,"Road Construction/Repair in Ward 12 #152, West Bengal PC-35",District Rural Dev. Agency,1491990,2025-12-01,Completed,2026-04-26,False,
W001088,MP0164,Rakesh Nair,West Bengal,West Bengal PC-36,West Bengal District 9,Irrigation Canal,"Irrigation Canal near Bus Depot #180, West Bengal PC-36",Municipal Corporation,1792240,2026-06-04,Ongoing,,False,
W001089,MP0164,Rakesh Nair,West Bengal,West Bengal PC-36,West Bengal District 9,Health Sub-Centre Upgrade,"Health Sub-Centre Upgrade near Govt School #945, West Bengal PC-36",Municipal Corporation,1095443,2025-08-23,Completed,2025-12-13,False,
W001090,MP0164,Rakesh Nair,West Bengal,West Bengal PC-36,West Bengal District 9,Irrigation Canal,"Irrigation Canal at Market Road #425, West Bengal PC-36",PWD Division,1580384,2026-06-07,Ongoing,,False,
W001091,MP0164,Rakesh Nair,West Bengal,West Bengal PC-36,West Bengal District 9,Community Hall,"Community Hall near Temple Road #492, West Bengal PC-36",Block Development Office,2029892,2025-03-24,Completed,2025-08-27,False,
W001092,MP0164,Rakesh Nair,West Bengal,West Bengal PC-36,West Bengal District 9,Public Toilet Complex,"Public Toilet Complex near Railway Crossing #196, West Bengal PC-36",Municipal Corporation,412144,2025-12-24,Completed,2026-03-11,False,
W001093,MP0164,Rakesh Nair,West Bengal,West Bengal PC-36,West Bengal District 9,Drainage/Sewage,"Drainage/Sewage near Govt School #705, West Bengal PC-36",Rural Engineering Services,788100,2025-03-14,Completed,2025-07-25,False,
W001094,MP0164,Rakesh Nair,West Bengal,West Bengal PC-36,West Bengal District 9,Streetlight Installation,"Streetlight Installation near Community Centre #345, West Bengal PC-36",District Rural Dev. Agency,386903,2025-07-04,Completed,2025-08-31,False,
W001095,MP0164,Rakesh Nair,West Bengal,West Bengal PC-36,West Bengal District 9,School Building/Classroom,"School Building/Classroom near Community Centre #85, West Bengal PC-36",State Electricity Board,1425990,2025-03-02,Completed,2025-07-29,False,
W001096,MP0165,Suresh Thakur,West Bengal,West Bengal PC-37,West Bengal District 10,School Building/Classroom,"School Building/Classroom near Bus Stand #929, West Bengal PC-37",Block Development Office,1332539,2025-04-03,Completed,2025-08-24,False,
W001097,MP0165,Suresh Thakur,West Bengal,West Bengal PC-37,West Bengal District 10,Drainage/Sewage,"Drainage/Sewage near Govt School #796, West Bengal PC-37",Block Development Office,772540,2026-01-23,Completed,2026-05-02,False,
W001098,MP0165,Suresh Thakur,West Bengal,West Bengal PC-37,West Bengal District 10,School Building/Classroom,"School Building/Classroom in Ward 12 #284, West Bengal PC-37",Zilla Panchayat,1534018,2026-04-14,Ongoing,,False,
W001099,MP0165,Suresh Thakur,West Bengal,West Bengal PC-37,West Bengal District 10,Drinking Water Supply,"Drinking Water Supply at Colony Gate #829, West Bengal PC-37",Block Development Office,856462,2024-11-20,Completed,2025-03-10,False,
W001100,MP0166,Ramesh Patel,West Bengal,West Bengal PC-38,West Bengal District 10,Anganwadi Centre,"Anganwadi Centre at Main Chowk #855, West Bengal PC-38",District Rural Dev. Agency,684835,2025-03-16,Completed,2025-07-04,False,
W001101,MP0166,Ramesh Patel,West Bengal,West Bengal PC-38,West Bengal District 10,Drainage/Sewage,"Drainage/Sewage near Bus Stand #285, West Bengal PC-38",Rural Engineering Services,850820,2025-07-25,Completed,2025-11-22,False,
W001102,MP0166,Ramesh Patel,West Bengal,West Bengal PC-38,West Bengal District 10,Streetlight Installation,"Streetlight Installation near Temple Road #710, West Bengal PC-38",Rural Engineering Services,277102,2026-04-30,Completed,2026-06-12,False,
W001103,MP0166,Ramesh Patel,West Bengal,West Bengal PC-38,West Bengal District 10,Drainage/Sewage,"Drainage/Sewage near Railway Crossing #973, West Bengal PC-38",State Electricity Board,736684,2025-05-21,Completed,2025-09-10,False,
W001104,MP0166,Ramesh Patel,West Bengal,West Bengal PC-38,West Bengal District 10,Anganwadi Centre,"Anganwadi Centre at Ward 3 #149, West Bengal PC-38",Zilla Panchayat,508854,2025-10-03,Completed,2026-02-03,False,
W001105,MP0166,Ramesh Patel,West Bengal,West Bengal PC-38,West Bengal District 10,Drainage/Sewage,"Drainage/Sewage near Primary Health Centre #872, West Bengal PC-38",PWD Division,678023,2025-10-22,Completed,2026-02-07,False,
W001106,MP0166,Ramesh Patel,West Bengal,West Bengal PC-38,West Bengal District 10,Health Sub-Centre Upgrade,"Health Sub-Centre Upgrade near Community Centre #35, West Bengal PC-38",Rural Engineering Services,1135941,2025-11-09,Completed,2026-04-10,False,
W001107,MP0166,Ramesh Patel,West Bengal,West Bengal PC-38,West Bengal District 10,Anganwadi Centre,"Anganwadi Centre near Govt School #89, West Bengal PC-38",State Electricity Board,570192,2026-06-13,Ongoing,,False,
W001108,MP0166,Ramesh Patel,West Bengal,West Bengal PC-38,West Bengal District 10,Drinking Water Supply,"Drinking Water Supply near Panchayat Bhavan #481, West Bengal PC-38",PWD Division,722062,2025-02-12,Completed,2025-05-23,False,
W001109,MP0167,Prakash Choudhary,West Bengal,West Bengal PC-39,West Bengal District 10,Drainage/Sewage,"Drainage/Sewage in Ward 7 #661, West Bengal PC-39",District Rural Dev. Agency,803912,2024-10-10,Completed,2025-01-02,False,
W001110,MP0167,Prakash Choudhary,West Bengal,West Bengal PC-39,West Bengal District 10,Drinking Water Supply,"Drinking Water Supply near Community Centre #168, West Bengal PC-39",Municipal Corporation,744047,2025-08-12,Completed,2025-10-22,False,
W001111,MP0167,Prakash Choudhary,West Bengal,West Bengal PC-39,West Bengal District 10,Community Hall,"Community Hall at Village Entry Point #935, West Bengal PC-39",State Electricity Board,2233700,2025-05-28,Completed,2025-10-13,False,
W001112,MP0167,Prakash Choudhary,West Bengal,West Bengal PC-39,West Bengal District 10,Road Construction/Repair,"Road Construction/Repair in Ward 7 #628, West Bengal PC-39",Rural Engineering Services,1484341,2025-08-12,Completed,2026-02-04,False,
W001113,MP0168,Rekha Yadav,West Bengal,West Bengal PC-40,West Bengal District 10,Health Sub-Centre Upgrade,"Health Sub-Centre Upgrade near Panchayat Bhavan #101, West Bengal PC-40",State Electricity Board,934853,2026-04-23,Ongoing,,False,
W001114,MP0168,Rekha Yadav,West Bengal,West Bengal PC-40,West Bengal District 10,Health Sub-Centre Upgrade,"Health Sub-Centre Upgrade near Railway Crossing #763, West Bengal PC-40",State Electricity Board,1075848,2025-02-14,Completed,2025-10-21,False,
W001115,MP0168,Rekha Yadav,West Bengal,West Bengal PC-40,West Bengal District 10,Health Sub-Centre Upgrade,"Health Sub-Centre Upgrade at Colony Gate #543, West Bengal PC-40",Rural Engineering Services,853017,2025-10-28,Completed,2026-06-22,False,
W001116,MP0168,Rekha Yadav,West Bengal,West Bengal PC-40,West Bengal District 10,Community Hall,"Community Hall in Ward 7 #123, West Bengal PC-40",State Water Board,1927146,2026-01-20,Completed,2026-06-24,False,
W001117,MP0169,Prakash Kulkarni,West Bengal,West Bengal PC-41,West Bengal District 11,School Building/Classroom,"School Building/Classroom near Bus Depot #481, West Bengal PC-41",Municipal Corporation,1008751,2026-02-13,Ongoing,,False,
W001118,MP0169,Prakash Kulkarni,West Bengal,West Bengal PC-41,West Bengal District 11,Anganwadi Centre,"Anganwadi Centre at Market Road #510, West Bengal PC-41",State Water Board,615674,2026-03-02,Completed,2026-07-03,False,
W001119,MP0169,Prakash Kulkarni,West Bengal,West Bengal PC-41,West Bengal District 11,Public Toilet Complex,"Public Toilet Complex in Ward 7 #98, West Bengal PC-41",District Rural Dev. Agency,382070,2025-09-11,Completed,2025-11-18,False,
W001120,MP0169,Prakash Kulkarni,West Bengal,West Bengal PC-41,West Bengal District 11,Streetlight Installation,"Streetlight Installation at Main Chowk #144, West Bengal PC-41",Block Development Office,358853,2025-03-17,Completed,2025-05-14,False,
W001121,MP0169,Prakash Kulkarni,West Bengal,West Bengal PC-41,West Bengal District 11,Anganwadi Centre,"Anganwadi Centre near Railway Crossing #561, West Bengal PC-41",State Water Board,666987,2025-06-16,Completed,2025-09-23,False,
W001122,MP0169,Prakash Kulkarni,West Bengal,West Bengal PC-41,West Bengal District 11,School Building/Classroom,"School Building/Classroom near Govt School #470, West Bengal PC-41",District Rural Dev. Agency,1454831,2025-02-12,Completed,2025-10-02,False,
W001123,MP0169,Prakash Kulkarni,West Bengal,West Bengal PC-41,West Bengal District 11,Drinking Water Supply,"Drinking Water Supply at Colony Gate #577, West Bengal PC-41",State Water Board,763630,2025-10-31,Completed,2025-12-26,False,
W001124,MP0170,Harish Rao,West Bengal,West Bengal PC-42,West Bengal District 11,Streetlight Installation,"Streetlight Installation near Panchayat Bhavan #884, West Bengal PC-42",State Electricity Board,339376,2025-11-17,Completed,2026-01-10,False,
W001125,MP0170,Harish Rao,West Bengal,West Bengal PC-42,West Bengal District 11,School Building/Classroom,"School Building/Classroom near Panchayat Bhavan #308, West Bengal PC-42",District Rural Dev. Agency,1549054,2026-04-20,Completed,2026-07-20,False,
W001126,MP0170,Harish Rao,West Bengal,West Bengal PC-42,West Bengal District 11,Drainage/Sewage,"Drainage/Sewage near Bus Stand #215, West Bengal PC-42",Rural Engineering Services,495978,2025-02-08,Completed,2025-04-19,False,
W001127,MP0170,Harish Rao,West Bengal,West Bengal PC-42,West Bengal District 11,Irrigation Canal,"Irrigation Canal near Panchayat Bhavan #679, West Bengal PC-42",Zilla Panchayat,1298001,2025-09-22,Completed,2026-04-07,False,
W001128,MP0170,Harish Rao,West Bengal,West Bengal PC-42,West Bengal District 11,Drinking Water Supply,"Drinking Water Supply at Main Chowk #949, West Bengal PC-42",Rural Engineering Services,874244,2025-04-11,Completed,2025-07-04,False,
W001129,MP0170,Harish Rao,West Bengal,West Bengal PC-42,West Bengal District 11,Drinking Water Supply,"Drinking Water Supply near Govt School #999, West Bengal PC-42",Rural Engineering Services,762631,2024-11-11,Completed,2025-01-25,False,
W001130,MP0170,Harish Rao,West Bengal,West Bengal PC-42,West Bengal District 11,Health Sub-Centre Upgrade,"Health Sub-Centre Upgrade near Community Centre #583, West Bengal PC-42",Zilla Panchayat,981053,2024-09-14,Completed,2025-03-20,False,
W001131,MP0170,Harish Rao,West Bengal,West Bengal PC-42,West Bengal District 11,Road Construction/Repair,"Road Construction/Repair at Market Road #604, West Bengal PC-42",Block Development Office,910538,2024-10-07,Completed,2025-03-06,False,
W001132,MP0170,Harish Rao,West Bengal,West Bengal PC-42,West Bengal District 11,Irrigation Canal,"Irrigation Canal near Govt School #184, West Bengal PC-42",Municipal Corporation,1598315,2025-08-20,Completed,2026-02-19,False,
W001133,MP0171,Rekha Chauhan,Bihar,Bihar PC-1,Bihar District 1,Drinking Water Supply,"Drinking Water Supply at Main Chowk #902, Bihar PC-1",Rural Engineering Services,928903,2025-07-16,Completed,2025-10-23,False,
W001134,MP0171,Rekha Chauhan,Bihar,Bihar PC-1,Bihar District 1,Irrigation Canal,"Irrigation Canal in Ward 12 #715, Bihar PC-1",District Rural Dev. Agency,1669649,2025-11-10,Completed,2026-08-06,False,
W001135,MP0171,Rekha Chauhan,Bihar,Bihar PC-1,Bihar District 1,Road Construction/Repair,"Road Construction/Repair near Temple Road #765, Bihar PC-1",Zilla Panchayat,976850,2025-10-10,Completed,2026-04-01,False,
W001136,MP0171,Rekha Chauhan,Bihar,Bihar PC-1,Bihar District 1,Drainage/Sewage,"Drainage/Sewage near Temple Road #678, Bihar PC-1",Municipal Corporation,755414,2026-01-09,Completed,2026-03-28,False,
W001137,MP0171,Rekha Chauhan,Bihar,Bihar PC-1,Bihar District 1,Road Construction/Repair,"Road Construction/Repair at Ward 3 #639, Bihar PC-1",PWD Division,1177578,2026-02-21,Ongoing,,False,
W001138,MP0172,Priya Kulkarni,Bihar,Bihar PC-2,Bihar District 1,School Building/Classroom,"School Building/Classroom at Market Road #565, Bihar PC-2",District Rural Dev. Agency,1617235,2026-05-22,Ongoing,,False,
W001139,MP0172,Priya Kulkarni,Bihar,Bihar PC-2,Bihar District 1,School Building/Classroom,"School Building/Classroom at Market Road #146, Bihar PC-2",District Rural Dev. Agency,2058918,2024-07-03,Completed,2024-12-18,False,
W001140,MP0172,Priya Kulkarni,Bihar,Bihar PC-2,Bihar District 1,School Building/Classroom,"School Building/Classroom near Primary Health Centre #603, Bihar PC-2",Municipal Corporation,839977,2025-12-07,Completed,2026-06-01,False,
W001141,MP0172,Priya Kulkarni,Bihar,Bihar PC-2,Bihar District 1,Drinking Water Supply,"Drinking Water Supply in Sector 4 #589, Bihar PC-2",Municipal Corporation,803623,2025-03-05,Completed,2025-06-18,False,
W001142,MP0172,Priya Kulkarni,Bihar,Bihar PC-2,Bihar District 1,Drinking Water Supply,"Drinking Water Supply near Temple Road #769, Bihar PC-2",State Electricity Board,677376,2025-02-28,Completed,2025-05-15,False,
W001143,MP0172,Priya Kulkarni,Bihar,Bihar PC-2,Bihar District 1,Road Construction/Repair,"Road Construction/Repair at Village Entry Point #243, Bihar PC-2",PWD Division,997073,2024-10-19,Completed,2025-03-24,False,
W001144,MP0172,Priya Kulkarni,Bihar,Bihar PC-2,Bihar District 1,Road Construction/Repair,"Road Construction/Repair at Market Road #95, Bihar PC-2",Rural Engineering Services,1382070,2026-04-28,Completed,2026-08-21,False,
W001145,MP0173,Amit Mehta,Bihar,Bihar PC-3,Bihar District 1,Health Sub-Centre Upgrade,"Health Sub-Centre Upgrade near Railway Crossing #43, Bihar PC-3",Block Development Office,799210,2025-10-11,Completed,2026-04-11,False,
W001146,MP0173,Amit Mehta,Bihar,Bihar PC-3,Bihar District 1,Community Hall,"Community Hall at Colony Gate #245, Bihar PC-3",PWD Division,1560860,2024-11-04,Completed,2025-03-26,False,
W001147,MP0173,Amit Mehta,Bihar,Bihar PC-3,Bihar District 1,Road Construction/Repair,"Road Construction/Repair near Panchayat Bhavan #85, Bihar PC-3",Municipal Corporation,1643256,2025-06-24,Completed,2025-10-17,False,
W001148,MP0173,Amit Mehta,Bihar,Bihar PC-3,Bihar District 1,Streetlight Installation,"Streetlight Installation near Railway Crossing #434, Bihar PC-3",Zilla Panchayat,254778,2025-03-12,Completed,2025-04-18,False,
W001149,MP0173,Amit Mehta,Bihar,Bihar PC-3,Bihar District 1,Drainage/Sewage,"Drainage/Sewage at Colony Gate #159, Bihar PC-3",Zilla Panchayat,736400,2025-06-14,Completed,2025-08-27,False,
W001150,MP0173,Amit Mehta,Bihar,Bihar PC-3,Bihar District 1,School Building/Classroom,"School Building/Classroom near Temple Road #932, Bihar PC-3",State Water Board,1447770,2025-04-04,Completed,2025-10-05,False,
W001151,MP0173,Amit Mehta,Bihar,Bihar PC-3,Bihar District 1,Drinking Water Supply,"Drinking Water Supply in Ward 7 #510, Bihar PC-3",Block Development Office,858513,2024-08-18,Completed,2024-10-27,False,
W001152,MP0173,Amit Mehta,Bihar,Bihar PC-3,Bihar District 1,Drinking Water Supply,"Drinking Water Supply at Ward 3 #41, Bihar PC-3",Municipal Corporation,827328,2025-05-25,Completed,2025-09-03,False,
W001153,MP0174,Dinesh Kulkarni,Bihar,Bihar PC-4,Bihar District 1,Irrigation Canal,"Irrigation Canal in Ward 12 #686, Bihar PC-4",Rural Engineering Services,2079911,2025-05-30,Completed,2025-12-14,False,
W001154,MP0174,Dinesh Kulkarni,Bihar,Bihar PC-4,Bihar District 1,Community Hall,"Community Hall near Community Centre #94, Bihar PC-4",Block Development Office,1981702,2025-05-02,Completed,2025-10-14,False,
W001155,MP0174,Dinesh Kulkarni,Bihar,Bihar PC-4,Bihar District 1,Community Hall,"Community Hall near Govt School #719, Bihar PC-4",State Electricity Board,1557016,2026-04-03,Ongoing,,False,
W001156,MP0174,Dinesh Kulkarni,Bihar,Bihar PC-4,Bihar District 1,Community Hall,"Community Hall at Main Chowk #90, Bihar PC-4",Block Development Office,1376969,2024-11-13,Completed,2025-03-27,False,
W001157,MP0175,Rekha Pillai,Bihar,Bihar PC-5,Bihar District 2,Streetlight Installation,"Streetlight Installation at Village Entry Point #687, Bihar PC-5",District Rural Dev. Agency,228556,2024-11-08,Completed,2024-12-17,False,
W001158,MP0175,Rekha Pillai,Bihar,Bihar PC-5,Bihar District 2,Streetlight Installation,"Streetlight Installation at Ward 3 #705, Bihar PC-5",Rural Engineering Services,292104,2025-06-29,Completed,2025-08-11,False,
W001159,MP0175,Rekha Pillai,Bihar,Bihar PC-5,Bihar District 2,Health Sub-Centre Upgrade,"Health Sub-Centre Upgrade near Primary Health Centre #87, Bihar PC-5",Zilla Panchayat,1268850,2026-04-21,Ongoing,,False,
W001160,MP0175,Rekha Pillai,Bihar,Bihar PC-5,Bihar District 2,Drinking Water Supply,"Drinking Water Supply near Panchayat Bhavan #943, Bihar PC-5",PWD Division,689655,2026-01-15,Completed,2026-04-19,False,
W001161,MP0175,Rekha Pillai,Bihar,Bihar PC-5,Bihar District 2,Drinking Water Supply,"Drinking Water Supply near Bus Depot #102, Bihar PC-5",Block Development Office,703683,2025-07-23,Completed,2025-09-21,False,
W001162,MP0175,Rekha Pillai,Bihar,Bihar PC-5,Bihar District 2,Anganwadi Centre,"Anganwadi Centre in Sector 4 #604, Bihar PC-5",State Electricity Board,661837,2025-02-04,Completed,2025-05-02,False,
W001163,MP0176,Sunita Yadav,Bihar,Bihar PC-6,Bihar District 2,School Building/Classroom,"School Building/Classroom near Bus Stand #131, Bihar PC-6",Municipal Corporation,1458319,2024-11-27,Completed,2025-05-25,False,
W001164,MP0176,Sunita Yadav,Bihar,Bihar PC-6,Bihar District 2,Road Construction/Repair,"Road Construction/Repair at Ward 3 #810, Bihar PC-6",Municipal Corporation,1195070,2025-10-21,Completed,2026-05-10,False,
W001165,MP0176,Sunita Yadav,Bihar,Bihar PC-6,Bihar District 2,Drinking Water Supply,"Drinking Water Supply near Railway Crossing #227, Bihar PC-6",Zilla Panchayat,860773,2026-03-18,Completed,2026-07-15,False,
W001166,MP0176,Sunita Yadav,Bihar,Bihar PC-6,Bihar District 2,Public Toilet Complex,"Public Toilet Complex at Market Road #850, Bihar PC-6",State Water Board,432736,2026-01-03,Completed,2026-02-14,False,
W001167,MP0176,Sunita Yadav,Bihar,Bihar PC-6,Bihar District 2,Streetlight Installation,"Streetlight Installation near Community Centre #449, Bihar PC-6",Block Development Office,396422,2025-10-20,Completed,2025-11-28,False,
W001168,MP0176,Sunita Yadav,Bihar,Bihar PC-6,Bihar District 2,Anganwadi Centre,"Anganwadi Centre near Govt School #557, Bihar PC-6",Municipal Corporation,543552,2025-01-08,Completed,2025-04-29,False,
W001169,MP0176,Sunita Yadav,Bihar,Bihar PC-6,Bihar District 2,Health Sub-Centre Upgrade,"Health Sub-Centre Upgrade near Primary Health Centre #267, Bihar PC-6",Rural Engineering Services,1028912,2026-02-04,Completed,2026-07-26,False,
W001170,MP0177,Vinod Patel,Bihar,Bihar PC-7,Bihar District 2,Health Sub-Centre Upgrade,"Health Sub-Centre Upgrade at Village Entry Point #44, Bihar PC-7",Zilla Panchayat,1204185,2025-04-18,Completed,2025-10-10,False,
W001171,MP0177,Vinod Patel,Bihar,Bihar PC-7,Bihar District 2,Streetlight Installation,"Streetlight Installation in Sector 4 #326, Bihar PC-7",Zilla Panchayat,331966,2025-06-05,Completed,2025-07-17,False,
W001172,MP0177,Vinod Patel,Bihar,Bihar PC-7,Bihar District 2,Irrigation Canal,"Irrigation Canal near Panchayat Bhavan #210, Bihar PC-7",State Electricity Board,1935508,2025-12-30,Completed,2026-08-12,False,
W001173,MP0177,Vinod Patel,Bihar,Bihar PC-7,Bihar District 2,Anganwadi Centre,"Anganwadi Centre near Primary Health Centre #523, Bihar PC-7",District Rural Dev. Agency,604938,2024-11-12,Completed,2025-04-22,False,
W001174,MP0178,Usha Das,Bihar,Bihar PC-8,Bihar District 2,Public Toilet Complex,"Public Toilet Complex near Primary Health Centre #429, Bihar PC-8",State Water Board,375079,2025-04-18,Completed,2025-07-14,False,
W001175,MP0178,Usha Das,Bihar,Bihar PC-8,Bihar District 2,Health Sub-Centre Upgrade,"Health Sub-Centre Upgrade at Ward 3 #283, Bihar PC-8",Municipal Corporation,1120757,2025-05-24,Completed,2025-11-06,False,
W001176,MP0178,Usha Das,Bihar,Bihar PC-8,Bihar District 2,Drinking Water Supply,"Drinking Water Supply at Market Road #255, Bihar PC-8",State Electricity Board,605038,2025-03-31,Completed,2025-06-09,False,
W001177,MP0178,Usha Das,Bihar,Bihar PC-8,Bihar District 2,Irrigation Canal,"Irrigation Canal in Sector 4 #850, Bihar PC-8",Block Development Office,2049348,2025-05-18,Completed,2025-12-20,False,
W001178,MP0178,Usha Das,Bihar,Bihar PC-8,Bihar District 2,Road Construction/Repair,"Road Construction/Repair near Bus Depot #699, Bihar PC-8",State Water Board,1305618,2024-09-13,Completed,2025-01-18,False,
W001179,MP0179,Kavita Banerjee,Bihar,Bihar PC-9,Bihar District 3,Streetlight Installation,"Streetlight Installation at Colony Gate #773, Bihar PC-9",State Water Board,309580,2026-01-02,Completed,2026-02-10,False,
W001180,MP0179,Kavita Banerjee,Bihar,Bihar PC-9,Bihar District 3,Streetlight Installation,"Streetlight Installation at Village Entry Point #443, Bihar PC-9",Rural Engineering Services,324254,2025-02-27,Completed,2025-04-29,False,
W001181,MP0179,Kavita Banerjee,Bihar,Bihar PC-9,Bihar District 3,Drainage/Sewage,"Drainage/Sewage near Govt School #63, Bihar PC-9",District Rural Dev. Agency,667545,2025-10-22,Completed,2026-02-06,False,
W001182,MP0179,Kavita Banerjee,Bihar,Bihar PC-9,Bihar District 3,Streetlight Installation,"Streetlight Installation near Temple Road #986, Bihar PC-9",District Rural Dev. Agency,313561,2026-01-26,Completed,2026-02-22,False,
W001183,MP0179,Kavita Banerjee,Bihar,Bihar PC-9,Bihar District 3,Public Toilet Complex,"Public Toilet Complex at Village Entry Point #484, Bihar PC-9",State Water Board,251906,2025-03-09,Completed,2025-04-30,False,
W001184,MP0179,Kavita Banerjee,Bihar,Bihar PC-9,Bihar District 3,Drinking Water Supply,"Drinking Water Supply near Bus Depot #202, Bihar PC-9",Municipal Corporation,935692,2025-02-09,Completed,2025-04-25,False,
W001185,MP0179,Kavita Banerjee,Bihar,Bihar PC-9,Bihar District 3,Drainage/Sewage,"Drainage/Sewage at Ward 3 #917, Bihar PC-9",State Electricity Board,656470,2026-04-06,Completed,2026-07-13,False,
W001186,MP0180,Prakash Thakur,Bihar,Bihar PC-10,Bihar District 3,Anganwadi Centre,"Anganwadi Centre near Temple Road #158, Bihar PC-10",State Water Board,577940,2025-02-25,Completed,2025-05-30,False,
W001187,MP0180,Prakash Thakur,Bihar,Bihar PC-10,Bihar District 3,School Building/Classroom,"School Building/Classroom at Market Road #945, Bihar PC-10",Municipal Corporation,1339917,2025-10-10,Completed,2026-05-10,False,
W001188,MP0180,Prakash Thakur,Bihar,Bihar PC-10,Bihar District 3,Community Hall,"Community Hall at Ward 3 #873, Bihar PC-10",District Rural Dev. Agency,2211016,2026-03-10,Ongoing,,False,
W001189,MP0180,Prakash Thakur,Bihar,Bihar PC-10,Bihar District 3,School Building/Classroom,"School Building/Classroom near Temple Road #156, Bihar PC-10",PWD Division,1257244,2025-02-16,Completed,2025-11-03,False,
W001190,MP0180,Prakash Thakur,Bihar,Bihar PC-10,Bihar District 3,Streetlight Installation,"Streetlight Installation at Main Chowk #451, Bihar PC-10",Zilla Panchayat,272980,2025-01-15,Completed,2025-03-06,False,
W001191,MP0180,Prakash Thakur,Bihar,Bihar PC-10,Bihar District 3,Irrigation Canal,"Irrigation Canal near Community Centre #402, Bihar PC-10",Block Development Office,1643291,2025-02-22,Completed,2025-09-29,False,
W001192,MP0180,Prakash Thakur,Bihar,Bihar PC-10,Bihar District 3,Health Sub-Centre Upgrade,"Health Sub-Centre Upgrade in Ward 12 #754, Bihar PC-10",Municipal Corporation,1057560,2024-10-05,Completed,2025-03-27,False,
W001193,MP0181,Geeta Das,Bihar,Bihar PC-11,Bihar District 3,Streetlight Installation,"Streetlight Installation at Ward 3 #193, Bihar PC-11",Municipal Corporation,289184,2025-07-03,Completed,2025-08-19,False,
W001194,MP0181,Geeta Das,Bihar,Bihar PC-11,Bihar District 3,Community Hall,"Community Hall at Village Entry Point #301, Bihar PC-11",PWD Division,2675728,2026-04-06,Ongoing,,False,
W001195,MP0181,Geeta Das,Bihar,Bihar PC-11,Bihar District 3,Drinking Water Supply,"Drinking Water Supply at Village Entry Point #601, Bihar PC-11",Rural Engineering Services,712944,2024-07-01,Completed,2024-09-23,False,
W001196,MP0181,Geeta Das,Bihar,Bihar PC-11,Bihar District 3,Public Toilet Complex,"Public Toilet Complex at Main Chowk #334, Bihar PC-11",District Rural Dev. Agency,370832,2025-01-12,Completed,2025-03-07,False,
W001197,MP0181,Geeta Das,Bihar,Bihar PC-11,Bihar District 3,Irrigation Canal,"Irrigation Canal at Colony Gate #218, Bihar PC-11",Zilla Panchayat,1664493,2025-09-24,Completed,2026-05-07,False,
W001198,MP0181,Geeta Das,Bihar,Bihar PC-11,Bihar District 3,Anganwadi Centre,"Anganwadi Centre near Temple Road #16, Bihar PC-11",State Water Board,666938,2025-12-22,Completed,2026-04-13,False,
W001199,MP0182,Amit Joshi,Bihar,Bihar PC-12,Bihar District 3,Streetlight Installation,"Streetlight Installation at Village Entry Point #433, Bihar PC-12",Block Development Office,288630,2025-09-24,Completed,2025-11-14,False,
W001200,MP0182,Amit Joshi,Bihar,Bihar PC-12,Bihar District 3,Community Hall,"Community Hall at Village Entry Point #387, Bihar PC-12",District Rural Dev. Agency,1819527,2026-08-12,Ongoing,,False,
W001201,MP0182,Amit Joshi,Bihar,Bihar PC-12,Bihar District 3,Road Construction/Repair,"Road Construction/Repair near Community Centre #732, Bihar PC-12",State Water Board,1225216,2026-04-01,Completed,2026-08-22,False,
W001202,MP0182,Amit Joshi,Bihar,Bihar PC-12,Bihar District 3,Anganwadi Centre,"Anganwadi Centre near Govt School #390, Bihar PC-12",State Electricity Board,639930,2025-06-29,Completed,2025-10-17,False,
W001203,MP0183,Poonam Bhatt,Bihar,Bihar PC-13,Bihar District 4,Public Toilet Complex,"Public Toilet Complex near Bus Depot #397, Bihar PC-13",Municipal Corporation,408254,2025-09-13,Completed,2025-11-16,False,
W001204,MP0183,Poonam Bhatt,Bihar,Bihar PC-13,Bihar District 4,School Building/Classroom,"School Building/Classroom near Community Centre #766, Bihar PC-13",Zilla Panchayat,1426119,2024-08-06,Completed,2024-11-10,False,
W001205,MP0183,Poonam Bhatt,Bihar,Bihar PC-13,Bihar District 4,Anganwadi Centre,"Anganwadi Centre in Sector 4 #218, Bihar PC-13",Zilla Panchayat,562030,2024-09-22,Completed,2025-02-07,False,
W001206,MP0183,Poonam Bhatt,Bihar,Bihar PC-13,Bihar District 4,Road Construction/Repair,"Road Construction/Repair near Bus Stand #189, Bihar PC-13",Zilla Panchayat,1174389,2025-10-07,Completed,2026-02-09,False,
W001207,MP0183,Poonam Bhatt,Bihar,Bihar PC-13,Bihar District 4,Streetlight Installation,"Streetlight Installation near Temple Road #467, Bihar PC-13",PWD Division,322463,2025-01-30,Completed,2025-03-02,False,
W001208,MP0183,Poonam Bhatt,Bihar,Bihar PC-13,Bihar District 4,Drainage/Sewage,"Drainage/Sewage at Market Road #174, Bihar PC-13",District Rural Dev. Agency,575459,2025-04-12,Completed,2025-08-02,False,
W001209,MP0183,Poonam Bhatt,Bihar,Bihar PC-13,Bihar District 4,Drinking Water Supply,"Drinking Water Supply at Main Chowk #882, Bihar PC-13",State Electricity Board,714543,2024-10-07,Completed,2025-01-01,False,
W001210,MP0183,Poonam Bhatt,Bihar,Bihar PC-13,Bihar District 4,Irrigation Canal,"Irrigation Canal at Village Entry Point #367, Bihar PC-13",Rural Engineering Services,1910680,2026-01-31,Ongoing,,False,
W001211,MP0184,Lata Deshmukh,Bihar,Bihar PC-14,Bihar District 4,Public Toilet Complex,"Public Toilet Complex in Sector 4 #780, Bihar PC-14",State Water Board,383512,2026-06-28,Ongoing,,False,
W001212,MP0184,Lata Deshmukh,Bihar,Bihar PC-14,Bihar District 4,Drinking Water Supply,"Drinking Water Supply at Main Chowk #545, Bihar PC-14",District Rural Dev. Agency,736713,2024-12-08,Completed,2025-04-10,False,
W001213,MP0184,Lata Deshmukh,Bihar,Bihar PC-14,Bihar District 4,Streetlight Installation,"Streetlight Installation near Railway Crossing #117, Bihar PC-14",Municipal Corporation,407046,2025-05-07,Completed,2025-07-15,False,
W001214,MP0184,Lata Deshmukh,Bihar,Bihar PC-14,Bihar District 4,Streetlight Installation,"Streetlight Installation near Temple Road #920, Bihar PC-14",Municipal Corporation,276115,2025-01-08,Completed,2025-02-26,False,
W001215,MP0184,Lata Deshmukh,Bihar,Bihar PC-14,Bihar District 4,Streetlight Installation,"Streetlight Installation in Ward 12 #679, Bihar PC-14",Rural Engineering Services,293617,2025-02-13,Completed,2025-03-31,False,
W001216,MP0184,Lata Deshmukh,Bihar,Bihar PC-14,Bihar District 4,Community Hall,"Community Hall at Market Road #239, Bihar PC-14",State Electricity Board,1831546,2024-11-09,Completed,2025-05-15,False,
W001217,MP0184,Lata Deshmukh,Bihar,Bihar PC-14,Bihar District 4,School Building/Classroom,"School Building/Classroom in Ward 7 #384, Bihar PC-14",State Electricity Board,1978266,2025-12-22,Completed,2026-06-28,False,
W001218,MP0184,Lata Deshmukh,Bihar,Bihar PC-14,Bihar District 4,Road Construction/Repair,"Road Construction/Repair in Ward 12 #984, Bihar PC-14",PWD Division,1506247,2024-12-02,Completed,2025-05-15,False,
W001219,MP0185,Neelam Mishra,Bihar,Bihar PC-15,Bihar District 4,Road Construction/Repair,"Road Construction/Repair near Bus Depot #555, Bihar PC-15",State Electricity Board,1194846,2025-06-03,Completed,2025-11-06,False,
W001220,MP0185,Neelam Mishra,Bihar,Bihar PC-15,Bihar District 4,School Building/Classroom,"School Building/Classroom in Ward 7 #711, Bihar PC-15",Zilla Panchayat,1596126,2026-03-25,Ongoing,,False,
W001221,MP0185,Neelam Mishra,Bihar,Bihar PC-15,Bihar District 4,School Building/Classroom,"School Building/Classroom near Primary Health Centre #789, Bihar PC-15",State Water Board,1627903,2026-01-19,Completed,2026-06-30,False,
W001222,MP0185,Neelam Mishra,Bihar,Bihar PC-15,Bihar District 4,School Building/Classroom,"School Building/Classroom in Sector 4 #138, Bihar PC-15",District Rural Dev. Agency,1530994,2025-06-15,Completed,2025-10-30,False,
W001223,MP0185,Neelam Mishra,Bihar,Bihar PC-15,Bihar District 4,Anganwadi Centre,"Anganwadi Centre near Primary Health Centre #309, Bihar PC-15",Zilla Panchayat,695811,2024-10-02,Completed,2025-02-06,False,
W001224,MP0185,Neelam Mishra,Bihar,Bihar PC-15,Bihar District 4,Community Hall,"Community Hall at Colony Gate #328, Bihar PC-15",Rural Engineering Services,1838159,2025-12-06,Completed,2026-07-12,False,
W001225,MP0185,Neelam Mishra,Bihar,Bihar PC-15,Bihar District 4,Public Toilet Complex,"Public Toilet Complex at Market Road #564, Bihar PC-15",Municipal Corporation,454908,2025-09-13,Completed,2025-11-09,False,
W001226,MP0186,Amit Gupta,Bihar,Bihar PC-16,Bihar District 4,Drinking Water Supply,"Drinking Water Supply at Ward 3 #706, Bihar PC-16",Zilla Panchayat,960593,2024-07-16,Completed,2024-10-26,False,
W001227,MP0186,Amit Gupta,Bihar,Bihar PC-16,Bihar District 4,Irrigation Canal,"Irrigation Canal near Community Centre #72, Bihar PC-16",Municipal Corporation,2300413,2025-11-11,Completed,2026-07-12,False,
W001228,MP0186,Amit Gupta,Bihar,Bihar PC-16,Bihar District 4,School Building/Classroom,"School Building/Classroom near Govt School #236, Bihar PC-16",PWD Division,1291302,2024-10-18,Completed,2025-03-01,False,
W001229,MP0186,Amit Gupta,Bihar,Bihar PC-16,Bihar District 4,Anganwadi Centre,"Anganwadi Centre at Colony Gate #884, Bihar PC-16",Zilla Panchayat,550720,2025-04-20,Completed,2025-07-10,False,
W001230,MP0187,Anita Mehta,Bihar,Bihar PC-17,Bihar District 5,Streetlight Installation,"Streetlight Installation near Primary Health Centre #68, Bihar PC-17",PWD Division,316351,2025-09-01,Completed,2025-10-18,False,
W001231,MP0187,Anita Mehta,Bihar,Bihar PC-17,Bihar District 5,Drinking Water Supply,"Drinking Water Supply at Main Chowk #719, Bihar PC-17",PWD Division,707161,2025-02-20,Completed,2025-06-20,False,
W001232,MP0187,Anita Mehta,Bihar,Bihar PC-17,Bihar District 5,Drainage/Sewage,"Drainage/Sewage in Sector 4 #928, Bihar PC-17",State Water Board,855062,2024-12-27,Completed,2025-05-02,False,
W001233,MP0187,Anita Mehta,Bihar,Bihar PC-17,Bihar District 5,Drinking Water Supply,"Drinking Water Supply at Colony Gate #618, Bihar PC-17",Rural Engineering Services,732758,2026-08-07,Ongoing,,False,
W001234,MP0187,Anita Mehta,Bihar,Bihar PC-17,Bihar District 5,Drainage/Sewage,"Drainage/Sewage at Ward 3 #234, Bihar PC-17",PWD Division,903116,2025-03-01,Completed,2025-06-23,False,
W001235,MP0187,Anita Mehta,Bihar,Bihar PC-17,Bihar District 5,Drainage/Sewage,"Drainage/Sewage near Bus Depot #883, Bihar PC-17",Zilla Panchayat,679145,2025-12-16,Completed,2026-04-13,False,
W001236,MP0188,Vijay Iyer,Bihar,Bihar PC-18,Bihar District 5,Irrigation Canal,"Irrigation Canal in Ward 12 #467, Bihar PC-18",State Electricity Board,1655345,2025-11-02,Completed,2026-04-27,False,
W001237,MP0188,Vijay Iyer,Bihar,Bihar PC-18,Bihar District 5,Community Hall,"Community Hall near Community Centre #977, Bihar PC-18",Rural Engineering Services,2128785,2025-01-25,Completed,2025-09-04,False,
W001238,MP0188,Vijay Iyer,Bihar,Bihar PC-18,Bihar District 5,Irrigation Canal,"Irrigation Canal near Primary Health Centre #406, Bihar PC-18",Rural Engineering Services,1672778,2025-03-01,Completed,2025-09-30,False,
W001239,MP0188,Vijay Iyer,Bihar,Bihar PC-18,Bihar District 5,Road Construction/Repair,"Road Construction/Repair at Main Chowk #223, Bihar PC-18",Rural Engineering Services,1284218,2026-03-24,Ongoing,,False,
W001240,MP0188,Vijay Iyer,Bihar,Bihar PC-18,Bihar District 5,Anganwadi Centre,"Anganwadi Centre at Colony Gate #514, Bihar PC-18",District Rural Dev. Agency,574166,2025-04-22,Completed,2025-08-06,False,
W001241,MP0188,Vijay Iyer,Bihar,Bihar PC-18,Bihar District 5,Anganwadi Centre,"Anganwadi Centre at Market Road #164, Bihar PC-18",PWD Division,521269,2025-02-08,Completed,2025-05-14,False,
W001242,MP0188,Vijay Iyer,Bihar,Bihar PC-18,Bihar District 5,Streetlight Installation,"Streetlight Installation in Ward 12 #783, Bihar PC-18",State Electricity Board,242517,2025-12-04,Completed,2026-01-23,False,
W001243,MP0189,Suresh Yadav,Bihar,Bihar PC-19,Bihar District 5,Anganwadi Centre,"Anganwadi Centre near Panchayat Bhavan #255, Bihar PC-19",Rural Engineering Services,600555,2025-03-18,Completed,2025-06-24,False,
W001244,MP0189,Suresh Yadav,Bihar,Bihar PC-19,Bihar District 5,Streetlight Installation,"Streetlight Installation near Community Centre #651, Bihar PC-19",Zilla Panchayat,338388,2025-02-25,Completed,2025-04-02,False,
W001245,MP0189,Suresh Yadav,Bihar,Bihar PC-19,Bihar District 5,Drinking Water Supply,"Drinking Water Supply in Sector 4 #593, Bihar PC-19",State Electricity Board,808256,2025-03-24,Completed,2025-06-02,False,
W001246,MP0189,Suresh Yadav,Bihar,Bihar PC-19,Bihar District 5,Community Hall,"Community Hall near Temple Road #894, Bihar PC-19",District Rural Dev. Agency,2001816,2025-02-22,Completed,2025-09-10,False,
W001247,MP0189,Suresh Yadav,Bihar,Bihar PC-19,Bihar District 5,Drainage/Sewage,"Drainage/Sewage near Primary Health Centre #566, Bihar PC-19",State Water Board,641550,2026-05-06,Ongoing,,False,
W001248,MP0190,Kishore Bhattacharya,Bihar,Bihar PC-20,Bihar District 5,School Building/Classroom,"School Building/Classroom in Sector 4 #98, Bihar PC-20",Municipal Corporation,1652079,2025-07-09,Completed,2026-01-27,False,
W001249,MP0190,Kishore Bhattacharya,Bihar,Bihar PC-20,Bihar District 5,Health Sub-Centre Upgrade,"Health Sub-Centre Upgrade near Temple Road #731, Bihar PC-20",State Electricity Board,1148321,2026-02-05,Completed,2026-07-04,False,
W001250,MP0190,Kishore Bhattacharya,Bihar,Bihar PC-20,Bihar District 5,Health Sub-Centre Upgrade,"Health Sub-Centre Upgrade at Main Chowk #177, Bihar PC-20",Rural Engineering Services,978223,2025-06-09,Completed,2025-11-07,False,
W001251,MP0190,Kishore Bhattacharya,Bihar,Bihar PC-20,Bihar District 5,Irrigation Canal,"Irrigation Canal near Railway Crossing #888, Bihar PC-20",Municipal Corporation,1357648,2025-04-07,Completed,2025-09-22,False,
W001252,MP0190,Kishore Bhattacharya,Bihar,Bihar PC-20,Bihar District 5,Health Sub-Centre Upgrade,"Health Sub-Centre Upgrade near Community Centre #188, Bihar PC-20",Block Development Office,1128015,2024-08-24,Completed,2025-01-24,False,
W001253,MP0190,Kishore Bhattacharya,Bihar,Bihar PC-20,Bihar District 5,Public Toilet Complex,"Public Toilet Complex in Ward 7 #551, Bihar PC-20",Rural Engineering Services,478205,2025-08-11,Completed,2025-09-26,False,
W001254,MP0190,Kishore Bhattacharya,Bihar,Bihar PC-20,Bihar District 5,Community Hall,"Community Hall near Bus Depot #18, Bihar PC-20",State Electricity Board,1604346,2025-06-07,Completed,2026-01-02,False,
W001255,MP0190,Kishore Bhattacharya,Bihar,Bihar PC-20,Bihar District 5,Community Hall,"Community Hall at Ward 3 #911, Bihar PC-20",State Electricity Board,2334980,2026-08-13,Ongoing,,False,
W001256,MP0191,Prakash Pandey,Bihar,Bihar PC-21,Bihar District 6,Drinking Water Supply,"Drinking Water Supply near Panchayat Bhavan #314, Bihar PC-21",Block Development Office,714253,2025-09-04,Completed,2025-12-17,False,
W001257,MP0191,Prakash Pandey,Bihar,Bihar PC-21,Bihar District 6,Public Toilet Complex,"Public Toilet Complex in Ward 7 #381, Bihar PC-21",Rural Engineering Services,378509,2025-06-30,Completed,2025-09-14,False,
W001258,MP0191,Prakash Pandey,Bihar,Bihar PC-21,Bihar District 6,Drinking Water Supply,"Drinking Water Supply near Bus Stand #162, Bihar PC-21",State Electricity Board,785847,2025-09-16,Completed,2025-12-21,False,
W001259,MP0191,Prakash Pandey,Bihar,Bihar PC-21,Bihar District 6,Drainage/Sewage,"Drainage/Sewage near Community Centre #751, Bihar PC-21",Municipal Corporation,696018,2025-09-03,Completed,2025-12-19,False,
W001260,MP0191,Prakash Pandey,Bihar,Bihar PC-21,Bihar District 6,Drinking Water Supply,"Drinking Water Supply at Ward 3 #211, Bihar PC-21",PWD Division,897570,2025-12-09,Completed,2026-03-21,False,
W001261,MP0191,Prakash Pandey,Bihar,Bihar PC-21,Bihar District 6,Drinking Water Supply,"Drinking Water Supply near Community Centre #854, Bihar PC-21",State Water Board,635714,2026-05-18,Ongoing,,False,
W001262,MP0191,Prakash Pandey,Bihar,Bihar PC-21,Bihar District 6,Drinking Water Supply,"Drinking Water Supply near Bus Depot #1, Bihar PC-21",State Water Board,753059,2025-07-11,Completed,2025-09-29,False,
W001263,MP0191,Prakash Pandey,Bihar,Bihar PC-21,Bihar District 6,Drainage/Sewage,"Drainage/Sewage at Village Entry Point #808, Bihar PC-21",State Electricity Board,688682,2024-12-15,Completed,2025-03-06,False,
W001264,MP0192,Rakesh Gupta,Bihar,Bihar PC-22,Bihar District 6,Drinking Water Supply,"Drinking Water Supply near Govt School #768, Bihar PC-22",Rural Engineering Services,781629,2025-10-12,Completed,2026-02-07,False,
W001265,MP0192,Rakesh Gupta,Bihar,Bihar PC-22,Bihar District 6,Drinking Water Supply,"Drinking Water Supply near Bus Depot #231, Bihar PC-22",State Electricity Board,679127,2026-01-23,Completed,2026-05-01,False,
W001266,MP0192,Rakesh Gupta,Bihar,Bihar PC-22,Bihar District 6,Community Hall,"Community Hall at Ward 3 #321, Bihar PC-22",District Rural Dev. Agency,1451826,2026-06-08,Ongoing,,False,
W001267,MP0192,Rakesh Gupta,Bihar,Bihar PC-22,Bihar District 6,Health Sub-Centre Upgrade,"Health Sub-Centre Upgrade in Ward 12 #428, Bihar PC-22",Block Development Office,1124625,2024-11-02,Completed,2025-04-25,False,
W001268,MP0192,Rakesh Gupta,Bihar,Bihar PC-22,Bihar District 6,Drinking Water Supply,"Drinking Water Supply near Temple Road #544, Bihar PC-22",State Electricity Board,661282,2025-11-12,Completed,2026-02-11,False,
W001269,MP0192,Rakesh Gupta,Bihar,Bihar PC-22,Bihar District 6,Anganwadi Centre,"Anganwadi Centre in Ward 7 #928, Bihar PC-22",State Water Board,448188,2025-10-03,Completed,2026-01-01,False,
W001270,MP0192,Rakesh Gupta,Bihar,Bihar PC-22,Bihar District 6,Health Sub-Centre Upgrade,"Health Sub-Centre Upgrade at Ward 3 #473, Bihar PC-22",Rural Engineering Services,871540,2024-08-09,Completed,2024-12-05,False,
W001271,MP0193,Vinod Joshi,Bihar,Bihar PC-23,Bihar District 6,Irrigation Canal,"Irrigation Canal near Bus Stand #921, Bihar PC-23",Zilla Panchayat,1705155,2025-01-14,Completed,2025-08-11,False,
W001272,MP0193,Vinod Joshi,Bihar,Bihar PC-23,Bihar District 6,Health Sub-Centre Upgrade,"Health Sub-Centre Upgrade near Govt School #500, Bihar PC-23",PWD Division,842723,2024-10-18,Completed,2025-02-09,False,
W001273,MP0193,Vinod Joshi,Bihar,Bihar PC-23,Bihar District 6,School Building/Classroom,"School Building/Classroom near Bus Depot #896, Bihar PC-23",Rural Engineering Services,1431090,2025-01-16,Completed,2025-07-05,False,
W001274,MP0193,Vinod Joshi,Bihar,Bihar PC-23,Bihar District 6,Drainage/Sewage,"Drainage/Sewage near Panchayat Bhavan #147, Bihar PC-23",Block Development Office,662728,2026-07-22,Ongoing,,False,
W001275,MP0193,Vinod Joshi,Bihar,Bihar PC-23,Bihar District 6,Health Sub-Centre Upgrade,"Health Sub-Centre Upgrade in Sector 4 #23, Bihar PC-23",PWD Division,1020766,2026-05-01,Ongoing,,False,
W001276,MP0194,Anita Patel,Bihar,Bihar PC-24,Bihar District 6,Streetlight Installation,"Streetlight Installation near Railway Crossing #50, Bihar PC-24",Rural Engineering Services,244456,2024-08-03,Completed,2024-09-26,False,
W001277,MP0194,Anita Patel,Bihar,Bihar PC-24,Bihar District 6,Drinking Water Supply,"Drinking Water Supply at Ward 3 #314, Bihar PC-24",State Water Board,869974,2026-03-08,Completed,2026-06-11,False,
W001278,MP0194,Anita Patel,Bihar,Bihar PC-24,Bihar District 6,Irrigation Canal,"Irrigation Canal at Main Chowk #94, Bihar PC-24",Municipal Corporation,1744897,2025-11-19,Ongoing,,False,
W001279,MP0194,Anita Patel,Bihar,Bihar PC-24,Bihar District 6,Drinking Water Supply,"Drinking Water Supply near Govt School #939, Bihar PC-24",State Water Board,609501,2026-03-25,Completed,2026-06-23,False,
W001280,MP0194,Anita Patel,Bihar,Bihar PC-24,Bihar District 6,Streetlight Installation,"Streetlight Installation in Ward 12 #758, Bihar PC-24",Municipal Corporation,257061,2025-03-15,Completed,2025-04-28,False,
W001281,MP0194,Anita Patel,Bihar,Bihar PC-24,Bihar District 6,Health Sub-Centre Upgrade,"Health Sub-Centre Upgrade at Main Chowk #308, Bihar PC-24",Zilla Panchayat,861840,2024-12-20,Completed,2025-06-11,False,
W001282,MP0194,Anita Patel,Bihar,Bihar PC-24,Bihar District 6,Anganwadi Centre,"Anganwadi Centre in Ward 12 #948, Bihar PC-24",State Electricity Board,620037,2025-09-27,Completed,2025-12-31,False,
W001283,MP0194,Anita Patel,Bihar,Bihar PC-24,Bihar District 6,Community Hall,"Community Hall near Panchayat Bhavan #662, Bihar PC-24",Block Development Office,1765600,2025-02-04,Completed,2025-09-16,False,
W001284,MP0194,Anita Patel,Bihar,Bihar PC-24,Bihar District 6,Health Sub-Centre Upgrade,"Health Sub-Centre Upgrade near Community Centre #601, Bihar PC-24",Block Development Office,1079480,2025-12-31,Completed,2026-06-06,False,
W001285,MP0194,Anita Patel,Bihar,Bihar PC-24,Bihar District 6,Drainage/Sewage,"Drainage/Sewage near Primary Health Centre #452, Bihar PC-24",Rural Engineering Services,700000,2024-06-28,Ongoing,,True,stuck_ongoing
W001286,MP0195,Rakesh Sharma,Bihar,Bihar PC-25,Bihar District 7,Public Toilet Complex,"Public Toilet Complex at Market Road #532, Bihar PC-25",State Water Board,292180,2025-05-05,Completed,2025-07-10,False,
W001287,MP0195,Rakesh Sharma,Bihar,Bihar PC-25,Bihar District 7,School Building/Classroom,"School Building/Classroom near Primary Health Centre #919, Bihar PC-25",Block Development Office,1498655,2025-06-24,Completed,2026-01-17,False,
W001288,MP0195,Rakesh Sharma,Bihar,Bihar PC-25,Bihar District 7,Community Hall,"Community Hall near Govt School #35, Bihar PC-25",Zilla Panchayat,1864750,2025-09-17,Completed,2026-04-19,False,
W001289,MP0195,Rakesh Sharma,Bihar,Bihar PC-25,Bihar District 7,Public Toilet Complex,"Public Toilet Complex in Sector 4 #451, Bihar PC-25",State Electricity Board,422795,2025-06-14,Completed,2025-08-06,False,
W001290,MP0195,Rakesh Sharma,Bihar,Bihar PC-25,Bihar District 7,Drinking Water Supply,"Drinking Water Supply at Main Chowk #519, Bihar PC-25",Zilla Panchayat,1058416,2025-04-04,Completed,2025-07-02,False,
W001291,MP0195,Rakesh Sharma,Bihar,Bihar PC-25,Bihar District 7,Road Construction/Repair,"Road Construction/Repair at Market Road #485, Bihar PC-25",Block Development Office,1145115,2025-01-26,Completed,2025-04-26,False,
W001292,MP0195,Rakesh Sharma,Bihar,Bihar PC-25,Bihar District 7,Drinking Water Supply,"Drinking Water Supply near Govt School #228, Bihar PC-25",PWD Division,697949,2025-05-01,Completed,2025-07-27,False,
W001293,MP0196,Shobha Joshi,Bihar,Bihar PC-26,Bihar District 7,Irrigation Canal,"Irrigation Canal near Bus Stand #841, Bihar PC-26",Rural Engineering Services,1897638,2024-12-22,Completed,2025-05-28,False,
W001294,MP0196,Shobha Joshi,Bihar,Bihar PC-26,Bihar District 7,Health Sub-Centre Upgrade,"Health Sub-Centre Upgrade near Community Centre #321, Bihar PC-26",State Electricity Board,1141740,2025-01-05,Completed,2025-06-18,False,
W001295,MP0196,Shobha Joshi,Bihar,Bihar PC-26,Bihar District 7,Road Construction/Repair,"Road Construction/Repair near Temple Road #60, Bihar PC-26",Zilla Panchayat,966793,2025-04-16,Completed,2025-09-19,False,
W001296,MP0196,Shobha Joshi,Bihar,Bihar PC-26,Bihar District 7,Drinking Water Supply,"Drinking Water Supply near Temple Road #711, Bihar PC-26",Zilla Panchayat,731209,2025-12-02,Completed,2026-02-18,False,
W001297,MP0197,Ramesh Bhattacharya,Bihar,Bihar PC-27,Bihar District 7,Drainage/Sewage,"Drainage/Sewage in Sector 4 #448, Bihar PC-27",State Electricity Board,759022,2025-10-16,Completed,2026-01-16,False,
W001298,MP0197,Ramesh Bhattacharya,Bihar,Bihar PC-27,Bihar District 7,Road Construction/Repair,"Road Construction/Repair at Colony Gate #600, Bihar PC-27",State Water Board,1062449,2026-06-20,Ongoing,,False,
W001299,MP0197,Ramesh Bhattacharya,Bihar,Bihar PC-27,Bihar District 7,Streetlight Installation,"Streetlight Installation near Community Centre #522, Bihar PC-27",State Water Board,254249,2026-06-23,Completed,2026-08-07,False,
W001300,MP0197,Ramesh Bhattacharya,Bihar,Bihar PC-27,Bihar District 7,Drinking Water Supply,"Drinking Water Supply near Bus Depot #378, Bihar PC-27",Zilla Panchayat,787255,2026-01-22,Completed,2026-04-13,False,
W001301,MP0197,Ramesh Bhattacharya,Bihar,Bihar PC-27,Bihar District 7,Drinking Water Supply,"Drinking Water Supply in Sector 4 #383, Bihar PC-27",District Rural Dev. Agency,879879,2025-08-03,Completed,2025-10-21,False,
W001302,MP0197,Ramesh Bhattacharya,Bihar,Bihar PC-27,Bihar District 7,Community Hall,"Community Hall near Community Centre #613, Bihar PC-27",Block Development Office,1972392,2025-01-15,Completed,2025-08-27,False,
W001303,MP0197,Ramesh Bhattacharya,Bihar,Bihar PC-27,Bihar District 7,Community Hall,"Community Hall at Colony Gate #834, Bihar PC-27",Block Development Office,2192488,2025-03-18,Completed,2025-09-23,False,
W001304,MP0197,Ramesh Bhattacharya,Bihar,Bihar PC-27,Bihar District 7,Public Toilet Complex,"Public Toilet Complex near Primary Health Centre #664, Bihar PC-27",Rural Engineering Services,460402,2025-09-02,Completed,2025-11-15,False,
W001305,MP0197,Ramesh Bhattacharya,Bihar,Bihar PC-27,Bihar District 7,School Building/Classroom,"School Building/Classroom near Bus Stand #721, Bihar PC-27",PWD Division,1322162,2025-05-13,Completed,2025-12-20,False,
W001306,MP0198,Vikram Mishra,Bihar,Bihar PC-28,Bihar District 7,Public Toilet Complex,"Public Toilet Complex in Ward 12 #731, Bihar PC-28",Rural Engineering Services,322626,2025-08-16,Completed,2025-10-29,False,
W001307,MP0198,Vikram Mishra,Bihar,Bihar PC-28,Bihar District 7,Drinking Water Supply,"Drinking Water Supply at Main Chowk #658, Bihar PC-28",State Water Board,821638,2024-11-06,Completed,2025-02-15,False,
W001308,MP0198,Vikram Mishra,Bihar,Bihar PC-28,Bihar District 7,Irrigation Canal,"Irrigation Canal at Ward 3 #918, Bihar PC-28",Block Development Office,1726835,2026-07-21,Ongoing,,False,
W001309,MP0198,Vikram Mishra,Bihar,Bihar PC-28,Bihar District 7,Community Hall,"Community Hall in Ward 12 #702, Bihar PC-28",Block Development Office,2597566,2026-04-30,Ongoing,,False,
W001310,MP0198,Vikram Mishra,Bihar,Bihar PC-28,Bihar District 7,Health Sub-Centre Upgrade,"Health Sub-Centre Upgrade at Market Road #576, Bihar PC-28",Rural Engineering Services,1065611,2025-07-12,Completed,2025-12-15,False,
W001311,MP0198,Vikram Mishra,Bihar,Bihar PC-28,Bihar District 7,Drainage/Sewage,"Drainage/Sewage in Ward 12 #193, Bihar PC-28",Block Development Office,591882,2025-09-10,Completed,2025-12-24,False,
W001312,MP0199,Harish Pandey,Bihar,Bihar PC-29,Bihar District 8,Irrigation Canal,"Irrigation Canal at Colony Gate #84, Bihar PC-29",District Rural Dev. Agency,1636569,2025-12-12,Completed,2026-06-25,False,
W001313,MP0199,Harish Pandey,Bihar,Bihar PC-29,Bihar District 8,Community Hall,"Community Hall in Ward 7 #901, Bihar PC-29",Zilla Panchayat,2109956,2026-01-10,Completed,2026-07-21,False,
W001314,MP0199,Harish Pandey,Bihar,Bihar PC-29,Bihar District 8,Drainage/Sewage,"Drainage/Sewage near Bus Depot #616, Bihar PC-29",State Electricity Board,700103,2025-04-05,Completed,2025-06-24,False,
W001315,MP0199,Harish Pandey,Bihar,Bihar PC-29,Bihar District 8,Streetlight Installation,"Streetlight Installation in Ward 7 #160, Bihar PC-29",Municipal Corporation,233903,2024-08-31,Completed,2024-10-20,False,
W001316,MP0199,Harish Pandey,Bihar,Bihar PC-29,Bihar District 8,Public Toilet Complex,"Public Toilet Complex near Bus Depot #105, Bihar PC-29",Rural Engineering Services,346642,2024-11-22,Completed,2024-12-28,False,
W001317,MP0200,Deepak Thakur,Bihar,Bihar PC-30,Bihar District 8,Irrigation Canal,"Irrigation Canal near Railway Crossing #296, Bihar PC-30",Rural Engineering Services,2196664,2025-02-03,Completed,2025-07-06,False,
W001318,MP0200,Deepak Thakur,Bihar,Bihar PC-30,Bihar District 8,Drainage/Sewage,"Drainage/Sewage near Community Centre #942, Bihar PC-30",Zilla Panchayat,667367,2024-12-04,Completed,2025-04-18,False,
W001319,MP0200,Deepak Thakur,Bihar,Bihar PC-30,Bihar District 8,Road Construction/Repair,"Road Construction/Repair at Village Entry Point #13, Bihar PC-30",Block Development Office,1030893,2025-06-30,Completed,2025-12-06,False,
W001320,MP0200,Deepak Thakur,Bihar,Bihar PC-30,Bihar District 8,Anganwadi Centre,"Anganwadi Centre near Govt School #969, Bihar PC-30",Block Development Office,669415,2025-03-26,Completed,2025-07-01,False,
W001321,MP0200,Deepak Thakur,Bihar,Bihar PC-30,Bihar District 8,Community Hall,"Community Hall near Community Centre #608, Bihar PC-30",Block Development Office,2534675,2026-01-15,Completed,2026-07-20,False,
W001322,MP0200,Deepak Thakur,Bihar,Bihar PC-30,Bihar District 8,Public Toilet Complex,"Public Toilet Complex at Village Entry Point #460, Bihar PC-30",Zilla Panchayat,400000,2024-06-22,Ongoing,,True,stuck_ongoing
W001323,MP0201,Lata Thakur,Bihar,Bihar PC-31,Bihar District 8,Community Hall,"Community Hall at Market Road #33, Bihar PC-31",PWD Division,2779757,2025-04-21,Completed,2025-10-26,False,
W001324,MP0201,Lata Thakur,Bihar,Bihar PC-31,Bihar District 8,Drinking Water Supply,"Drinking Water Supply near Bus Depot #833, Bihar PC-31",PWD Division,829690,2025-10-14,Completed,2026-02-27,False,
W001325,MP0201,Lata Thakur,Bihar,Bihar PC-31,Bihar District 8,Health Sub-Centre Upgrade,"Health Sub-Centre Upgrade at Colony Gate #409, Bihar PC-31",Municipal Corporation,854190,2025-06-16,Completed,2025-11-24,False,
W001326,MP0201,Lata Thakur,Bihar,Bihar PC-31,Bihar District 8,School Building/Classroom,"School Building/Classroom near Bus Stand #587, Bihar PC-31",Rural Engineering Services,1582621,2026-05-24,Completed,2026-08-26,False,
W001327,MP0201,Lata Thakur,Bihar,Bihar PC-31,Bihar District 8,Streetlight Installation,"Streetlight Installation near Panchayat Bhavan #581, Bihar PC-31",Block Development Office,267551,2025-01-05,Completed,2025-03-02,False,
W001328,MP0201,Lata Thakur,Bihar,Bihar PC-31,Bihar District 8,Streetlight Installation,"Streetlight Installation at Market Road #40, Bihar PC-31",PWD Division,310425,2025-08-27,Completed,2025-10-19,False,
W001329,MP0202,Ajay Naidu,Bihar,Bihar PC-32,Bihar District 8,Drainage/Sewage,"Drainage/Sewage near Temple Road #457, Bihar PC-32",State Water Board,823208,2026-01-17,Completed,2026-04-27,False,
W001330,MP0202,Ajay Naidu,Bihar,Bihar PC-32,Bihar District 8,Anganwadi Centre,"Anganwadi Centre at Colony Gate #326, Bihar PC-32",State Electricity Board,465826,2026-03-04,Completed,2026-05-19,False,
W001331,MP0202,Ajay Naidu,Bihar,Bihar PC-32,Bihar District 8,Drinking Water Supply,"Drinking Water Supply at Main Chowk #701, Bihar PC-32",Municipal Corporation,643801,2026-03-28,Completed,2026-06-11,False,
W001332,MP0202,Ajay Naidu,Bihar,Bihar PC-32,Bihar District 8,School Building/Classroom,"School Building/Classroom near Primary Health Centre #215, Bihar PC-32",Rural Engineering Services,1217332,2026-05-05,Ongoing,,False,
W001333,MP0202,Ajay Naidu,Bihar,Bihar PC-32,Bihar District 8,Anganwadi Centre,"Anganwadi Centre near Panchayat Bhavan #746, Bihar PC-32",District Rural Dev. Agency,767985,2025-04-06,Completed,2025-08-09,False,
W001334,MP0202,Ajay Naidu,Bihar,Bihar PC-32,Bihar District 8,Anganwadi Centre,"Anganwadi Centre at Ward 3 #178, Bihar PC-32",State Electricity Board,593733,2024-12-06,Completed,2025-04-08,False,
W001335,MP0202,Ajay Naidu,Bihar,Bihar PC-32,Bihar District 8,Road Construction/Repair,"Road Construction/Repair at Colony Gate #464, Bihar PC-32",Municipal Corporation,972097,2026-01-16,Completed,2026-06-26,False,
W001336,MP0202,Ajay Naidu,Bihar,Bihar PC-32,Bihar District 8,Road Construction/Repair,"Road Construction/Repair near Bus Depot #517, Bihar PC-32",PWD Division,1058660,2025-05-22,Completed,2025-08-20,False,
W001337,MP0202,Ajay Naidu,Bihar,Bihar PC-32,Bihar District 8,Drinking Water Supply,"Drinking Water Supply at Village Entry Point #799, Bihar PC-32",Block Development Office,810166,2025-02-21,Completed,2025-05-05,False,
W001338,MP0202,Ajay Naidu,Bihar,Bihar PC-32,Bihar District 8,Community Hall,"Community Hall near Bus Depot #426, Bihar PC-32",State Water Board,2000000,2024-06-11,Ongoing,,True,stuck_ongoing
W001339,MP0203,Arun Nair,Bihar,Bihar PC-33,Bihar District 9,Road Construction/Repair,"Road Construction/Repair near Railway Crossing #807, Bihar PC-33",PWD Division,1245273,2024-09-14,Completed,2025-01-09,False,
W001340,MP0203,Arun Nair,Bihar,Bihar PC-33,Bihar District 9,Health Sub-Centre Upgrade,"Health Sub-Centre Upgrade at Village Entry Point #13, Bihar PC-33",Rural Engineering Services,884587,2026-04-21,Completed,2026-08-23,False,
W001341,MP0203,Arun Nair,Bihar,Bihar PC-33,Bihar District 9,Road Construction/Repair,"Road Construction/Repair at Ward 3 #880, Bihar PC-33",Zilla Panchayat,1253161,2025-02-11,Completed,2025-06-26,False,
W001342,MP0203,Arun Nair,Bihar,Bihar PC-33,Bihar District 9,Anganwadi Centre,"Anganwadi Centre at Market Road #600, Bihar PC-33",State Electricity Board,463762,2024-08-10,Completed,2024-11-11,False,
W001343,MP0203,Arun Nair,Bihar,Bihar PC-33,Bihar District 9,Health Sub-Centre Upgrade,"Health Sub-Centre Upgrade near Govt School #644, Bihar PC-33",District Rural Dev. Agency,859802,2024-08-07,Completed,2025-02-03,False,
W001344,MP0203,Arun Nair,Bihar,Bihar PC-33,Bihar District 9,Drainage/Sewage,"Drainage/Sewage near Bus Stand #540, Bihar PC-33",Block Development Office,637459,2025-02-12,Completed,2025-06-05,False,
W001345,MP0203,Arun Nair,Bihar,Bihar PC-33,Bihar District 9,Health Sub-Centre Upgrade,"Health Sub-Centre Upgrade near Bus Depot #675, Bihar PC-33",Zilla Panchayat,966427,2024-08-11,Completed,2025-02-12,False,
W001346,MP0203,Arun Nair,Bihar,Bihar PC-33,Bihar District 9,Irrigation Canal,"Irrigation Canal at Main Chowk #750, Bihar PC-33",PWD Division,1800000,2024-06-20,Ongoing,,True,stuck_ongoing
W001347,MP0204,Kavita Kulkarni,Bihar,Bihar PC-34,Bihar District 9,Anganwadi Centre,"Anganwadi Centre at Ward 3 #432, Bihar PC-34",State Water Board,623709,2026-02-09,Completed,2026-06-09,False,
W001348,MP0204,Kavita Kulkarni,Bihar,Bihar PC-34,Bihar District 9,Public Toilet Complex,"Public Toilet Complex near Govt School #917, Bihar PC-34",State Water Board,389028,2025-08-21,Completed,2025-10-24,False,
W001349,MP0204,Kavita Kulkarni,Bihar,Bihar PC-34,Bihar District 9,Community Hall,"Community Hall at Colony Gate #304, Bihar PC-34",District Rural Dev. Agency,2029089,2025-02-11,Completed,2025-04-22,False,
W001350,MP0204,Kavita Kulkarni,Bihar,Bihar PC-34,Bihar District 9,Public Toilet Complex,"Public Toilet Complex near Railway Crossing #241, Bihar PC-34",PWD Division,375052,2024-11-09,Completed,2025-01-10,False,
W001351,MP0204,Kavita Kulkarni,Bihar,Bihar PC-34,Bihar District 9,Public Toilet Complex,"Public Toilet Complex near Govt School #904, Bihar PC-34",Block Development Office,443466,2025-11-08,Completed,2026-01-02,False,
W001352,MP0204,Kavita Kulkarni,Bihar,Bihar PC-34,Bihar District 9,Irrigation Canal,"Irrigation Canal near Bus Depot #925, Bihar PC-34",Municipal Corporation,1898144,2026-01-07,Completed,2026-07-29,False,
W001353,MP0204,Kavita Kulkarni,Bihar,Bihar PC-34,Bihar District 9,Irrigation Canal,"Irrigation Canal in Sector 4 #15, Bihar PC-34",PWD Division,2075485,2025-07-04,Completed,2026-03-20,False,
W001354,MP0204,Kavita Kulkarni,Bihar,Bihar PC-34,Bihar District 9,School Building/Classroom,"School Building/Classroom at Ward 3 #251, Bihar PC-34",District Rural Dev. Agency,1370680,2025-10-24,Completed,2026-05-23,False,
W001355,MP0204,Kavita Kulkarni,Bihar,Bihar PC-34,Bihar District 9,Public Toilet Complex,"Public Toilet Complex near Govt School #904, Bihar PC-34 (Phase II)",Block Development Office,378320,2025-11-29,Sanctioned,,True,duplicate_work
W001356,MP0205,Vinod Mehta,Bihar,Bihar PC-35,Bihar District 9,Community Hall,"Community Hall near Primary Health Centre #798, Bihar PC-35",District Rural Dev. Agency,2457097,2024-11-13,Completed,2025-05-07,False,
W001357,MP0205,Vinod Mehta,Bihar,Bihar PC-35,Bihar District 9,Drinking Water Supply,"Drinking Water Supply at Colony Gate #395, Bihar PC-35",Rural Engineering Services,565876,2024-10-22,Completed,2025-01-04,False,
W001358,MP0205,Vinod Mehta,Bihar,Bihar PC-35,Bihar District 9,Streetlight Installation,"Streetlight Installation at Colony Gate #572, Bihar PC-35",Municipal Corporation,303237,2025-05-06,Completed,2025-06-20,False,
W001359,MP0205,Vinod Mehta,Bihar,Bihar PC-35,Bihar District 9,Drainage/Sewage,"Drainage/Sewage near Govt School #541, Bihar PC-35",District Rural Dev. Agency,794857,2026-05-31,Ongoing,,False,
W001360,MP0205,Vinod Mehta,Bihar,Bihar PC-35,Bihar District 9,Drainage/Sewage,"Drainage/Sewage at Ward 3 #168, Bihar PC-35",State Electricity Board,865412,2025-09-24,Completed,2026-01-24,False,
W001361,MP0205,Vinod Mehta,Bihar,Bihar PC-35,Bihar District 9,Road Construction/Repair,"Road Construction/Repair near Bus Stand #73, Bihar PC-35",Block Development Office,1464050,2026-03-23,Completed,2026-07-27,False,
W001362,MP0205,Vinod Mehta,Bihar,Bihar PC-35,Bihar District 9,School Building/Classroom,"School Building/Classroom near Primary Health Centre #953, Bihar PC-35",Block Development Office,1401796,2026-05-25,Ongoing,,False,
W001363,MP0206,Harish Thakur,Bihar,Bihar PC-36,Bihar District 9,Road Construction/Repair,"Road Construction/Repair at Colony Gate #147, Bihar PC-36",Zilla Panchayat,1108879,2026-01-04,Completed,2026-06-15,False,
W001364,MP0206,Harish Thakur,Bihar,Bihar PC-36,Bihar District 9,Anganwadi Centre,"Anganwadi Centre near Panchayat Bhavan #158, Bihar PC-36",Zilla Panchayat,510099,2025-02-19,Completed,2025-05-09,False,
W001365,MP0206,Harish Thakur,Bihar,Bihar PC-36,Bihar District 9,Drainage/Sewage,"Drainage/Sewage near Govt School #935, Bihar PC-36",Rural Engineering Services,727628,2024-07-02,Completed,2024-11-02,False,
W001366,MP0206,Harish Thakur,Bihar,Bihar PC-36,Bihar District 9,Drainage/Sewage,"Drainage/Sewage in Ward 7 #649, Bihar PC-36",Zilla Panchayat,762169,2025-06-03,Completed,2025-09-03,False,
W001367,MP0206,Harish Thakur,Bihar,Bihar PC-36,Bihar District 9,Irrigation Canal,"Irrigation Canal near Primary Health Centre #322, Bihar PC-36",District Rural Dev. Agency,1441150,2026-01-15,Ongoing,,False,
W001368,MP0206,Harish Thakur,Bihar,Bihar PC-36,Bihar District 9,Health Sub-Centre Upgrade,"Health Sub-Centre Upgrade at Colony Gate #258, Bihar PC-36",Municipal Corporation,1285969,2025-02-13,Completed,2025-08-24,False,
W001369,MP0206,Harish Thakur,Bihar,Bihar PC-36,Bihar District 9,Public Toilet Complex,"Public Toilet Complex near Primary Health Centre #381, Bihar PC-36",Municipal Corporation,464863,2025-08-30,Completed,2025-11-05,False,
W001370,MP0206,Harish Thakur,Bihar,Bihar PC-36,Bihar District 9,School Building/Classroom,"School Building/Classroom near Govt School #125, Bihar PC-36",Rural Engineering Services,1481509,2025-07-22,Completed,2026-02-02,False,
W001371,MP0206,Harish Thakur,Bihar,Bihar PC-36,Bihar District 9,Community Hall,"Community Hall near Govt School #314, Bihar PC-36",State Water Board,1729784,2026-04-07,Ongoing,,False,
W001372,MP0207,Ajay Sharma,Bihar,Bihar PC-37,Bihar District 10,Drainage/Sewage,"Drainage/Sewage in Ward 7 #96, Bihar PC-37",State Electricity Board,666396,2024-12-09,Completed,2025-03-08,False,
W001373,MP0207,Ajay Sharma,Bihar,Bihar PC-37,Bihar District 10,Streetlight Installation,"Streetlight Installation in Ward 7 #76, Bihar PC-37",Block Development Office,305665,2026-01-03,Completed,2026-02-15,False,
W001374,MP0207,Ajay Sharma,Bihar,Bihar PC-37,Bihar District 10,Road Construction/Repair,"Road Construction/Repair in Ward 12 #253, Bihar PC-37",Zilla Panchayat,885116,2025-11-08,Completed,2026-05-06,False,
W001375,MP0207,Ajay Sharma,Bihar,Bihar PC-37,Bihar District 10,Anganwadi Centre,"Anganwadi Centre near Temple Road #120, Bihar PC-37",PWD Division,509898,2025-04-10,Completed,2025-06-29,False,
W001376,MP0207,Ajay Sharma,Bihar,Bihar PC-37,Bihar District 10,Road Construction/Repair,"Road Construction/Repair near Railway Crossing #602, Bihar PC-37",Block Development Office,1154883,2026-01-09,Completed,2026-06-20,False,
W001377,MP0207,Ajay Sharma,Bihar,Bihar PC-37,Bihar District 10,Health Sub-Centre Upgrade,"Health Sub-Centre Upgrade at Colony Gate #717, Bihar PC-37",District Rural Dev. Agency,1116376,2025-05-21,Completed,2025-12-02,False,
W001378,MP0207,Ajay Sharma,Bihar,Bihar PC-37,Bihar District 10,School Building/Classroom,"School Building/Classroom near Bus Stand #289, Bihar PC-37",Block Development Office,1429314,2025-06-01,Completed,2025-11-06,False,
W001379,MP0207,Ajay Sharma,Bihar,Bihar PC-37,Bihar District 10,Drainage/Sewage,"Drainage/Sewage near Panchayat Bhavan #456, Bihar PC-37",Zilla Panchayat,727095,2025-08-11,Completed,2025-11-06,False,
W001380,MP0207,Ajay Sharma,Bihar,Bihar PC-37,Bihar District 10,Drainage/Sewage,"Drainage/Sewage near Bus Depot #638, Bihar PC-37",Rural Engineering Services,659245,2025-03-28,Completed,2025-05-25,False,
W001381,MP0208,Mahesh Naidu,Bihar,Bihar PC-38,Bihar District 10,Anganwadi Centre,"Anganwadi Centre at Colony Gate #263, Bihar PC-38",Zilla Panchayat,654330,2025-10-29,Completed,2026-02-15,False,
W001382,MP0208,Mahesh Naidu,Bihar,Bihar PC-38,Bihar District 10,Anganwadi Centre,"Anganwadi Centre in Ward 12 #515, Bihar PC-38",State Water Board,670237,2024-12-23,Completed,2025-05-20,False,
W001383,MP0208,Mahesh Naidu,Bihar,Bihar PC-38,Bihar District 10,School Building/Classroom,"School Building/Classroom near Panchayat Bhavan #493, Bihar PC-38",Block Development Office,1255571,2024-12-26,Completed,2025-08-07,False,
W001384,MP0208,Mahesh Naidu,Bihar,Bihar PC-38,Bihar District 10,Health Sub-Centre Upgrade,"Health Sub-Centre Upgrade in Ward 12 #571, Bihar PC-38",District Rural Dev. Agency,860718,2024-11-21,Completed,2025-07-09,False,
W001385,MP0209,Meena Bhattacharya,Bihar,Bihar PC-39,Bihar District 10,Drinking Water Supply,"Drinking Water Supply near Primary Health Centre #528, Bihar PC-39",Block Development Office,1024578,2026-03-07,Completed,2026-06-01,False,
W001386,MP0209,Meena Bhattacharya,Bihar,Bihar PC-39,Bihar District 10,School Building/Classroom,"School Building/Classroom near Railway Crossing #480, Bihar PC-39",State Water Board,1404452,2024-12-31,Completed,2025-07-08,False,
W001387,MP0209,Meena Bhattacharya,Bihar,Bihar PC-39,Bihar District 10,Drainage/Sewage,"Drainage/Sewage near Primary Health Centre #261, Bihar PC-39",State Electricity Board,639271,2024-12-15,Completed,2025-03-26,False,
W001388,MP0209,Meena Bhattacharya,Bihar,Bihar PC-39,Bihar District 10,Irrigation Canal,"Irrigation Canal near Temple Road #818, Bihar PC-39",PWD Division,1564023,2025-04-16,Completed,2025-11-17,False,
W001389,MP0209,Meena Bhattacharya,Bihar,Bihar PC-39,Bihar District 10,Road Construction/Repair,"Road Construction/Repair near Bus Depot #849, Bihar PC-39",State Water Board,1418513,2025-11-15,Completed,2026-06-13,False,
W001390,MP0209,Meena Bhattacharya,Bihar,Bihar PC-39,Bihar District 10,Community Hall,"Community Hall near Govt School #421, Bihar PC-39",Block Development Office,1721228,2025-08-06,Completed,2026-04-20,False,
W001391,MP0209,Meena Bhattacharya,Bihar,Bihar PC-39,Bihar District 10,Community Hall,"Community Hall near Bus Stand #227, Bihar PC-39",Zilla Panchayat,1830141,2024-06-24,Completed,2024-11-09,False,
W001392,MP0209,Meena Bhattacharya,Bihar,Bihar PC-39,Bihar District 10,Drainage/Sewage,"Drainage/Sewage near Panchayat Bhavan #591, Bihar PC-39",Block Development Office,752199,2025-12-26,Completed,2026-04-05,False,
W001393,MP0209,Meena Bhattacharya,Bihar,Bihar PC-39,Bihar District 10,Anganwadi Centre,"Anganwadi Centre at Market Road #232, Bihar PC-39",Block Development Office,418341,2025-04-23,Completed,2025-07-23,False,
W001394,MP0209,Meena Bhattacharya,Bihar,Bihar PC-39,Bihar District 10,Public Toilet Complex,"Public Toilet Complex at Market Road #585, Bihar PC-39",Block Development Office,1969343,2026-08-18,Sanctioned,,True,cost_outlier
W001395,MP0210,Vijay Pandey,Bihar,Bihar PC-40,Bihar District 10,School Building/Classroom,"School Building/Classroom near Temple Road #395, Bihar PC-40",Rural Engineering Services,1694067,2025-12-04,Completed,2026-06-09,False,
W001396,MP0210,Vijay Pandey,Bihar,Bihar PC-40,Bihar District 10,Streetlight Installation,"Streetlight Installation at Colony Gate #512, Bihar PC-40",State Electricity Board,322944,2024-09-07,Completed,2024-10-29,False,
W001397,MP0210,Vijay Pandey,Bihar,Bihar PC-40,Bihar District 10,Public Toilet Complex,"Public Toilet Complex at Ward 3 #58, Bihar PC-40",Rural Engineering Services,452072,2025-05-31,Completed,2025-08-13,False,
W001398,MP0210,Vijay Pandey,Bihar,Bihar PC-40,Bihar District 10,Streetlight Installation,"Streetlight Installation near Bus Stand #243, Bihar PC-40",State Water Board,283831,2024-12-09,Completed,2025-01-27,False,
W001399,MP0210,Vijay Pandey,Bihar,Bihar PC-40,Bihar District 10,Anganwadi Centre,"Anganwadi Centre at Colony Gate #420, Bihar PC-40",State Water Board,571699,2026-04-04,Ongoing,,False,
W001400,MP0210,Vijay Pandey,Bihar,Bihar PC-40,Bihar District 10,Irrigation Canal,"Irrigation Canal at Ward 3 #177, Bihar PC-40",Zilla Panchayat,1921231,2024-11-17,Completed,2025-05-10,False,
W001401,MP0210,Vijay Pandey,Bihar,Bihar PC-40,Bihar District 10,Community Hall,"Community Hall in Ward 12 #541, Bihar PC-40",Zilla Panchayat,1976607,2025-10-06,Completed,2026-03-11,False,
W001402,MP0211,Satish Chatterjee,Tamil Nadu,Tamil Nadu PC-1,Tamil Nadu District 1,Streetlight Installation,"Streetlight Installation near Primary Health Centre #671, Tamil Nadu PC-1",Zilla Panchayat,325628,2025-02-18,Completed,2025-03-25,False,
W001403,MP0211,Satish Chatterjee,Tamil Nadu,Tamil Nadu PC-1,Tamil Nadu District 1,Health Sub-Centre Upgrade,"Health Sub-Centre Upgrade at Main Chowk #499, Tamil Nadu PC-1",Rural Engineering Services,963204,2025-10-13,Completed,2026-05-02,False,
W001404,MP0211,Satish Chatterjee,Tamil Nadu,Tamil Nadu PC-1,Tamil Nadu District 1,Streetlight Installation,"Streetlight Installation in Ward 12 #286, Tamil Nadu PC-1",PWD Division,307132,2025-09-03,Completed,2025-10-03,False,
W001405,MP0211,Satish Chatterjee,Tamil Nadu,Tamil Nadu PC-1,Tamil Nadu District 1,Streetlight Installation,"Streetlight Installation at Village Entry Point #479, Tamil Nadu PC-1",State Electricity Board,264281,2025-01-28,Completed,2025-03-18,False,
W001406,MP0211,Satish Chatterjee,Tamil Nadu,Tamil Nadu PC-1,Tamil Nadu District 1,School Building/Classroom,"School Building/Classroom at Colony Gate #969, Tamil Nadu PC-1",Municipal Corporation,1252429,2026-03-24,Ongoing,,False,
W001407,MP0211,Satish Chatterjee,Tamil Nadu,Tamil Nadu PC-1,Tamil Nadu District 1,Streetlight Installation,"Streetlight Installation in Ward 12 #67, Tamil Nadu PC-1",Municipal Corporation,250650,2025-08-18,Completed,2025-09-13,False,
W001408,MP0212,Yogesh Choudhary,Tamil Nadu,Tamil Nadu PC-2,Tamil Nadu District 1,Drainage/Sewage,"Drainage/Sewage at Main Chowk #569, Tamil Nadu PC-2",Rural Engineering Services,675534,2026-05-09,Ongoing,,False,
W001409,MP0212,Yogesh Choudhary,Tamil Nadu,Tamil Nadu PC-2,Tamil Nadu District 1,Streetlight Installation,"Streetlight Installation at Village Entry Point #327, Tamil Nadu PC-2",Block Development Office,341962,2025-10-24,Completed,2025-12-08,False,
W001410,MP0212,Yogesh Choudhary,Tamil Nadu,Tamil Nadu PC-2,Tamil Nadu District 1,Road Construction/Repair,"Road Construction/Repair at Colony Gate #442, Tamil Nadu PC-2",PWD Division,1174252,2025-06-03,Completed,2025-11-01,False,
W001411,MP0212,Yogesh Choudhary,Tamil Nadu,Tamil Nadu PC-2,Tamil Nadu District 1,Streetlight Installation,"Streetlight Installation near Bus Depot #722, Tamil Nadu PC-2",State Water Board,272113,2025-09-27,Completed,2025-11-15,False,
W001412,MP0212,Yogesh Choudhary,Tamil Nadu,Tamil Nadu PC-2,Tamil Nadu District 1,Community Hall,"Community Hall near Panchayat Bhavan #741, Tamil Nadu PC-2",State Water Board,1986611,2026-01-21,Ongoing,,False,
W001413,MP0212,Yogesh Choudhary,Tamil Nadu,Tamil Nadu PC-2,Tamil Nadu District 1,Streetlight Installation,"Streetlight Installation at Market Road #943, Tamil Nadu PC-2",State Electricity Board,289375,2025-08-29,Completed,2025-10-15,False,
W001414,MP0213,Lata Mondal,Tamil Nadu,Tamil Nadu PC-3,Tamil Nadu District 1,Public Toilet Complex,"Public Toilet Complex in Ward 12 #664, Tamil Nadu PC-3",PWD Division,351192,2026-06-27,Completed,2026-08-20,False,
W001415,MP0213,Lata Mondal,Tamil Nadu,Tamil Nadu PC-3,Tamil Nadu District 1,Streetlight Installation,"Streetlight Installation near Panchayat Bhavan #665, Tamil Nadu PC-3",State Electricity Board,272344,2025-08-03,Completed,2025-09-03,False,
W001416,MP0213,Lata Mondal,Tamil Nadu,Tamil Nadu PC-3,Tamil Nadu District 1,Irrigation Canal,"Irrigation Canal near Bus Depot #481, Tamil Nadu PC-3",Rural Engineering Services,1910219,2025-07-05,Completed,2026-03-10,False,
W001417,MP0213,Lata Mondal,Tamil Nadu,Tamil Nadu PC-3,Tamil Nadu District 1,Community Hall,"Community Hall near Bus Depot #712, Tamil Nadu PC-3",District Rural Dev. Agency,2070824,2025-02-12,Completed,2025-09-24,False,
W001418,MP0214,Sunita Kumar,Tamil Nadu,Tamil Nadu PC-4,Tamil Nadu District 1,School Building/Classroom,"School Building/Classroom near Panchayat Bhavan #504, Tamil Nadu PC-4",State Electricity Board,1549069,2025-08-27,Completed,2026-03-25,False,
W001419,MP0214,Sunita Kumar,Tamil Nadu,Tamil Nadu PC-4,Tamil Nadu District 1,Public Toilet Complex,"Public Toilet Complex near Panchayat Bhavan #408, Tamil Nadu PC-4",Municipal Corporation,544891,2025-03-24,Completed,2025-05-15,False,
W001420,MP0214,Sunita Kumar,Tamil Nadu,Tamil Nadu PC-4,Tamil Nadu District 1,Streetlight Installation,"Streetlight Installation at Main Chowk #938, Tamil Nadu PC-4",PWD Division,199734,2025-04-24,Completed,2025-05-21,False,
W001421,MP0214,Sunita Kumar,Tamil Nadu,Tamil Nadu PC-4,Tamil Nadu District 1,Community Hall,"Community Hall in Ward 7 #424, Tamil Nadu PC-4",Municipal Corporation,1081700,2026-05-12,Ongoing,,False,
W001422,MP0214,Sunita Kumar,Tamil Nadu,Tamil Nadu PC-4,Tamil Nadu District 1,Drainage/Sewage,"Drainage/Sewage at Market Road #152, Tamil Nadu PC-4",Zilla Panchayat,755042,2025-09-14,Completed,2026-01-28,False,
W001423,MP0214,Sunita Kumar,Tamil Nadu,Tamil Nadu PC-4,Tamil Nadu District 1,Drinking Water Supply,"Drinking Water Supply near Community Centre #424, Tamil Nadu PC-4",State Water Board,964786,2026-03-12,Completed,2026-06-29,False,
W001424,MP0214,Sunita Kumar,Tamil Nadu,Tamil Nadu PC-4,Tamil Nadu District 1,Drainage/Sewage,"Drainage/Sewage in Sector 4 #695, Tamil Nadu PC-4",State Electricity Board,692606,2025-11-22,Completed,2026-02-17,False,
W001425,MP0214,Sunita Kumar,Tamil Nadu,Tamil Nadu PC-4,Tamil Nadu District 1,Irrigation Canal,"Irrigation Canal near Community Centre #675, Tamil Nadu PC-4",District Rural Dev. Agency,1674600,2026-02-22,Ongoing,,False,
W001426,MP0214,Sunita Kumar,Tamil Nadu,Tamil Nadu PC-4,Tamil Nadu District 1,Road Construction/Repair,"Road Construction/Repair near Railway Crossing #799, Tamil Nadu PC-4",Rural Engineering Services,1327590,2025-12-31,Completed,2026-05-03,False,
W001427,MP0215,Rajesh Mishra,Tamil Nadu,Tamil Nadu PC-5,Tamil Nadu District 2,Drainage/Sewage,"Drainage/Sewage near Govt School #663, Tamil Nadu PC-5",District Rural Dev. Agency,724111,2025-07-08,Completed,2025-10-16,False,
W001428,MP0215,Rajesh Mishra,Tamil Nadu,Tamil Nadu PC-5,Tamil Nadu District 2,Drainage/Sewage,"Drainage/Sewage near Govt School #977, Tamil Nadu PC-5",State Water Board,749554,2025-07-16,Completed,2025-11-07,False,
W001429,MP0215,Rajesh Mishra,Tamil Nadu,Tamil Nadu PC-5,Tamil Nadu District 2,Drainage/Sewage,"Drainage/Sewage near Panchayat Bhavan #654, Tamil Nadu PC-5",Municipal Corporation,753586,2025-11-17,Completed,2026-02-04,False,
W001430,MP0215,Rajesh Mishra,Tamil Nadu,Tamil Nadu PC-5,Tamil Nadu District 2,Streetlight Installation,"Streetlight Installation at Main Chowk #438, Tamil Nadu PC-5",District Rural Dev. Agency,281808,2025-03-28,Completed,2025-05-05,False,
W001431,MP0215,Rajesh Mishra,Tamil Nadu,Tamil Nadu PC-5,Tamil Nadu District 2,Drainage/Sewage,"Drainage/Sewage at Colony Gate #375, Tamil Nadu PC-5",Zilla Panchayat,633020,2025-09-28,Completed,2026-01-13,False,
W001432,MP0215,Rajesh Mishra,Tamil Nadu,Tamil Nadu PC-5,Tamil Nadu District 2,Irrigation Canal,"Irrigation Canal near Railway Crossing #431, Tamil Nadu PC-5",PWD Division,2223113,2026-01-15,Ongoing,,False,
W001433,MP0215,Rajesh Mishra,Tamil Nadu,Tamil Nadu PC-5,Tamil Nadu District 2,Public Toilet Complex,"Public Toilet Complex in Ward 7 #338, Tamil Nadu PC-5",State Water Board,395224,2026-05-09,Completed,2026-07-13,False,
W001434,MP0216,Mahesh Das,Tamil Nadu,Tamil Nadu PC-6,Tamil Nadu District 2,Drainage/Sewage,"Drainage/Sewage at Village Entry Point #909, Tamil Nadu PC-6",Zilla Panchayat,870135,2025-04-23,Completed,2025-07-31,False,
W001435,MP0216,Mahesh Das,Tamil Nadu,Tamil Nadu PC-6,Tamil Nadu District 2,Community Hall,"Community Hall near Panchayat Bhavan #244, Tamil Nadu PC-6",PWD Division,1873342,2024-07-08,Completed,2025-02-04,False,
W001436,MP0216,Mahesh Das,Tamil Nadu,Tamil Nadu PC-6,Tamil Nadu District 2,School Building/Classroom,"School Building/Classroom at Market Road #383, Tamil Nadu PC-6",State Electricity Board,1431873,2025-02-20,Completed,2025-08-07,False,
W001437,MP0216,Mahesh Das,Tamil Nadu,Tamil Nadu PC-6,Tamil Nadu District 2,Road Construction/Repair,"Road Construction/Repair at Village Entry Point #488, Tamil Nadu PC-6",Rural Engineering Services,1311150,2024-12-28,Completed,2025-05-29,False,
W001438,MP0216,Mahesh Das,Tamil Nadu,Tamil Nadu PC-6,Tamil Nadu District 2,Community Hall,"Community Hall near Railway Crossing #281, Tamil Nadu PC-6",PWD Division,2127464,2025-06-01,Completed,2025-11-26,False,
W001439,MP0217,Kavita Rao,Tamil Nadu,Tamil Nadu PC-7,Tamil Nadu District 2,School Building/Classroom,"School Building/Classroom at Main Chowk #153, Tamil Nadu PC-7",Municipal Corporation,1515125,2025-06-13,Completed,2025-11-26,False,
W001440,MP0217,Kavita Rao,Tamil Nadu,Tamil Nadu PC-7,Tamil Nadu District 2,Health Sub-Centre Upgrade,"Health Sub-Centre Upgrade in Sector 4 #784, Tamil Nadu PC-7",Municipal Corporation,1174851,2025-08-29,Completed,2026-01-23,False,
W001441,MP0217,Kavita Rao,Tamil Nadu,Tamil Nadu PC-7,Tamil Nadu District 2,Streetlight Installation,"Streetlight Installation near Bus Stand #347, Tamil Nadu PC-7",State Electricity Board,342587,2025-01-25,Completed,2025-02-23,False,
W001442,MP0217,Kavita Rao,Tamil Nadu,Tamil Nadu PC-7,Tamil Nadu District 2,Health Sub-Centre Upgrade,"Health Sub-Centre Upgrade at Market Road #504, Tamil Nadu PC-7",Rural Engineering Services,1084340,2025-08-29,Completed,2026-02-12,False,
W001443,MP0217,Kavita Rao,Tamil Nadu,Tamil Nadu PC-7,Tamil Nadu District 2,Anganwadi Centre,"Anganwadi Centre near Panchayat Bhavan #559, Tamil Nadu PC-7",Rural Engineering Services,623770,2026-07-01,Ongoing,,False,
W001444,MP0217,Kavita Rao,Tamil Nadu,Tamil Nadu PC-7,Tamil Nadu District 2,Irrigation Canal,"Irrigation Canal at Colony Gate #768, Tamil Nadu PC-7",Zilla Panchayat,1954234,2025-07-19,Completed,2026-03-24,False,
W001445,MP0217,Kavita Rao,Tamil Nadu,Tamil Nadu PC-7,Tamil Nadu District 2,Community Hall,"Community Hall near Railway Crossing #105, Tamil Nadu PC-7",Zilla Panchayat,2168748,2024-10-26,Completed,2025-04-15,False,
W001446,MP0218,Amit Patel,Tamil Nadu,Tamil Nadu PC-8,Tamil Nadu District 2,Streetlight Installation,"Streetlight Installation near Bus Stand #769, Tamil Nadu PC-8",District Rural Dev. Agency,246204,2025-06-30,Completed,2025-08-18,False,
W001447,MP0218,Amit Patel,Tamil Nadu,Tamil Nadu PC-8,Tamil Nadu District 2,Irrigation Canal,"Irrigation Canal in Sector 4 #394, Tamil Nadu PC-8",PWD Division,1657253,2024-06-13,Completed,2025-02-20,False,
W001448,MP0218,Amit Patel,Tamil Nadu,Tamil Nadu PC-8,Tamil Nadu District 2,Anganwadi Centre,"Anganwadi Centre near Community Centre #309, Tamil Nadu PC-8",State Electricity Board,547658,2026-01-18,Completed,2026-05-02,False,
W001449,MP0218,Amit Patel,Tamil Nadu,Tamil Nadu PC-8,Tamil Nadu District 2,Irrigation Canal,"Irrigation Canal near Panchayat Bhavan #82, Tamil Nadu PC-8",PWD Division,1770435,2025-10-29,Completed,2026-05-25,False,
W001450,MP0218,Amit Patel,Tamil Nadu,Tamil Nadu PC-8,Tamil Nadu District 2,Community Hall,"Community Hall near Temple Road #193, Tamil Nadu PC-8",District Rural Dev. Agency,2380625,2026-04-25,Ongoing,,False,
W001451,MP0218,Amit Patel,Tamil Nadu,Tamil Nadu PC-8,Tamil Nadu District 2,Drinking Water Supply,"Drinking Water Supply at Ward 3 #17, Tamil Nadu PC-8",Zilla Panchayat,714248,2025-06-22,Completed,2025-09-17,False,
W001452,MP0218,Amit Patel,Tamil Nadu,Tamil Nadu PC-8,Tamil Nadu District 2,Irrigation Canal,"Irrigation Canal at Colony Gate #964, Tamil Nadu PC-8",State Electricity Board,1651608,2026-03-14,Ongoing,,False,
W001453,MP0218,Amit Patel,Tamil Nadu,Tamil Nadu PC-8,Tamil Nadu District 2,Public Toilet Complex,"Public Toilet Complex near Community Centre #421, Tamil Nadu PC-8",State Water Board,444313,2026-01-17,Completed,2026-03-08,False,
W001454,MP0219,Harish Singh,Tamil Nadu,Tamil Nadu PC-9,Tamil Nadu District 3,Irrigation Canal,"Irrigation Canal near Community Centre #213, Tamil Nadu PC-9",PWD Division,1647147,2025-02-04,Completed,2025-07-05,False,
W001455,MP0219,Harish Singh,Tamil Nadu,Tamil Nadu PC-9,Tamil Nadu District 3,Community Hall,"Community Hall near Primary Health Centre #652, Tamil Nadu PC-9",Rural Engineering Services,2314180,2025-10-21,Completed,2026-04-02,False,
W001456,MP0219,Harish Singh,Tamil Nadu,Tamil Nadu PC-9,Tamil Nadu District 3,Public Toilet Complex,"Public Toilet Complex near Primary Health Centre #371, Tamil Nadu PC-9",State Water Board,371643,2025-10-02,Completed,2025-12-03,False,
W001457,MP0219,Harish Singh,Tamil Nadu,Tamil Nadu PC-9,Tamil Nadu District 3,Road Construction/Repair,"Road Construction/Repair near Temple Road #519, Tamil Nadu PC-9",Block Development Office,1547294,2025-04-12,Completed,2025-10-11,False,
W001458,MP0219,Harish Singh,Tamil Nadu,Tamil Nadu PC-9,Tamil Nadu District 3,Drinking Water Supply,"Drinking Water Supply at Ward 3 #140, Tamil Nadu PC-9",State Electricity Board,798820,2025-01-16,Completed,2025-05-06,False,
W001459,MP0219,Harish Singh,Tamil Nadu,Tamil Nadu PC-9,Tamil Nadu District 3,Anganwadi Centre,"Anganwadi Centre in Ward 7 #525, Tamil Nadu PC-9",State Electricity Board,544420,2024-09-10,Completed,2024-11-24,False,
W001460,MP0220,Satish Kulkarni,Tamil Nadu,Tamil Nadu PC-10,Tamil Nadu District 3,Irrigation Canal,"Irrigation Canal near Community Centre #245, Tamil Nadu PC-10",Block Development Office,1726705,2025-03-29,Completed,2025-10-07,False,
W001461,MP0220,Satish Kulkarni,Tamil Nadu,Tamil Nadu PC-10,Tamil Nadu District 3,Drinking Water Supply,"Drinking Water Supply at Market Road #584, Tamil Nadu PC-10",State Electricity Board,997291,2026-06-24,Ongoing,,False,
W001462,MP0220,Satish Kulkarni,Tamil Nadu,Tamil Nadu PC-10,Tamil Nadu District 3,Drinking Water Supply,"Drinking Water Supply near Panchayat Bhavan #95, Tamil Nadu PC-10",Municipal Corporation,818162,2025-02-28,Completed,2025-06-16,False,
W001463,MP0220,Satish Kulkarni,Tamil Nadu,Tamil Nadu PC-10,Tamil Nadu District 3,Streetlight Installation,"Streetlight Installation near Railway Crossing #49, Tamil Nadu PC-10",Rural Engineering Services,338162,2025-08-14,Completed,2025-10-07,False,
W001464,MP0220,Satish Kulkarni,Tamil Nadu,Tamil Nadu PC-10,Tamil Nadu District 3,Health Sub-Centre Upgrade,"Health Sub-Centre Upgrade at Ward 3 #490, Tamil Nadu PC-10",Municipal Corporation,859825,2025-09-04,Completed,2026-02-20,False,
W001465,MP0221,Vinod Barman,Tamil Nadu,Tamil Nadu PC-11,Tamil Nadu District 3,Community Hall,"Community Hall in Sector 4 #769, Tamil Nadu PC-11",Block Development Office,1689283,2026-06-07,Ongoing,,False,
W001466,MP0221,Vinod Barman,Tamil Nadu,Tamil Nadu PC-11,Tamil Nadu District 3,Community Hall,"Community Hall at Colony Gate #172, Tamil Nadu PC-11",Municipal Corporation,2238330,2025-04-09,Completed,2025-10-16,False,
W001467,MP0221,Vinod Barman,Tamil Nadu,Tamil Nadu PC-11,Tamil Nadu District 3,Road Construction/Repair,"Road Construction/Repair near Panchayat Bhavan #824, Tamil Nadu PC-11",District Rural Dev. Agency,1059033,2026-06-07,Ongoing,,False,
W001468,MP0221,Vinod Barman,Tamil Nadu,Tamil Nadu PC-11,Tamil Nadu District 3,Streetlight Installation,"Streetlight Installation near Panchayat Bhavan #121, Tamil Nadu PC-11",Zilla Panchayat,275275,2025-09-28,Completed,2025-11-07,False,
W001469,MP0221,Vinod Barman,Tamil Nadu,Tamil Nadu PC-11,Tamil Nadu District 3,Streetlight Installation,"Streetlight Installation at Ward 3 #603, Tamil Nadu PC-11",Municipal Corporation,362805,2026-04-30,Completed,2026-06-04,False,
W001470,MP0221,Vinod Barman,Tamil Nadu,Tamil Nadu PC-11,Tamil Nadu District 3,Road Construction/Repair,"Road Construction/Repair near Temple Road #133, Tamil Nadu PC-11",State Electricity Board,1417331,2025-07-13,Completed,2025-12-16,False,
W001471,MP0221,Vinod Barman,Tamil Nadu,Tamil Nadu PC-11,Tamil Nadu District 3,Streetlight Installation,"Streetlight Installation near Temple Road #246, Tamil Nadu PC-11",Block Development Office,306939,2026-03-08,Completed,2026-04-28,False,
W001472,MP0221,Vinod Barman,Tamil Nadu,Tamil Nadu PC-11,Tamil Nadu District 3,Irrigation Canal,"Irrigation Canal in Ward 12 #268, Tamil Nadu PC-11",District Rural Dev. Agency,1708444,2024-09-26,Completed,2025-06-10,False,
W001473,MP0221,Vinod Barman,Tamil Nadu,Tamil Nadu PC-11,Tamil Nadu District 3,Streetlight Installation,"Streetlight Installation near Bus Stand #332, Tamil Nadu PC-11",State Water Board,296697,2024-10-27,Completed,2024-12-23,False,
W001474,MP0222,Ajay Roy,Tamil Nadu,Tamil Nadu PC-12,Tamil Nadu District 3,Anganwadi Centre,"Anganwadi Centre in Ward 7 #376, Tamil Nadu PC-12",State Electricity Board,485673,2026-05-25,Completed,2026-08-22,False,
W001475,MP0222,Ajay Roy,Tamil Nadu,Tamil Nadu PC-12,Tamil Nadu District 3,Road Construction/Repair,"Road Construction/Repair near Govt School #53, Tamil Nadu PC-12",Rural Engineering Services,1243398,2025-06-10,Completed,2025-08-25,False,
W001476,MP0222,Ajay Roy,Tamil Nadu,Tamil Nadu PC-12,Tamil Nadu District 3,Drainage/Sewage,"Drainage/Sewage near Railway Crossing #931, Tamil Nadu PC-12",State Electricity Board,467328,2025-06-07,Completed,2025-08-27,False,
W001477,MP0222,Ajay Roy,Tamil Nadu,Tamil Nadu PC-12,Tamil Nadu District 3,Community Hall,"Community Hall at Colony Gate #715, Tamil Nadu PC-12",Rural Engineering Services,1839130,2025-07-15,Completed,2026-02-27,False,
W001478,MP0222,Ajay Roy,Tamil Nadu,Tamil Nadu PC-12,Tamil Nadu District 3,Anganwadi Centre,"Anganwadi Centre in Ward 12 #191, Tamil Nadu PC-12",State Electricity Board,545080,2025-05-16,Completed,2025-10-01,False,
W001479,MP0222,Ajay Roy,Tamil Nadu,Tamil Nadu PC-12,Tamil Nadu District 3,Streetlight Installation,"Streetlight Installation at Market Road #723, Tamil Nadu PC-12",Zilla Panchayat,314767,2025-08-14,Completed,2025-09-06,False,
W001480,MP0222,Ajay Roy,Tamil Nadu,Tamil Nadu PC-12,Tamil Nadu District 3,Anganwadi Centre,"Anganwadi Centre at Ward 3 #221, Tamil Nadu PC-12",Municipal Corporation,559217,2024-11-03,Completed,2025-02-04,False,
W001481,MP0222,Ajay Roy,Tamil Nadu,Tamil Nadu PC-12,Tamil Nadu District 3,Public Toilet Complex,"Public Toilet Complex at Main Chowk #713, Tamil Nadu PC-12",Municipal Corporation,400000,2024-06-16,Ongoing,,True,stuck_ongoing
W001482,MP0223,Ashok Sharma,Tamil Nadu,Tamil Nadu PC-13,Tamil Nadu District 4,Road Construction/Repair,"Road Construction/Repair near Temple Road #951, Tamil Nadu PC-13",Block Development Office,1389442,2025-01-12,Completed,2025-06-22,False,
W001483,MP0223,Ashok Sharma,Tamil Nadu,Tamil Nadu PC-13,Tamil Nadu District 4,Drinking Water Supply,"Drinking Water Supply at Colony Gate #587, Tamil Nadu PC-13",Rural Engineering Services,691451,2025-08-17,Completed,2025-10-08,False,
W001484,MP0223,Ashok Sharma,Tamil Nadu,Tamil Nadu PC-13,Tamil Nadu District 4,Streetlight Installation,"Streetlight Installation at Colony Gate #866, Tamil Nadu PC-13",Zilla Panchayat,290526,2025-06-22,Completed,2025-08-15,False,
W001485,MP0223,Ashok Sharma,Tamil Nadu,Tamil Nadu PC-13,Tamil Nadu District 4,School Building/Classroom,"School Building/Classroom near Bus Stand #336, Tamil Nadu PC-13",District Rural Dev. Agency,1748493,2026-05-22,Ongoing,,False,
W001486,MP0223,Ashok Sharma,Tamil Nadu,Tamil Nadu PC-13,Tamil Nadu District 4,Public Toilet Complex,"Public Toilet Complex at Main Chowk #959, Tamil Nadu PC-13",PWD Division,346341,2024-12-21,Completed,2025-02-24,False,
W001487,MP0223,Ashok Sharma,Tamil Nadu,Tamil Nadu PC-13,Tamil Nadu District 4,Public Toilet Complex,"Public Toilet Complex near Railway Crossing #459, Tamil Nadu PC-13",Municipal Corporation,391829,2024-12-19,Completed,2025-02-19,False,
W001488,MP0223,Ashok Sharma,Tamil Nadu,Tamil Nadu PC-13,Tamil Nadu District 4,Drinking Water Supply,"Drinking Water Supply near Panchayat Bhavan #314, Tamil Nadu PC-13",District Rural Dev. Agency,663332,2025-10-11,Completed,2025-12-10,False,
W001489,MP0223,Ashok Sharma,Tamil Nadu,Tamil Nadu PC-13,Tamil Nadu District 4,Irrigation Canal,"Irrigation Canal near Community Centre #600, Tamil Nadu PC-13",Municipal Corporation,1918340,2025-02-28,Completed,2025-10-09,False,
W001490,MP0224,Sanjay Bhattacharya,Tamil Nadu,Tamil Nadu PC-14,Tamil Nadu District 4,School Building/Classroom,"School Building/Classroom near Community Centre #218, Tamil Nadu PC-14",State Water Board,1787438,2025-05-16,Completed,2026-01-20,False,
W001491,MP0224,Sanjay Bhattacharya,Tamil Nadu,Tamil Nadu PC-14,Tamil Nadu District 4,Public Toilet Complex,"Public Toilet Complex near Panchayat Bhavan #898, Tamil Nadu PC-14",Municipal Corporation,482112,2026-01-02,Completed,2026-02-17,False,
W001492,MP0224,Sanjay Bhattacharya,Tamil Nadu,Tamil Nadu PC-14,Tamil Nadu District 4,Community Hall,"Community Hall in Ward 7 #405, Tamil Nadu PC-14",District Rural Dev. Agency,1832500,2026-03-28,Ongoing,,False,
W001493,MP0224,Sanjay Bhattacharya,Tamil Nadu,Tamil Nadu PC-14,Tamil Nadu District 4,Drainage/Sewage,"Drainage/Sewage near Bus Depot #159, Tamil Nadu PC-14",Block Development Office,720911,2025-11-01,Completed,2026-01-28,False,
W001494,MP0224,Sanjay Bhattacharya,Tamil Nadu,Tamil Nadu PC-14,Tamil Nadu District 4,Streetlight Installation,"Streetlight Installation near Temple Road #661, Tamil Nadu PC-14",PWD Division,298235,2025-12-22,Completed,2026-02-07,False,
W001495,MP0224,Sanjay Bhattacharya,Tamil Nadu,Tamil Nadu PC-14,Tamil Nadu District 4,Drainage/Sewage,"Drainage/Sewage near Railway Crossing #391, Tamil Nadu PC-14",Municipal Corporation,656663,2025-07-18,Completed,2025-10-18,False,
W001496,MP0224,Sanjay Bhattacharya,Tamil Nadu,Tamil Nadu PC-14,Tamil Nadu District 4,Drainage/Sewage,"Drainage/Sewage near Primary Health Centre #369, Tamil Nadu PC-14",Municipal Corporation,556675,2024-09-02,Completed,2024-12-15,False,
W001497,MP0225,Geeta Mehta,Tamil Nadu,Tamil Nadu PC-15,Tamil Nadu District 4,Irrigation Canal,"Irrigation Canal near Primary Health Centre #345, Tamil Nadu PC-15",Rural Engineering Services,1808085,2025-01-03,Completed,2025-08-21,False,
W001498,MP0225,Geeta Mehta,Tamil Nadu,Tamil Nadu PC-15,Tamil Nadu District 4,Irrigation Canal,"Irrigation Canal near Govt School #766, Tamil Nadu PC-15",State Water Board,1515628,2025-06-14,Completed,2026-02-16,False,
W001499,MP0225,Geeta Mehta,Tamil Nadu,Tamil Nadu PC-15,Tamil Nadu District 4,Health Sub-Centre Upgrade,"Health Sub-Centre Upgrade near Bus Stand #94, Tamil Nadu PC-15",Municipal Corporation,903439,2025-06-26,Completed,2025-10-23,False,
W001500,MP0225,Geeta Mehta,Tamil Nadu,Tamil Nadu PC-15,Tamil Nadu District 4,Community Hall,"Community Hall in Sector 4 #335, Tamil Nadu PC-15",Zilla Panchayat,1857821,2025-05-30,Completed,2026-01-05,False,
W001501,MP0225,Geeta Mehta,Tamil Nadu,Tamil Nadu PC-15,Tamil Nadu District 4,Public Toilet Complex,"Public Toilet Complex in Sector 4 #807, Tamil Nadu PC-15",Rural Engineering Services,405421,2024-11-08,Completed,2025-01-02,False,
W001502,MP0225,Geeta Mehta,Tamil Nadu,Tamil Nadu PC-15,Tamil Nadu District 4,Streetlight Installation,"Streetlight Installation at Main Chowk #24, Tamil Nadu PC-15",PWD Division,279024,2024-11-03,Completed,2024-12-09,False,
W001503,MP0225,Geeta Mehta,Tamil Nadu,Tamil Nadu PC-15,Tamil Nadu District 4,School Building/Classroom,"School Building/Classroom near Bus Stand #600, Tamil Nadu PC-15",State Water Board,1544402,2024-11-27,Completed,2025-05-21,False,
W001504,MP0226,Shobha Banerjee,Tamil Nadu,Tamil Nadu PC-16,Tamil Nadu District 4,Community Hall,"Community Hall near Railway Crossing #466, Tamil Nadu PC-16",State Electricity Board,2158812,2026-03-26,Ongoing,,False,
W001505,MP0226,Shobha Banerjee,Tamil Nadu,Tamil Nadu PC-16,Tamil Nadu District 4,Road Construction/Repair,"Road Construction/Repair near Community Centre #786, Tamil Nadu PC-16",State Water Board,1432136,2026-01-30,Ongoing,,False,
W001506,MP0226,Shobha Banerjee,Tamil Nadu,Tamil Nadu PC-16,Tamil Nadu District 4,Drinking Water Supply,"Drinking Water Supply at Market Road #567, Tamil Nadu PC-16",Block Development Office,829379,2025-05-05,Completed,2025-07-30,False,
W001507,MP0226,Shobha Banerjee,Tamil Nadu,Tamil Nadu PC-16,Tamil Nadu District 4,Drainage/Sewage,"Drainage/Sewage near Panchayat Bhavan #975, Tamil Nadu PC-16",Zilla Panchayat,487230,2026-08-09,Ongoing,,False,
W001508,MP0226,Shobha Banerjee,Tamil Nadu,Tamil Nadu PC-16,Tamil Nadu District 4,Public Toilet Complex,"Public Toilet Complex in Sector 4 #625, Tamil Nadu PC-16",District Rural Dev. Agency,452578,2025-10-06,Completed,2025-12-03,False,
W001509,MP0226,Shobha Banerjee,Tamil Nadu,Tamil Nadu PC-16,Tamil Nadu District 4,Drinking Water Supply,"Drinking Water Supply near Temple Road #348, Tamil Nadu PC-16",Municipal Corporation,3686802,2025-06-24,Sanctioned,,True,cost_outlier
W001510,MP0227,Deepak Banerjee,Tamil Nadu,Tamil Nadu PC-17,Tamil Nadu District 5,Community Hall,"Community Hall in Sector 4 #896, Tamil Nadu PC-17",Municipal Corporation,1975129,2025-06-08,Completed,2025-12-07,False,
W001511,MP0227,Deepak Banerjee,Tamil Nadu,Tamil Nadu PC-17,Tamil Nadu District 5,Drinking Water Supply,"Drinking Water Supply near Govt School #527, Tamil Nadu PC-17",Municipal Corporation,792770,2025-10-02,Completed,2025-12-13,False,
W001512,MP0227,Deepak Banerjee,Tamil Nadu,Tamil Nadu PC-17,Tamil Nadu District 5,Irrigation Canal,"Irrigation Canal near Primary Health Centre #745, Tamil Nadu PC-17",State Electricity Board,1462970,2025-11-17,Completed,2026-06-11,False,
W001513,MP0227,Deepak Banerjee,Tamil Nadu,Tamil Nadu PC-17,Tamil Nadu District 5,Health Sub-Centre Upgrade,"Health Sub-Centre Upgrade in Ward 7 #851, Tamil Nadu PC-17",State Electricity Board,923076,2025-09-15,Completed,2026-03-17,False,
W001514,MP0227,Deepak Banerjee,Tamil Nadu,Tamil Nadu PC-17,Tamil Nadu District 5,Drinking Water Supply,"Drinking Water Supply near Railway Crossing #27, Tamil Nadu PC-17",PWD Division,759319,2025-02-11,Completed,2025-04-25,False,
W001515,MP0227,Deepak Banerjee,Tamil Nadu,Tamil Nadu PC-17,Tamil Nadu District 5,Public Toilet Complex,"Public Toilet Complex in Ward 7 #302, Tamil Nadu PC-17",PWD Division,383078,2024-11-30,Completed,2025-01-08,False,
W001516,MP0228,Manoj Banerjee,Tamil Nadu,Tamil Nadu PC-18,Tamil Nadu District 5,Drinking Water Supply,"Drinking Water Supply near Temple Road #556, Tamil Nadu PC-18",Municipal Corporation,815032,2025-09-07,Completed,2025-11-16,False,
W001517,MP0228,Manoj Banerjee,Tamil Nadu,Tamil Nadu PC-18,Tamil Nadu District 5,Drainage/Sewage,"Drainage/Sewage in Ward 7 #169, Tamil Nadu PC-18",District Rural Dev. Agency,591488,2025-02-20,Completed,2025-05-17,False,
W001518,MP0228,Manoj Banerjee,Tamil Nadu,Tamil Nadu PC-18,Tamil Nadu District 5,Anganwadi Centre,"Anganwadi Centre in Ward 7 #395, Tamil Nadu PC-18",Block Development Office,660739,2025-01-24,Completed,2025-04-11,False,
W001519,MP0228,Manoj Banerjee,Tamil Nadu,Tamil Nadu PC-18,Tamil Nadu District 5,School Building/Classroom,"School Building/Classroom at Village Entry Point #820, Tamil Nadu PC-18",District Rural Dev. Agency,1404254,2025-01-26,Completed,2025-06-29,False,
W001520,MP0228,Manoj Banerjee,Tamil Nadu,Tamil Nadu PC-18,Tamil Nadu District 5,Drinking Water Supply,"Drinking Water Supply at Colony Gate #943, Tamil Nadu PC-18",District Rural Dev. Agency,865945,2025-07-29,Completed,2025-10-29,False,
W001521,MP0228,Manoj Banerjee,Tamil Nadu,Tamil Nadu PC-18,Tamil Nadu District 5,Drinking Water Supply,"Drinking Water Supply near Community Centre #156, Tamil Nadu PC-18",Zilla Panchayat,758064,2025-05-02,Completed,2025-07-23,False,
W001522,MP0228,Manoj Banerjee,Tamil Nadu,Tamil Nadu PC-18,Tamil Nadu District 5,Streetlight Installation,"Streetlight Installation near Temple Road #101, Tamil Nadu PC-18",District Rural Dev. Agency,224041,2025-12-16,Completed,2026-01-20,False,
W001523,MP0228,Manoj Banerjee,Tamil Nadu,Tamil Nadu PC-18,Tamil Nadu District 5,Drinking Water Supply,"Drinking Water Supply near Temple Road #903, Tamil Nadu PC-18",Municipal Corporation,702366,2025-12-01,Completed,2026-04-06,False,
W001524,MP0228,Manoj Banerjee,Tamil Nadu,Tamil Nadu PC-18,Tamil Nadu District 5,Drainage/Sewage,"Drainage/Sewage at Ward 3 #780, Tamil Nadu PC-18",District Rural Dev. Agency,664132,2025-10-07,Completed,2025-12-27,False,
W001525,MP0229,Shobha Pandey,Tamil Nadu,Tamil Nadu PC-19,Tamil Nadu District 5,Streetlight Installation,"Streetlight Installation near Railway Crossing #947, Tamil Nadu PC-19",District Rural Dev. Agency,337700,2025-01-08,Completed,2025-03-03,False,
W001526,MP0229,Shobha Pandey,Tamil Nadu,Tamil Nadu PC-19,Tamil Nadu District 5,Anganwadi Centre,"Anganwadi Centre at Ward 3 #329, Tamil Nadu PC-19",State Electricity Board,546470,2025-10-26,Completed,2026-03-09,False,
W001527,MP0229,Shobha Pandey,Tamil Nadu,Tamil Nadu PC-19,Tamil Nadu District 5,Irrigation Canal,"Irrigation Canal near Railway Crossing #904, Tamil Nadu PC-19",Zilla Panchayat,1836374,2026-06-09,Ongoing,,False,
W001528,MP0229,Shobha Pandey,Tamil Nadu,Tamil Nadu PC-19,Tamil Nadu District 5,Road Construction/Repair,"Road Construction/Repair in Ward 12 #365, Tamil Nadu PC-19",District Rural Dev. Agency,996541,2026-03-01,Completed,2026-06-30,False,
W001529,MP0230,Yogesh Bhattacharya,Tamil Nadu,Tamil Nadu PC-20,Tamil Nadu District 5,Public Toilet Complex,"Public Toilet Complex at Colony Gate #907, Tamil Nadu PC-20",District Rural Dev. Agency,424289,2026-04-12,Completed,2026-06-23,False,
W001530,MP0230,Yogesh Bhattacharya,Tamil Nadu,Tamil Nadu PC-20,Tamil Nadu District 5,Drinking Water Supply,"Drinking Water Supply near Bus Stand #673, Tamil Nadu PC-20",State Water Board,659139,2026-05-28,Completed,2026-08-27,False,
W001531,MP0230,Yogesh Bhattacharya,Tamil Nadu,Tamil Nadu PC-20,Tamil Nadu District 5,Health Sub-Centre Upgrade,"Health Sub-Centre Upgrade at Ward 3 #542, Tamil Nadu PC-20",PWD Division,1176607,2024-09-01,Completed,2025-01-04,False,
W001532,MP0230,Yogesh Bhattacharya,Tamil Nadu,Tamil Nadu PC-20,Tamil Nadu District 5,Drainage/Sewage,"Drainage/Sewage near Temple Road #552, Tamil Nadu PC-20",Municipal Corporation,581108,2025-02-16,Completed,2025-05-25,False,
W001533,MP0230,Yogesh Bhattacharya,Tamil Nadu,Tamil Nadu PC-20,Tamil Nadu District 5,Drinking Water Supply,"Drinking Water Supply at Village Entry Point #143, Tamil Nadu PC-20",Municipal Corporation,888736,2025-06-03,Completed,2025-09-01,False,
W001534,MP0230,Yogesh Bhattacharya,Tamil Nadu,Tamil Nadu PC-20,Tamil Nadu District 5,Anganwadi Centre,"Anganwadi Centre at Village Entry Point #11, Tamil Nadu PC-20",PWD Division,596580,2024-12-04,Completed,2025-03-01,False,
W001535,MP0230,Yogesh Bhattacharya,Tamil Nadu,Tamil Nadu PC-20,Tamil Nadu District 5,Community Hall,"Community Hall in Ward 12 #789, Tamil Nadu PC-20",Municipal Corporation,2129836,2025-12-07,Completed,2026-06-29,False,
W001536,MP0230,Yogesh Bhattacharya,Tamil Nadu,Tamil Nadu PC-20,Tamil Nadu District 5,School Building/Classroom,"School Building/Classroom in Ward 12 #829, Tamil Nadu PC-20",Municipal Corporation,1359185,2024-09-01,Completed,2025-01-12,False,
W001537,MP0231,Arun Chatterjee,Tamil Nadu,Tamil Nadu PC-21,Tamil Nadu District 6,Streetlight Installation,"Streetlight Installation near Bus Depot #36, Tamil Nadu PC-21",State Water Board,321263,2025-12-27,Completed,2026-01-23,False,
W001538,MP0231,Arun Chatterjee,Tamil Nadu,Tamil Nadu PC-21,Tamil Nadu District 6,Streetlight Installation,"Streetlight Installation near Primary Health Centre #462, Tamil Nadu PC-21",Block Development Office,294955,2025-07-27,Completed,2025-09-25,False,
W001539,MP0231,Arun Chatterjee,Tamil Nadu,Tamil Nadu PC-21,Tamil Nadu District 6,School Building/Classroom,"School Building/Classroom near Govt School #994, Tamil Nadu PC-21",District Rural Dev. Agency,1653001,2025-07-02,Completed,2026-01-26,False,
W001540,MP0231,Arun Chatterjee,Tamil Nadu,Tamil Nadu PC-21,Tamil Nadu District 6,Anganwadi Centre,"Anganwadi Centre near Govt School #732, Tamil Nadu PC-21",Municipal Corporation,489189,2025-09-08,Completed,2025-12-29,False,
W001541,MP0231,Arun Chatterjee,Tamil Nadu,Tamil Nadu PC-21,Tamil Nadu District 6,Health Sub-Centre Upgrade,"Health Sub-Centre Upgrade near Govt School #47, Tamil Nadu PC-21",District Rural Dev. Agency,766903,2025-03-30,Completed,2025-11-03,False,
W001542,MP0232,Sunita Mondal,Tamil Nadu,Tamil Nadu PC-22,Tamil Nadu District 6,Drinking Water Supply,"Drinking Water Supply in Ward 12 #268, Tamil Nadu PC-22",Zilla Panchayat,774562,2025-05-25,Completed,2025-09-17,False,
W001543,MP0232,Sunita Mondal,Tamil Nadu,Tamil Nadu PC-22,Tamil Nadu District 6,Anganwadi Centre,"Anganwadi Centre at Colony Gate #859, Tamil Nadu PC-22",Zilla Panchayat,630286,2024-08-06,Completed,2024-10-22,False,
W001544,MP0232,Sunita Mondal,Tamil Nadu,Tamil Nadu PC-22,Tamil Nadu District 6,Irrigation Canal,"Irrigation Canal in Sector 4 #553, Tamil Nadu PC-22",State Electricity Board,1505049,2025-10-23,Completed,2026-05-18,False,
W001545,MP0232,Sunita Mondal,Tamil Nadu,Tamil Nadu PC-22,Tamil Nadu District 6,Streetlight Installation,"Streetlight Installation near Panchayat Bhavan #78, Tamil Nadu PC-22",State Electricity Board,318041,2025-08-02,Completed,2025-09-10,False,
W001546,MP0232,Sunita Mondal,Tamil Nadu,Tamil Nadu PC-22,Tamil Nadu District 6,Health Sub-Centre Upgrade,"Health Sub-Centre Upgrade at Market Road #556, Tamil Nadu PC-22",Zilla Panchayat,982601,2025-09-29,Completed,2026-01-29,False,
W001547,MP0232,Sunita Mondal,Tamil Nadu,Tamil Nadu PC-22,Tamil Nadu District 6,Health Sub-Centre Upgrade,"Health Sub-Centre Upgrade at Village Entry Point #228, Tamil Nadu PC-22",Rural Engineering Services,771335,2026-02-08,Completed,2026-06-13,False,
W001548,MP0232,Sunita Mondal,Tamil Nadu,Tamil Nadu PC-22,Tamil Nadu District 6,Streetlight Installation,"Streetlight Installation in Ward 12 #58, Tamil Nadu PC-22",PWD Division,416224,2026-02-23,Completed,2026-04-14,False,
W001549,MP0232,Sunita Mondal,Tamil Nadu,Tamil Nadu PC-22,Tamil Nadu District 6,Drainage/Sewage,"Drainage/Sewage in Sector 4 #779, Tamil Nadu PC-22",Block Development Office,700000,2024-06-30,Ongoing,,True,stuck_ongoing
W001550,MP0233,Yogesh Iyer,Tamil Nadu,Tamil Nadu PC-23,Tamil Nadu District 6,Public Toilet Complex,"Public Toilet Complex near Bus Depot #878, Tamil Nadu PC-23",Municipal Corporation,422629,2025-11-28,Completed,2026-01-03,False,
W001551,MP0233,Yogesh Iyer,Tamil Nadu,Tamil Nadu PC-23,Tamil Nadu District 6,Drainage/Sewage,"Drainage/Sewage at Ward 3 #971, Tamil Nadu PC-23",Block Development Office,576545,2026-02-16,Completed,2026-05-13,False,
W001552,MP0233,Yogesh Iyer,Tamil Nadu,Tamil Nadu PC-23,Tamil Nadu District 6,Public Toilet Complex,"Public Toilet Complex in Ward 7 #520, Tamil Nadu PC-23",District Rural Dev. Agency,460526,2025-11-12,Completed,2026-01-08,False,
W001553,MP0233,Yogesh Iyer,Tamil Nadu,Tamil Nadu PC-23,Tamil Nadu District 6,Road Construction/Repair,"Road Construction/Repair in Ward 7 #379, Tamil Nadu PC-23",State Electricity Board,1029531,2025-02-22,Completed,2025-08-14,False,
W001554,MP0233,Yogesh Iyer,Tamil Nadu,Tamil Nadu PC-23,Tamil Nadu District 6,Public Toilet Complex,"Public Toilet Complex near Railway Crossing #362, Tamil Nadu PC-23",Zilla Panchayat,442700,2025-08-02,Completed,2025-10-06,False,
W001555,MP0233,Yogesh Iyer,Tamil Nadu,Tamil Nadu PC-23,Tamil Nadu District 6,Streetlight Installation,"Streetlight Installation at Main Chowk #906, Tamil Nadu PC-23",Block Development Office,241244,2025-10-17,Completed,2025-12-06,False,
W001556,MP0233,Yogesh Iyer,Tamil Nadu,Tamil Nadu PC-23,Tamil Nadu District 6,Streetlight Installation,"Streetlight Installation near Railway Crossing #146, Tamil Nadu PC-23",District Rural Dev. Agency,275850,2025-01-08,Completed,2025-02-18,False,
W001557,MP0233,Yogesh Iyer,Tamil Nadu,Tamil Nadu PC-23,Tamil Nadu District 6,School Building/Classroom,"School Building/Classroom near Bus Stand #751, Tamil Nadu PC-23",PWD Division,1363134,2025-07-10,Completed,2026-01-17,False,
W001558,MP0233,Yogesh Iyer,Tamil Nadu,Tamil Nadu PC-23,Tamil Nadu District 6,Streetlight Installation,"Streetlight Installation at Main Chowk #221, Tamil Nadu PC-23",Rural Engineering Services,293564,2025-05-11,Completed,2025-06-26,False,
W001559,MP0234,Shobha Barman,Tamil Nadu,Tamil Nadu PC-24,Tamil Nadu District 6,Drainage/Sewage,"Drainage/Sewage near Community Centre #77, Tamil Nadu PC-24",District Rural Dev. Agency,754541,2025-07-07,Completed,2025-10-28,False,
W001560,MP0234,Shobha Barman,Tamil Nadu,Tamil Nadu PC-24,Tamil Nadu District 6,Irrigation Canal,"Irrigation Canal at Market Road #570, Tamil Nadu PC-24",State Water Board,1807958,2025-01-13,Completed,2025-09-28,False,
W001561,MP0234,Shobha Barman,Tamil Nadu,Tamil Nadu PC-24,Tamil Nadu District 6,Health Sub-Centre Upgrade,"Health Sub-Centre Upgrade near Govt School #26, Tamil Nadu PC-24",State Water Board,995837,2026-04-11,Completed,2026-07-30,False,
W001562,MP0234,Shobha Barman,Tamil Nadu,Tamil Nadu PC-24,Tamil Nadu District 6,Drainage/Sewage,"Drainage/Sewage near Govt School #596, Tamil Nadu PC-24",State Water Board,647767,2024-07-13,Completed,2024-09-28,False,
W001563,MP0234,Shobha Barman,Tamil Nadu,Tamil Nadu PC-24,Tamil Nadu District 6,Road Construction/Repair,"Road Construction/Repair at Colony Gate #943, Tamil Nadu PC-24",Rural Engineering Services,1284865,2025-10-30,Completed,2026-03-30,False,
W001564,MP0234,Shobha Barman,Tamil Nadu,Tamil Nadu PC-24,Tamil Nadu District 6,Streetlight Installation,"Streetlight Installation near Community Centre #148, Tamil Nadu PC-24",Zilla Panchayat,275027,2025-01-26,Completed,2025-03-01,False,
W001565,MP0234,Shobha Barman,Tamil Nadu,Tamil Nadu PC-24,Tamil Nadu District 6,Drinking Water Supply,"Drinking Water Supply at Colony Gate #994, Tamil Nadu PC-24",State Electricity Board,789077,2025-11-24,Completed,2026-03-01,False,
W001566,MP0234,Shobha Barman,Tamil Nadu,Tamil Nadu PC-24,Tamil Nadu District 6,School Building/Classroom,"School Building/Classroom near Railway Crossing #748, Tamil Nadu PC-24",State Water Board,1292875,2025-10-09,Ongoing,,False,
W001567,MP0235,Yogesh Singh,Tamil Nadu,Tamil Nadu PC-25,Tamil Nadu District 7,Health Sub-Centre Upgrade,"Health Sub-Centre Upgrade near Bus Stand #26, Tamil Nadu PC-25",Rural Engineering Services,960524,2025-08-27,Completed,2026-02-20,False,
W001568,MP0235,Yogesh Singh,Tamil Nadu,Tamil Nadu PC-25,Tamil Nadu District 7,Irrigation Canal,"Irrigation Canal near Primary Health Centre #847, Tamil Nadu PC-25",PWD Division,2022929,2024-11-20,Completed,2025-06-22,False,
W001569,MP0235,Yogesh Singh,Tamil Nadu,Tamil Nadu PC-25,Tamil Nadu District 7,Anganwadi Centre,"Anganwadi Centre in Ward 7 #867, Tamil Nadu PC-25",District Rural Dev. Agency,753049,2025-02-08,Completed,2025-06-06,False,
W001570,MP0235,Yogesh Singh,Tamil Nadu,Tamil Nadu PC-25,Tamil Nadu District 7,Public Toilet Complex,"Public Toilet Complex near Temple Road #699, Tamil Nadu PC-25",State Water Board,399964,2025-05-28,Completed,2025-07-29,False,
W001571,MP0235,Yogesh Singh,Tamil Nadu,Tamil Nadu PC-25,Tamil Nadu District 7,Drinking Water Supply,"Drinking Water Supply near Primary Health Centre #827, Tamil Nadu PC-25",Municipal Corporation,746252,2025-01-23,Completed,2025-06-05,False,
W001572,MP0235,Yogesh Singh,Tamil Nadu,Tamil Nadu PC-25,Tamil Nadu District 7,Public Toilet Complex,"Public Toilet Complex near Govt School #28, Tamil Nadu PC-25",Municipal Corporation,468650,2024-12-02,Completed,2025-02-06,False,
W001573,MP0236,Rajesh Roy,Tamil Nadu,Tamil Nadu PC-26,Tamil Nadu District 7,Streetlight Installation,"Streetlight Installation at Ward 3 #243, Tamil Nadu PC-26",PWD Division,270271,2024-11-11,Completed,2025-01-02,False,
W001574,MP0236,Rajesh Roy,Tamil Nadu,Tamil Nadu PC-26,Tamil Nadu District 7,Community Hall,"Community Hall at Colony Gate #77, Tamil Nadu PC-26",Zilla Panchayat,2154599,2025-03-15,Completed,2025-11-18,False,
W001575,MP0236,Rajesh Roy,Tamil Nadu,Tamil Nadu PC-26,Tamil Nadu District 7,Community Hall,"Community Hall at Village Entry Point #450, Tamil Nadu PC-26",Zilla Panchayat,2098296,2025-03-04,Completed,2025-11-23,False,
W001576,MP0236,Rajesh Roy,Tamil Nadu,Tamil Nadu PC-26,Tamil Nadu District 7,Public Toilet Complex,"Public Toilet Complex near Railway Crossing #487, Tamil Nadu PC-26",Zilla Panchayat,459186,2025-11-20,Completed,2026-01-25,False,
W001577,MP0236,Rajesh Roy,Tamil Nadu,Tamil Nadu PC-26,Tamil Nadu District 7,School Building/Classroom,"School Building/Classroom near Bus Depot #332, Tamil Nadu PC-26",Block Development Office,1199892,2025-03-18,Completed,2025-08-19,False,
W001578,MP0236,Rajesh Roy,Tamil Nadu,Tamil Nadu PC-26,Tamil Nadu District 7,Health Sub-Centre Upgrade,"Health Sub-Centre Upgrade in Ward 7 #696, Tamil Nadu PC-26",State Electricity Board,1097785,2025-01-25,Completed,2025-08-23,False,
W001579,MP0237,Poonam Mishra,Tamil Nadu,Tamil Nadu PC-27,Tamil Nadu District 7,Irrigation Canal,"Irrigation Canal at Main Chowk #247, Tamil Nadu PC-27",State Electricity Board,2123697,2024-10-01,Completed,2025-07-06,False,
W001580,MP0237,Poonam Mishra,Tamil Nadu,Tamil Nadu PC-27,Tamil Nadu District 7,Streetlight Installation,"Streetlight Installation near Bus Stand #777, Tamil Nadu PC-27",Municipal Corporation,260644,2026-02-14,Completed,2026-03-31,False,
W001581,MP0237,Poonam Mishra,Tamil Nadu,Tamil Nadu PC-27,Tamil Nadu District 7,Health Sub-Centre Upgrade,"Health Sub-Centre Upgrade near Bus Depot #141, Tamil Nadu PC-27",State Electricity Board,1067285,2025-10-27,Completed,2026-04-21,False,
W001582,MP0237,Poonam Mishra,Tamil Nadu,Tamil Nadu PC-27,Tamil Nadu District 7,Public Toilet Complex,"Public Toilet Complex near Bus Depot #475, Tamil Nadu PC-27",Block Development Office,477366,2026-01-15,Completed,2026-03-13,False,
W001583,MP0237,Poonam Mishra,Tamil Nadu,Tamil Nadu PC-27,Tamil Nadu District 7,Drainage/Sewage,"Drainage/Sewage in Ward 7 #229, Tamil Nadu PC-27",Zilla Panchayat,578245,2025-01-07,Completed,2025-03-27,False,
W001584,MP0237,Poonam Mishra,Tamil Nadu,Tamil Nadu PC-27,Tamil Nadu District 7,Public Toilet Complex,"Public Toilet Complex at Village Entry Point #838, Tamil Nadu PC-27",Rural Engineering Services,366116,2025-03-28,Completed,2025-05-18,False,
W001585,MP0237,Poonam Mishra,Tamil Nadu,Tamil Nadu PC-27,Tamil Nadu District 7,Health Sub-Centre Upgrade,"Health Sub-Centre Upgrade near Temple Road #807, Tamil Nadu PC-27",State Electricity Board,985323,2025-02-09,Completed,2025-07-28,False,
W001586,MP0238,Naresh Kumar,Tamil Nadu,Tamil Nadu PC-28,Tamil Nadu District 7,Community Hall,"Community Hall near Railway Crossing #67, Tamil Nadu PC-28",District Rural Dev. Agency,1788545,2026-01-26,Ongoing,,False,
W001587,MP0238,Naresh Kumar,Tamil Nadu,Tamil Nadu PC-28,Tamil Nadu District 7,Drinking Water Supply,"Drinking Water Supply at Main Chowk #763, Tamil Nadu PC-28",State Water Board,739213,2025-01-10,Completed,2025-04-15,False,
W001588,MP0238,Naresh Kumar,Tamil Nadu,Tamil Nadu PC-28,Tamil Nadu District 7,Anganwadi Centre,"Anganwadi Centre near Govt School #594, Tamil Nadu PC-28",State Electricity Board,746832,2025-01-18,Completed,2025-04-09,False,
W001589,MP0238,Naresh Kumar,Tamil Nadu,Tamil Nadu PC-28,Tamil Nadu District 7,Road Construction/Repair,"Road Construction/Repair near Panchayat Bhavan #539, Tamil Nadu PC-28",Block Development Office,1151482,2025-09-26,Completed,2026-02-08,False,
W001590,MP0238,Naresh Kumar,Tamil Nadu,Tamil Nadu PC-28,Tamil Nadu District 7,School Building/Classroom,"School Building/Classroom at Market Road #424, Tamil Nadu PC-28",Rural Engineering Services,1242846,2026-04-21,Ongoing,,False,
W001591,MP0239,Manoj Rao,Tamil Nadu,Tamil Nadu PC-29,Tamil Nadu District 8,Streetlight Installation,"Streetlight Installation near Community Centre #925, Tamil Nadu PC-29",Rural Engineering Services,306072,2025-12-02,Completed,2026-01-20,False,
W001592,MP0239,Manoj Rao,Tamil Nadu,Tamil Nadu PC-29,Tamil Nadu District 8,Road Construction/Repair,"Road Construction/Repair near Railway Crossing #866, Tamil Nadu PC-29",Rural Engineering Services,1374648,2025-06-17,Completed,2025-11-02,False,
W001593,MP0239,Manoj Rao,Tamil Nadu,Tamil Nadu PC-29,Tamil Nadu District 8,Irrigation Canal,"Irrigation Canal at Ward 3 #683, Tamil Nadu PC-29",PWD Division,1382261,2026-04-14,Ongoing,,False,
W001594,MP0239,Manoj Rao,Tamil Nadu,Tamil Nadu PC-29,Tamil Nadu District 8,Drainage/Sewage,"Drainage/Sewage at Main Chowk #985, Tamil Nadu PC-29",PWD Division,680572,2025-07-10,Completed,2025-10-08,False,
W001595,MP0239,Manoj Rao,Tamil Nadu,Tamil Nadu PC-29,Tamil Nadu District 8,Health Sub-Centre Upgrade,"Health Sub-Centre Upgrade at Colony Gate #859, Tamil Nadu PC-29",Block Development Office,1015879,2025-02-05,Completed,2025-06-29,False,
W001596,MP0240,Geeta Gaikwad,Tamil Nadu,Tamil Nadu PC-30,Tamil Nadu District 8,Public Toilet Complex,"Public Toilet Complex near Primary Health Centre #162, Tamil Nadu PC-30",State Electricity Board,390627,2024-07-01,Completed,2024-08-26,False,
W001597,MP0240,Geeta Gaikwad,Tamil Nadu,Tamil Nadu PC-30,Tamil Nadu District 8,Anganwadi Centre,"Anganwadi Centre near Community Centre #885, Tamil Nadu PC-30",District Rural Dev. Agency,596448,2025-08-22,Completed,2025-12-08,False,
W001598,MP0240,Geeta Gaikwad,Tamil Nadu,Tamil Nadu PC-30,Tamil Nadu District 8,Irrigation Canal,"Irrigation Canal near Govt School #913, Tamil Nadu PC-30",State Electricity Board,2150158,2025-11-23,Completed,2026-05-03,False,
W001599,MP0240,Geeta Gaikwad,Tamil Nadu,Tamil Nadu PC-30,Tamil Nadu District 8,Streetlight Installation,"Streetlight Installation near Bus Stand #75, Tamil Nadu PC-30",PWD Division,182124,2024-10-27,Completed,2024-12-03,False,
W001600,MP0240,Geeta Gaikwad,Tamil Nadu,Tamil Nadu PC-30,Tamil Nadu District 8,Anganwadi Centre,"Anganwadi Centre near Temple Road #808, Tamil Nadu PC-30",PWD Division,599970,2026-02-16,Completed,2026-05-09,False,
W001601,MP0240,Geeta Gaikwad,Tamil Nadu,Tamil Nadu PC-30,Tamil Nadu District 8,Anganwadi Centre,"Anganwadi Centre at Main Chowk #399, Tamil Nadu PC-30",Zilla Panchayat,642847,2025-08-05,Completed,2025-11-02,False,
W001602,MP0240,Geeta Gaikwad,Tamil Nadu,Tamil Nadu PC-30,Tamil Nadu District 8,Drinking Water Supply,"Drinking Water Supply in Ward 12 #124, Tamil Nadu PC-30",Rural Engineering Services,653085,2025-08-20,Completed,2025-10-30,False,
W001603,MP0240,Geeta Gaikwad,Tamil Nadu,Tamil Nadu PC-30,Tamil Nadu District 8,Streetlight Installation,"Streetlight Installation near Temple Road #991, Tamil Nadu PC-30",PWD Division,254984,2025-02-22,Completed,2025-04-06,False,
W001604,MP0240,Geeta Gaikwad,Tamil Nadu,Tamil Nadu PC-30,Tamil Nadu District 8,Public Toilet Complex,"Public Toilet Complex near Govt School #769, Tamil Nadu PC-30",Municipal Corporation,407926,2025-05-28,Completed,2025-07-21,False,
W001605,MP0241,Ashok Choudhary,Tamil Nadu,Tamil Nadu PC-31,Tamil Nadu District 8,Streetlight Installation,"Streetlight Installation in Ward 12 #62, Tamil Nadu PC-31",District Rural Dev. Agency,192567,2025-07-14,Completed,2025-09-05,False,
W001606,MP0241,Ashok Choudhary,Tamil Nadu,Tamil Nadu PC-31,Tamil Nadu District 8,Streetlight Installation,"Streetlight Installation near Primary Health Centre #845, Tamil Nadu PC-31",Block Development Office,368365,2025-01-31,Completed,2025-03-19,False,
W001607,MP0241,Ashok Choudhary,Tamil Nadu,Tamil Nadu PC-31,Tamil Nadu District 8,Anganwadi Centre,"Anganwadi Centre in Sector 4 #786, Tamil Nadu PC-31",Rural Engineering Services,583378,2025-12-10,Completed,2026-04-23,False,
W001608,MP0241,Ashok Choudhary,Tamil Nadu,Tamil Nadu PC-31,Tamil Nadu District 8,Community Hall,"Community Hall near Temple Road #211, Tamil Nadu PC-31",District Rural Dev. Agency,1686929,2026-03-23,Ongoing,,False,
W001609,MP0241,Ashok Choudhary,Tamil Nadu,Tamil Nadu PC-31,Tamil Nadu District 8,Anganwadi Centre,"Anganwadi Centre in Sector 4 #347, Tamil Nadu PC-31",Rural Engineering Services,511784,2024-11-23,Completed,2025-02-22,False,
W001610,MP0242,Vikram Kulkarni,Tamil Nadu,Tamil Nadu PC-32,Tamil Nadu District 8,Community Hall,"Community Hall in Ward 12 #100, Tamil Nadu PC-32",Block Development Office,2047272,2024-06-20,Completed,2025-01-24,False,
W001611,MP0242,Vikram Kulkarni,Tamil Nadu,Tamil Nadu PC-32,Tamil Nadu District 8,Drinking Water Supply,"Drinking Water Supply at Main Chowk #498, Tamil Nadu PC-32",State Water Board,940711,2026-06-20,Ongoing,,False,
W001612,MP0242,Vikram Kulkarni,Tamil Nadu,Tamil Nadu PC-32,Tamil Nadu District 8,Road Construction/Repair,"Road Construction/Repair at Ward 3 #740, Tamil Nadu PC-32",Zilla Panchayat,1010992,2025-03-24,Completed,2025-08-22,False,
W001613,MP0242,Vikram Kulkarni,Tamil Nadu,Tamil Nadu PC-32,Tamil Nadu District 8,School Building/Classroom,"School Building/Classroom near Temple Road #276, Tamil Nadu PC-32",Rural Engineering Services,1269153,2025-07-28,Completed,2026-01-16,False,
W001614,MP0242,Vikram Kulkarni,Tamil Nadu,Tamil Nadu PC-32,Tamil Nadu District 8,Streetlight Installation,"Streetlight Installation near Railway Crossing #956, Tamil Nadu PC-32",Municipal Corporation,310908,2025-04-01,Completed,2025-05-21,False,
W001615,MP0242,Vikram Kulkarni,Tamil Nadu,Tamil Nadu PC-32,Tamil Nadu District 8,School Building/Classroom,"School Building/Classroom near Community Centre #478, Tamil Nadu PC-32",State Electricity Board,1518528,2025-05-21,Completed,2025-11-01,False,
W001616,MP0242,Vikram Kulkarni,Tamil Nadu,Tamil Nadu PC-32,Tamil Nadu District 8,Road Construction/Repair,"Road Construction/Repair near Panchayat Bhavan #494, Tamil Nadu PC-32",State Water Board,1182679,2024-12-08,Completed,2025-03-26,False,
W001617,MP0242,Vikram Kulkarni,Tamil Nadu,Tamil Nadu PC-32,Tamil Nadu District 8,Drainage/Sewage,"Drainage/Sewage near Govt School #556, Tamil Nadu PC-32",District Rural Dev. Agency,791183,2025-11-08,Completed,2026-02-11,False,
W001618,MP0243,Sanjeev Mishra,Tamil Nadu,Tamil Nadu PC-33,Tamil Nadu District 9,Drinking Water Supply,"Drinking Water Supply at Village Entry Point #656, Tamil Nadu PC-33",Zilla Panchayat,779870,2026-01-03,Completed,2026-03-14,False,
W001619,MP0243,Sanjeev Mishra,Tamil Nadu,Tamil Nadu PC-33,Tamil Nadu District 9,School Building/Classroom,"School Building/Classroom in Ward 7 #7, Tamil Nadu PC-33",PWD Division,1161207,2024-11-03,Completed,2025-05-27,False,
W001620,MP0243,Sanjeev Mishra,Tamil Nadu,Tamil Nadu PC-33,Tamil Nadu District 9,Irrigation Canal,"Irrigation Canal at Market Road #392, Tamil Nadu PC-33",State Water Board,1431633,2026-04-06,Ongoing,,False,
W001621,MP0243,Sanjeev Mishra,Tamil Nadu,Tamil Nadu PC-33,Tamil Nadu District 9,Community Hall,"Community Hall near Govt School #703, Tamil Nadu PC-33",State Electricity Board,2407863,2025-08-06,Completed,2026-02-08,False,
W001622,MP0243,Sanjeev Mishra,Tamil Nadu,Tamil Nadu PC-33,Tamil Nadu District 9,Community Hall,"Community Hall near Primary Health Centre #369, Tamil Nadu PC-33",District Rural Dev. Agency,2273817,2025-01-15,Completed,2025-10-20,False,
W001623,MP0244,Neelam Banerjee,Tamil Nadu,Tamil Nadu PC-34,Tamil Nadu District 9,Road Construction/Repair,"Road Construction/Repair near Bus Depot #666, Tamil Nadu PC-34",State Water Board,1245644,2025-08-24,Completed,2026-02-13,False,
W001624,MP0244,Neelam Banerjee,Tamil Nadu,Tamil Nadu PC-34,Tamil Nadu District 9,Community Hall,"Community Hall near Bus Depot #211, Tamil Nadu PC-34",Zilla Panchayat,2037444,2025-04-27,Completed,2026-02-12,False,
W001625,MP0244,Neelam Banerjee,Tamil Nadu,Tamil Nadu PC-34,Tamil Nadu District 9,Anganwadi Centre,"Anganwadi Centre at Main Chowk #465, Tamil Nadu PC-34",Municipal Corporation,620193,2026-02-19,Completed,2026-06-07,False,
W001626,MP0244,Neelam Banerjee,Tamil Nadu,Tamil Nadu PC-34,Tamil Nadu District 9,Irrigation Canal,"Irrigation Canal near Govt School #634, Tamil Nadu PC-34",Zilla Panchayat,1687947,2025-05-17,Completed,2025-12-30,False,
W001627,MP0244,Neelam Banerjee,Tamil Nadu,Tamil Nadu PC-34,Tamil Nadu District 9,Irrigation Canal,"Irrigation Canal in Ward 12 #674, Tamil Nadu PC-34",Rural Engineering Services,1644103,2024-07-20,Completed,2025-02-11,False,
W001628,MP0244,Neelam Banerjee,Tamil Nadu,Tamil Nadu PC-34,Tamil Nadu District 9,Drinking Water Supply,"Drinking Water Supply at Market Road #119, Tamil Nadu PC-34",State Electricity Board,800000,2024-11-26,Completed,2024-11-29,True,impossible_speed
W001629,MP0245,Sanjeev Reddy,Tamil Nadu,Tamil Nadu PC-35,Tamil Nadu District 9,Public Toilet Complex,"Public Toilet Complex near Community Centre #267, Tamil Nadu PC-35",Block Development Office,410837,2025-10-08,Completed,2025-12-10,False,
W001630,MP0245,Sanjeev Reddy,Tamil Nadu,Tamil Nadu PC-35,Tamil Nadu District 9,Health Sub-Centre Upgrade,"Health Sub-Centre Upgrade near Temple Road #391, Tamil Nadu PC-35",Zilla Panchayat,1166133,2026-01-17,Completed,2026-05-19,False,
W001631,MP0245,Sanjeev Reddy,Tamil Nadu,Tamil Nadu PC-35,Tamil Nadu District 9,Health Sub-Centre Upgrade,"Health Sub-Centre Upgrade near Temple Road #189, Tamil Nadu PC-35",Zilla Panchayat,847406,2025-06-23,Completed,2025-11-23,False,
W001632,MP0245,Sanjeev Reddy,Tamil Nadu,Tamil Nadu PC-35,Tamil Nadu District 9,School Building/Classroom,"School Building/Classroom near Community Centre #678, Tamil Nadu PC-35",Municipal Corporation,1657482,2024-09-18,Completed,2025-04-10,False,
W001633,MP0245,Sanjeev Reddy,Tamil Nadu,Tamil Nadu PC-35,Tamil Nadu District 9,School Building/Classroom,"School Building/Classroom near Bus Depot #174, Tamil Nadu PC-35",Rural Engineering Services,1686580,2025-10-22,Completed,2026-05-29,False,
W001634,MP0246,Meena Kulkarni,Tamil Nadu,Tamil Nadu PC-36,Tamil Nadu District 9,School Building/Classroom,"School Building/Classroom near Bus Stand #481, Tamil Nadu PC-36",Block Development Office,1905276,2026-06-12,Ongoing,,False,
W001635,MP0246,Meena Kulkarni,Tamil Nadu,Tamil Nadu PC-36,Tamil Nadu District 9,Streetlight Installation,"Streetlight Installation near Bus Stand #66, Tamil Nadu PC-36",District Rural Dev. Agency,320131,2025-07-16,Completed,2025-09-06,False,
W001636,MP0246,Meena Kulkarni,Tamil Nadu,Tamil Nadu PC-36,Tamil Nadu District 9,Public Toilet Complex,"Public Toilet Complex near Govt School #589, Tamil Nadu PC-36",PWD Division,438960,2026-01-28,Completed,2026-04-14,False,
W001637,MP0246,Meena Kulkarni,Tamil Nadu,Tamil Nadu PC-36,Tamil Nadu District 9,Public Toilet Complex,"Public Toilet Complex at Main Chowk #247, Tamil Nadu PC-36",Zilla Panchayat,357687,2025-10-11,Completed,2025-12-02,False,
W001638,MP0246,Meena Kulkarni,Tamil Nadu,Tamil Nadu PC-36,Tamil Nadu District 9,Public Toilet Complex,"Public Toilet Complex near Railway Crossing #748, Tamil Nadu PC-36",Block Development Office,330674,2024-10-11,Completed,2024-12-01,False,
W001639,MP0247,Vinod Verma,Tamil Nadu,Tamil Nadu PC-37,Tamil Nadu District 10,Irrigation Canal,"Irrigation Canal at Ward 3 #779, Tamil Nadu PC-37",Municipal Corporation,1927737,2025-11-11,Ongoing,,False,
W001640,MP0247,Vinod Verma,Tamil Nadu,Tamil Nadu PC-37,Tamil Nadu District 10,Community Hall,"Community Hall in Ward 7 #451, Tamil Nadu PC-37",Rural Engineering Services,2106281,2024-12-07,Completed,2025-10-14,False,
W001641,MP0247,Vinod Verma,Tamil Nadu,Tamil Nadu PC-37,Tamil Nadu District 10,Community Hall,"Community Hall near Bus Depot #727, Tamil Nadu PC-37",Block Development Office,2369120,2026-05-16,Completed,2026-08-25,False,
W001642,MP0247,Vinod Verma,Tamil Nadu,Tamil Nadu PC-37,Tamil Nadu District 10,Drinking Water Supply,"Drinking Water Supply near Temple Road #275, Tamil Nadu PC-37",State Electricity Board,757389,2025-07-30,Completed,2025-12-17,False,
W001643,MP0247,Vinod Verma,Tamil Nadu,Tamil Nadu PC-37,Tamil Nadu District 10,Drainage/Sewage,"Drainage/Sewage near Community Centre #885, Tamil Nadu PC-37",Block Development Office,890093,2025-05-16,Completed,2025-09-01,False,
W001644,MP0247,Vinod Verma,Tamil Nadu,Tamil Nadu PC-37,Tamil Nadu District 10,Anganwadi Centre,"Anganwadi Centre at Colony Gate #513, Tamil Nadu PC-37",PWD Division,580759,2025-03-10,Completed,2025-06-16,False,
W001645,MP0247,Vinod Verma,Tamil Nadu,Tamil Nadu PC-37,Tamil Nadu District 10,Road Construction/Repair,"Road Construction/Repair in Ward 7 #316, Tamil Nadu PC-37",State Electricity Board,990566,2025-08-29,Completed,2026-02-09,False,
W001646,MP0248,Ashish Gaikwad,Tamil Nadu,Tamil Nadu PC-38,Tamil Nadu District 10,Anganwadi Centre,"Anganwadi Centre near Bus Stand #450, Tamil Nadu PC-38",Zilla Panchayat,570751,2025-11-08,Completed,2026-03-01,False,
W001647,MP0248,Ashish Gaikwad,Tamil Nadu,Tamil Nadu PC-38,Tamil Nadu District 10,Anganwadi Centre,"Anganwadi Centre near Bus Depot #543, Tamil Nadu PC-38",District Rural Dev. Agency,740251,2025-09-01,Completed,2025-11-20,False,
W001648,MP0248,Ashish Gaikwad,Tamil Nadu,Tamil Nadu PC-38,Tamil Nadu District 10,Streetlight Installation,"Streetlight Installation near Primary Health Centre #642, Tamil Nadu PC-38",Block Development Office,312657,2026-02-28,Completed,2026-03-30,False,
W001649,MP0248,Ashish Gaikwad,Tamil Nadu,Tamil Nadu PC-38,Tamil Nadu District 10,Irrigation Canal,"Irrigation Canal at Market Road #289, Tamil Nadu PC-38",Zilla Panchayat,1989300,2026-03-18,Ongoing,,False,
W001650,MP0248,Ashish Gaikwad,Tamil Nadu,Tamil Nadu PC-38,Tamil Nadu District 10,School Building/Classroom,"School Building/Classroom near Railway Crossing #423, Tamil Nadu PC-38",District Rural Dev. Agency,1556168,2025-08-18,Completed,2026-03-02,False,
W001651,MP0248,Ashish Gaikwad,Tamil Nadu,Tamil Nadu PC-38,Tamil Nadu District 10,Anganwadi Centre,"Anganwadi Centre near Primary Health Centre #212, Tamil Nadu PC-38",PWD Division,737000,2025-07-27,Completed,2025-10-29,False,
W001652,MP0248,Ashish Gaikwad,Tamil Nadu,Tamil Nadu PC-38,Tamil Nadu District 10,Streetlight Installation,"Streetlight Installation in Ward 12 #134, Tamil Nadu PC-38",Rural Engineering Services,335761,2025-08-15,Completed,2025-09-23,False,
W001653,MP0249,Usha Sharma,Tamil Nadu,Tamil Nadu PC-39,Tamil Nadu District 10,Public Toilet Complex,"Public Toilet Complex at Village Entry Point #37, Tamil Nadu PC-39",PWD Division,397501,2025-01-26,Completed,2025-03-19,False,
W001654,MP0249,Usha Sharma,Tamil Nadu,Tamil Nadu PC-39,Tamil Nadu District 10,School Building/Classroom,"School Building/Classroom in Sector 4 #383, Tamil Nadu PC-39",Zilla Panchayat,1428377,2026-04-24,Ongoing,,False,
W001655,MP0249,Usha Sharma,Tamil Nadu,Tamil Nadu PC-39,Tamil Nadu District 10,Health Sub-Centre Upgrade,"Health Sub-Centre Upgrade in Sector 4 #517, Tamil Nadu PC-39",State Electricity Board,900322,2025-10-04,Completed,2026-01-20,False,
W001656,MP0249,Usha Sharma,Tamil Nadu,Tamil Nadu PC-39,Tamil Nadu District 10,Streetlight Installation,"Streetlight Installation near Community Centre #239, Tamil Nadu PC-39",Rural Engineering Services,278390,2025-09-11,Completed,2025-11-04,False,
W001657,MP0249,Usha Sharma,Tamil Nadu,Tamil Nadu PC-39,Tamil Nadu District 10,Community Hall,"Community Hall near Community Centre #761, Tamil Nadu PC-39",State Electricity Board,1870475,2024-12-22,Completed,2025-05-01,False,
W001658,MP0249,Usha Sharma,Tamil Nadu,Tamil Nadu PC-39,Tamil Nadu District 10,Irrigation Canal,"Irrigation Canal near Panchayat Bhavan #887, Tamil Nadu PC-39",Zilla Panchayat,1881337,2025-07-09,Completed,2026-02-26,False,
W001659,MP0249,Usha Sharma,Tamil Nadu,Tamil Nadu PC-39,Tamil Nadu District 10,Drinking Water Supply,"Drinking Water Supply near Community Centre #121, Tamil Nadu PC-39",Block Development Office,814705,2025-09-02,Completed,2025-12-13,False,
W001660,MP0250,Vinod Kulkarni,Madhya Pradesh,Madhya Pradesh PC-1,Madhya Pradesh District 1,Streetlight Installation,"Streetlight Installation at Village Entry Point #913, Madhya Pradesh PC-1",State Electricity Board,348484,2025-09-09,Completed,2025-10-05,False,
W001661,MP0250,Vinod Kulkarni,Madhya Pradesh,Madhya Pradesh PC-1,Madhya Pradesh District 1,Anganwadi Centre,"Anganwadi Centre near Community Centre #935, Madhya Pradesh PC-1",District Rural Dev. Agency,616595,2025-09-06,Completed,2025-12-23,False,
W001662,MP0250,Vinod Kulkarni,Madhya Pradesh,Madhya Pradesh PC-1,Madhya Pradesh District 1,Anganwadi Centre,"Anganwadi Centre at Ward 3 #715, Madhya Pradesh PC-1",Municipal Corporation,596648,2025-03-21,Completed,2025-06-16,False,
W001663,MP0250,Vinod Kulkarni,Madhya Pradesh,Madhya Pradesh PC-1,Madhya Pradesh District 1,Community Hall,"Community Hall near Primary Health Centre #273, Madhya Pradesh PC-1",State Electricity Board,2054205,2025-11-28,Completed,2026-06-20,False,
W001664,MP0251,Neelam Das,Madhya Pradesh,Madhya Pradesh PC-2,Madhya Pradesh District 1,Health Sub-Centre Upgrade,"Health Sub-Centre Upgrade at Village Entry Point #625, Madhya Pradesh PC-2",State Water Board,940250,2025-07-29,Completed,2026-03-04,False,
W001665,MP0251,Neelam Das,Madhya Pradesh,Madhya Pradesh PC-2,Madhya Pradesh District 1,Drainage/Sewage,"Drainage/Sewage in Sector 4 #52, Madhya Pradesh PC-2",Zilla Panchayat,641071,2025-11-12,Completed,2026-02-23,False,
W001666,MP0251,Neelam Das,Madhya Pradesh,Madhya Pradesh PC-2,Madhya Pradesh District 1,Drainage/Sewage,"Drainage/Sewage at Village Entry Point #631, Madhya Pradesh PC-2",Municipal Corporation,724702,2025-10-23,Completed,2026-02-17,False,
W001667,MP0251,Neelam Das,Madhya Pradesh,Madhya Pradesh PC-2,Madhya Pradesh District 1,Irrigation Canal,"Irrigation Canal near Primary Health Centre #145, Madhya Pradesh PC-2",State Electricity Board,1698328,2025-05-16,Completed,2025-12-03,False,
W001668,MP0252,Kiran Das,Madhya Pradesh,Madhya Pradesh PC-3,Madhya Pradesh District 1,Streetlight Installation,"Streetlight Installation in Sector 4 #962, Madhya Pradesh PC-3",State Water Board,302733,2025-06-01,Completed,2025-07-09,False,
W001669,MP0252,Kiran Das,Madhya Pradesh,Madhya Pradesh PC-3,Madhya Pradesh District 1,Road Construction/Repair,"Road Construction/Repair at Colony Gate #398, Madhya Pradesh PC-3",District Rural Dev. Agency,1226406,2025-06-05,Completed,2025-10-22,False,
W001670,MP0252,Kiran Das,Madhya Pradesh,Madhya Pradesh PC-3,Madhya Pradesh District 1,Drainage/Sewage,"Drainage/Sewage near Primary Health Centre #762, Madhya Pradesh PC-3",State Electricity Board,887989,2025-09-19,Completed,2025-12-21,False,
W001671,MP0252,Kiran Das,Madhya Pradesh,Madhya Pradesh PC-3,Madhya Pradesh District 1,Drinking Water Supply,"Drinking Water Supply at Village Entry Point #991, Madhya Pradesh PC-3",Municipal Corporation,714533,2025-08-22,Completed,2025-12-16,False,
W001672,MP0252,Kiran Das,Madhya Pradesh,Madhya Pradesh PC-3,Madhya Pradesh District 1,Community Hall,"Community Hall in Ward 7 #468, Madhya Pradesh PC-3",State Electricity Board,1908594,2025-10-06,Completed,2026-04-16,False,
W001673,MP0252,Kiran Das,Madhya Pradesh,Madhya Pradesh PC-3,Madhya Pradesh District 1,Streetlight Installation,"Streetlight Installation in Ward 7 #287, Madhya Pradesh PC-3",Block Development Office,256616,2025-10-18,Completed,2025-12-06,False,
W001674,MP0252,Kiran Das,Madhya Pradesh,Madhya Pradesh PC-3,Madhya Pradesh District 1,Health Sub-Centre Upgrade,"Health Sub-Centre Upgrade near Bus Depot #769, Madhya Pradesh PC-3",PWD Division,877134,2024-12-20,Completed,2025-06-15,False,
W001675,MP0252,Kiran Das,Madhya Pradesh,Madhya Pradesh PC-3,Madhya Pradesh District 1,Drinking Water Supply,"Drinking Water Supply in Ward 7 #899, Madhya Pradesh PC-3",Block Development Office,673970,2025-09-06,Completed,2025-12-21,False,
W001676,MP0252,Kiran Das,Madhya Pradesh,Madhya Pradesh PC-3,Madhya Pradesh District 1,Streetlight Installation,"Streetlight Installation in Sector 4 #962, Madhya Pradesh PC-3 (Phase II)",State Water Board,296758,2025-06-25,Sanctioned,,True,duplicate_work
W001677,MP0253,Poonam Bhattacharya,Madhya Pradesh,Madhya Pradesh PC-4,Madhya Pradesh District 1,Drinking Water Supply,"Drinking Water Supply at Market Road #715, Madhya Pradesh PC-4",Block Development Office,964157,2025-03-08,Completed,2025-05-26,False,
W001678,MP0253,Poonam Bhattacharya,Madhya Pradesh,Madhya Pradesh PC-4,Madhya Pradesh District 1,Road Construction/Repair,"Road Construction/Repair at Main Chowk #765, Madhya Pradesh PC-4",Municipal Corporation,1139052,2025-08-27,Completed,2025-12-31,False,
W001679,MP0253,Poonam Bhattacharya,Madhya Pradesh,Madhya Pradesh PC-4,Madhya Pradesh District 1,Anganwadi Centre,"Anganwadi Centre near Bus Stand #708, Madhya Pradesh PC-4",District Rural Dev. Agency,590314,2025-02-12,Completed,2025-05-10,False,
W001680,MP0253,Poonam Bhattacharya,Madhya Pradesh,Madhya Pradesh PC-4,Madhya Pradesh District 1,Drinking Water Supply,"Drinking Water Supply in Ward 12 #54, Madhya Pradesh PC-4",Zilla Panchayat,510771,2025-06-27,Completed,2025-09-12,False,
W001681,MP0253,Poonam Bhattacharya,Madhya Pradesh,Madhya Pradesh PC-4,Madhya Pradesh District 1,Community Hall,"Community Hall at Ward 3 #993, Madhya Pradesh PC-4",State Water Board,2277375,2026-04-23,Ongoing,,False,
W001682,MP0253,Poonam Bhattacharya,Madhya Pradesh,Madhya Pradesh PC-4,Madhya Pradesh District 1,Streetlight Installation,"Streetlight Installation at Main Chowk #823, Madhya Pradesh PC-4",District Rural Dev. Agency,363436,2024-10-28,Completed,2024-12-10,False,
W001683,MP0253,Poonam Bhattacharya,Madhya Pradesh,Madhya Pradesh PC-4,Madhya Pradesh District 1,Anganwadi Centre,"Anganwadi Centre near Bus Depot #222, Madhya Pradesh PC-4",Rural Engineering Services,464821,2025-06-22,Completed,2025-09-17,False,
W001684,MP0253,Poonam Bhattacharya,Madhya Pradesh,Madhya Pradesh PC-4,Madhya Pradesh District 1,School Building/Classroom,"School Building/Classroom near Primary Health Centre #879, Madhya Pradesh PC-4",PWD Division,1470391,2025-03-09,Completed,2025-09-26,False,
W001685,MP0253,Poonam Bhattacharya,Madhya Pradesh,Madhya Pradesh PC-4,Madhya Pradesh District 1,Road Construction/Repair,"Road Construction/Repair near Bus Stand #269, Madhya Pradesh PC-4",PWD Division,1182688,2025-06-18,Completed,2025-09-06,False,
W001686,MP0254,Vinod Mishra,Madhya Pradesh,Madhya Pradesh PC-5,Madhya Pradesh District 2,Drinking Water Supply,"Drinking Water Supply near Railway Crossing #576, Madhya Pradesh PC-5",Zilla Panchayat,784102,2026-05-03,Ongoing,,False,
W001687,MP0254,Vinod Mishra,Madhya Pradesh,Madhya Pradesh PC-5,Madhya Pradesh District 2,Public Toilet Complex,"Public Toilet Complex in Ward 7 #629, Madhya Pradesh PC-5",PWD Division,339165,2026-05-12,Completed,2026-07-01,False,
W001688,MP0254,Vinod Mishra,Madhya Pradesh,Madhya Pradesh PC-5,Madhya Pradesh District 2,Health Sub-Centre Upgrade,"Health Sub-Centre Upgrade at Main Chowk #183, Madhya Pradesh PC-5",PWD Division,1006247,2025-06-11,Completed,2025-11-29,False,
W001689,MP0254,Vinod Mishra,Madhya Pradesh,Madhya Pradesh PC-5,Madhya Pradesh District 2,Road Construction/Repair,"Road Construction/Repair at Main Chowk #750, Madhya Pradesh PC-5",Zilla Panchayat,862253,2026-01-17,Completed,2026-07-06,False,
W001690,MP0254,Vinod Mishra,Madhya Pradesh,Madhya Pradesh PC-5,Madhya Pradesh District 2,Health Sub-Centre Upgrade,"Health Sub-Centre Upgrade at Market Road #34, Madhya Pradesh PC-5",Block Development Office,1285659,2025-01-09,Completed,2025-04-21,False,
W001691,MP0255,Ajay Chauhan,Madhya Pradesh,Madhya Pradesh PC-6,Madhya Pradesh District 2,Drinking Water Supply,"Drinking Water Supply at Ward 3 #445, Madhya Pradesh PC-6",State Electricity Board,868203,2026-03-26,Completed,2026-07-15,False,
W001692,MP0255,Ajay Chauhan,Madhya Pradesh,Madhya Pradesh PC-6,Madhya Pradesh District 2,Anganwadi Centre,"Anganwadi Centre near Temple Road #597, Madhya Pradesh PC-6",Block Development Office,483507,2025-06-07,Completed,2025-09-20,False,
W001693,MP0255,Ajay Chauhan,Madhya Pradesh,Madhya Pradesh PC-6,Madhya Pradesh District 2,Streetlight Installation,"Streetlight Installation near Govt School #21, Madhya Pradesh PC-6",State Electricity Board,323035,2024-12-06,Completed,2025-01-16,False,
W001694,MP0255,Ajay Chauhan,Madhya Pradesh,Madhya Pradesh PC-6,Madhya Pradesh District 2,Irrigation Canal,"Irrigation Canal near Railway Crossing #511, Madhya Pradesh PC-6",State Water Board,2026680,2025-08-03,Completed,2026-05-01,False,
W001695,MP0255,Ajay Chauhan,Madhya Pradesh,Madhya Pradesh PC-6,Madhya Pradesh District 2,Anganwadi Centre,"Anganwadi Centre in Sector 4 #134, Madhya Pradesh PC-6",Zilla Panchayat,634842,2025-11-22,Completed,2026-03-02,False,
W001696,MP0256,Satish Nair,Madhya Pradesh,Madhya Pradesh PC-7,Madhya Pradesh District 2,Community Hall,"Community Hall near Bus Depot #338, Madhya Pradesh PC-7",Block Development Office,2021375,2025-11-19,Completed,2026-05-18,False,
W001697,MP0256,Satish Nair,Madhya Pradesh,Madhya Pradesh PC-7,Madhya Pradesh District 2,Drainage/Sewage,"Drainage/Sewage in Sector 4 #961, Madhya Pradesh PC-7",Municipal Corporation,751937,2025-06-23,Completed,2025-09-17,False,
W001698,MP0256,Satish Nair,Madhya Pradesh,Madhya Pradesh PC-7,Madhya Pradesh District 2,Streetlight Installation,"Streetlight Installation in Sector 4 #647, Madhya Pradesh PC-7",Rural Engineering Services,363291,2024-10-04,Completed,2024-11-19,False,
W001699,MP0256,Satish Nair,Madhya Pradesh,Madhya Pradesh PC-7,Madhya Pradesh District 2,Public Toilet Complex,"Public Toilet Complex near Govt School #696, Madhya Pradesh PC-7",PWD Division,343067,2025-05-12,Completed,2025-07-01,False,
W001700,MP0256,Satish Nair,Madhya Pradesh,Madhya Pradesh PC-7,Madhya Pradesh District 2,Drainage/Sewage,"Drainage/Sewage at Colony Gate #306, Madhya Pradesh PC-7",District Rural Dev. Agency,945316,2025-12-13,Completed,2026-03-05,False,
W001701,MP0256,Satish Nair,Madhya Pradesh,Madhya Pradesh PC-7,Madhya Pradesh District 2,School Building/Classroom,"School Building/Classroom at Market Road #92, Madhya Pradesh PC-7",Block Development Office,1558580,2025-04-19,Completed,2025-10-27,False,
W001702,MP0256,Satish Nair,Madhya Pradesh,Madhya Pradesh PC-7,Madhya Pradesh District 2,Anganwadi Centre,"Anganwadi Centre at Main Chowk #223, Madhya Pradesh PC-7",Zilla Panchayat,649792,2026-07-06,Ongoing,,False,
W001703,MP0256,Satish Nair,Madhya Pradesh,Madhya Pradesh PC-7,Madhya Pradesh District 2,Irrigation Canal,"Irrigation Canal at Ward 3 #662, Madhya Pradesh PC-7",State Water Board,2013886,2025-05-24,Completed,2025-10-04,False,
W001704,MP0257,Harish Verma,Madhya Pradesh,Madhya Pradesh PC-8,Madhya Pradesh District 2,Irrigation Canal,"Irrigation Canal near Bus Depot #361, Madhya Pradesh PC-8",Block Development Office,1531196,2026-02-08,Completed,2026-06-28,False,
W001705,MP0257,Harish Verma,Madhya Pradesh,Madhya Pradesh PC-8,Madhya Pradesh District 2,Drainage/Sewage,"Drainage/Sewage at Colony Gate #970, Madhya Pradesh PC-8",PWD Division,857904,2025-03-26,Completed,2025-07-12,False,
W001706,MP0257,Harish Verma,Madhya Pradesh,Madhya Pradesh PC-8,Madhya Pradesh District 2,Anganwadi Centre,"Anganwadi Centre near Govt School #984, Madhya Pradesh PC-8",Block Development Office,691283,2025-01-25,Completed,2025-03-21,False,
W001707,MP0257,Harish Verma,Madhya Pradesh,Madhya Pradesh PC-8,Madhya Pradesh District 2,Community Hall,"Community Hall near Govt School #488, Madhya Pradesh PC-8",Zilla Panchayat,2072918,2025-05-04,Completed,2025-11-27,False,
W001708,MP0257,Harish Verma,Madhya Pradesh,Madhya Pradesh PC-8,Madhya Pradesh District 2,Streetlight Installation,"Streetlight Installation in Ward 7 #32, Madhya Pradesh PC-8",Rural Engineering Services,345732,2026-05-25,Completed,2026-07-03,False,
W001709,MP0257,Harish Verma,Madhya Pradesh,Madhya Pradesh PC-8,Madhya Pradesh District 2,Streetlight Installation,"Streetlight Installation at Main Chowk #513, Madhya Pradesh PC-8",Block Development Office,232070,2026-06-13,Completed,2026-08-02,False,
W001710,MP0257,Harish Verma,Madhya Pradesh,Madhya Pradesh PC-8,Madhya Pradesh District 2,Road Construction/Repair,"Road Construction/Repair in Ward 12 #856, Madhya Pradesh PC-8",PWD Division,1225701,2025-04-20,Completed,2025-09-21,False,
W001711,MP0257,Harish Verma,Madhya Pradesh,Madhya Pradesh PC-8,Madhya Pradesh District 2,Irrigation Canal,"Irrigation Canal near Bus Depot #361, Madhya Pradesh PC-8 (Phase II)",Block Development Office,2011744,2026-03-05,Sanctioned,,True,duplicate_work
W001712,MP0258,Ajay Verma,Madhya Pradesh,Madhya Pradesh PC-9,Madhya Pradesh District 3,Drinking Water Supply,"Drinking Water Supply near Panchayat Bhavan #947, Madhya Pradesh PC-9",Municipal Corporation,839116,2025-04-18,Completed,2025-07-28,False,
W001713,MP0258,Ajay Verma,Madhya Pradesh,Madhya Pradesh PC-9,Madhya Pradesh District 3,Drinking Water Supply,"Drinking Water Supply at Colony Gate #422, Madhya Pradesh PC-9",State Water Board,715589,2025-06-27,Completed,2025-09-18,False,
W001714,MP0258,Ajay Verma,Madhya Pradesh,Madhya Pradesh PC-9,Madhya Pradesh District 3,Streetlight Installation,"Streetlight Installation in Ward 7 #722, Madhya Pradesh PC-9",Municipal Corporation,357606,2025-04-20,Completed,2025-06-08,False,
W001715,MP0258,Ajay Verma,Madhya Pradesh,Madhya Pradesh PC-9,Madhya Pradesh District 3,Streetlight Installation,"Streetlight Installation at Main Chowk #571, Madhya Pradesh PC-9",PWD Division,374127,2025-05-26,Completed,2025-07-04,False,
W001716,MP0258,Ajay Verma,Madhya Pradesh,Madhya Pradesh PC-9,Madhya Pradesh District 3,Public Toilet Complex,"Public Toilet Complex at Main Chowk #336, Madhya Pradesh PC-9",State Electricity Board,416707,2026-03-10,Completed,2026-05-10,False,
W001717,MP0258,Ajay Verma,Madhya Pradesh,Madhya Pradesh PC-9,Madhya Pradesh District 3,School Building/Classroom,"School Building/Classroom near Primary Health Centre #728, Madhya Pradesh PC-9",District Rural Dev. Agency,1467228,2025-09-29,Completed,2026-05-08,False,
W001718,MP0258,Ajay Verma,Madhya Pradesh,Madhya Pradesh PC-9,Madhya Pradesh District 3,Road Construction/Repair,"Road Construction/Repair near Primary Health Centre #78, Madhya Pradesh PC-9",Rural Engineering Services,1108240,2025-07-30,Completed,2025-12-02,False,
W001719,MP0258,Ajay Verma,Madhya Pradesh,Madhya Pradesh PC-9,Madhya Pradesh District 3,Public Toilet Complex,"Public Toilet Complex at Market Road #84, Madhya Pradesh PC-9",Block Development Office,393683,2025-11-04,Completed,2025-12-14,False,
W001720,MP0258,Ajay Verma,Madhya Pradesh,Madhya Pradesh PC-9,Madhya Pradesh District 3,Streetlight Installation,"Streetlight Installation near Primary Health Centre #335, Madhya Pradesh PC-9",Municipal Corporation,318779,2025-05-17,Completed,2025-06-23,False,
W001721,MP0259,Priya Reddy,Madhya Pradesh,Madhya Pradesh PC-10,Madhya Pradesh District 3,Community Hall,"Community Hall near Community Centre #315, Madhya Pradesh PC-10",State Electricity Board,1911943,2025-12-22,Completed,2026-03-20,False,
W001722,MP0259,Priya Reddy,Madhya Pradesh,Madhya Pradesh PC-10,Madhya Pradesh District 3,Irrigation Canal,"Irrigation Canal in Ward 7 #496, Madhya Pradesh PC-10",Rural Engineering Services,1760832,2024-10-24,Completed,2025-08-24,False,
W001723,MP0259,Priya Reddy,Madhya Pradesh,Madhya Pradesh PC-10,Madhya Pradesh District 3,Streetlight Installation,"Streetlight Installation near Bus Stand #490, Madhya Pradesh PC-10",Block Development Office,333830,2024-11-02,Completed,2024-12-19,False,
W001724,MP0259,Priya Reddy,Madhya Pradesh,Madhya Pradesh PC-10,Madhya Pradesh District 3,Road Construction/Repair,"Road Construction/Repair in Sector 4 #98, Madhya Pradesh PC-10",State Water Board,1308203,2025-04-22,Completed,2025-11-08,False,
W001725,MP0259,Priya Reddy,Madhya Pradesh,Madhya Pradesh PC-10,Madhya Pradesh District 3,Anganwadi Centre,"Anganwadi Centre near Railway Crossing #721, Madhya Pradesh PC-10",Municipal Corporation,587109,2025-06-19,Completed,2025-10-02,False,
W001726,MP0259,Priya Reddy,Madhya Pradesh,Madhya Pradesh PC-10,Madhya Pradesh District 3,Public Toilet Complex,"Public Toilet Complex near Bus Depot #213, Madhya Pradesh PC-10",Block Development Office,533237,2025-09-13,Completed,2025-11-11,False,
W001727,MP0260,Anita Gaikwad,Madhya Pradesh,Madhya Pradesh PC-11,Madhya Pradesh District 3,Drinking Water Supply,"Drinking Water Supply near Primary Health Centre #300, Madhya Pradesh PC-11",State Electricity Board,1054512,2024-11-19,Completed,2025-02-22,False,
W001728,MP0260,Anita Gaikwad,Madhya Pradesh,Madhya Pradesh PC-11,Madhya Pradesh District 3,Drinking Water Supply,"Drinking Water Supply near Bus Depot #971, Madhya Pradesh PC-11",State Electricity Board,753932,2025-06-19,Completed,2025-08-22,False,
W001729,MP0260,Anita Gaikwad,Madhya Pradesh,Madhya Pradesh PC-11,Madhya Pradesh District 3,Irrigation Canal,"Irrigation Canal at Market Road #263, Madhya Pradesh PC-11",PWD Division,1662216,2024-10-20,Completed,2025-04-23,False,
W001730,MP0260,Anita Gaikwad,Madhya Pradesh,Madhya Pradesh PC-11,Madhya Pradesh District 3,Irrigation Canal,"Irrigation Canal at Market Road #876, Madhya Pradesh PC-11",Zilla Panchayat,2183609,2026-02-24,Completed,2026-08-22,False,
W001731,MP0260,Anita Gaikwad,Madhya Pradesh,Madhya Pradesh PC-11,Madhya Pradesh District 3,Community Hall,"Community Hall at Colony Gate #825, Madhya Pradesh PC-11",State Water Board,1531191,2026-04-22,Ongoing,,False,
W001732,MP0260,Anita Gaikwad,Madhya Pradesh,Madhya Pradesh PC-11,Madhya Pradesh District 3,Community Hall,"Community Hall at Colony Gate #825, Madhya Pradesh PC-11 (Phase II)",State Water Board,2159736,2026-05-29,Sanctioned,,True,duplicate_work
W001733,MP0261,Naresh Choudhary,Madhya Pradesh,Madhya Pradesh PC-12,Madhya Pradesh District 3,Drainage/Sewage,"Drainage/Sewage near Community Centre #379, Madhya Pradesh PC-12",Rural Engineering Services,740673,2025-05-22,Completed,2025-08-01,False,
W001734,MP0261,Naresh Choudhary,Madhya Pradesh,Madhya Pradesh PC-12,Madhya Pradesh District 3,Streetlight Installation,"Streetlight Installation near Community Centre #559, Madhya Pradesh PC-12",Zilla Panchayat,213221,2025-08-12,Completed,2025-09-23,False,
W001735,MP0261,Naresh Choudhary,Madhya Pradesh,Madhya Pradesh PC-12,Madhya Pradesh District 3,Irrigation Canal,"Irrigation Canal near Bus Stand #75, Madhya Pradesh PC-12",State Electricity Board,2050363,2024-09-03,Completed,2025-04-17,False,
W001736,MP0261,Naresh Choudhary,Madhya Pradesh,Madhya Pradesh PC-12,Madhya Pradesh District 3,School Building/Classroom,"School Building/Classroom near Bus Depot #862, Madhya Pradesh PC-12",PWD Division,1429577,2025-07-09,Completed,2026-03-01,False,
W001737,MP0261,Naresh Choudhary,Madhya Pradesh,Madhya Pradesh PC-12,Madhya Pradesh District 3,Community Hall,"Community Hall near Railway Crossing #640, Madhya Pradesh PC-12",PWD Division,1755783,2025-09-09,Completed,2026-02-11,False,
W001738,MP0261,Naresh Choudhary,Madhya Pradesh,Madhya Pradesh PC-12,Madhya Pradesh District 3,Streetlight Installation,"Streetlight Installation near Panchayat Bhavan #368, Madhya Pradesh PC-12",State Water Board,285013,2025-01-14,Completed,2025-03-01,False,
W001739,MP0262,Dinesh Gaikwad,Madhya Pradesh,Madhya Pradesh PC-13,Madhya Pradesh District 4,Irrigation Canal,"Irrigation Canal at Colony Gate #373, Madhya Pradesh PC-13",Zilla Panchayat,1676083,2025-04-08,Completed,2025-10-08,False,
W001740,MP0262,Dinesh Gaikwad,Madhya Pradesh,Madhya Pradesh PC-13,Madhya Pradesh District 4,Drainage/Sewage,"Drainage/Sewage at Village Entry Point #974, Madhya Pradesh PC-13",PWD Division,868574,2025-06-20,Completed,2025-09-05,False,
W001741,MP0262,Dinesh Gaikwad,Madhya Pradesh,Madhya Pradesh PC-13,Madhya Pradesh District 4,Community Hall,"Community Hall near Temple Road #379, Madhya Pradesh PC-13",Block Development Office,2145572,2025-12-13,Completed,2026-06-08,False,
W001742,MP0262,Dinesh Gaikwad,Madhya Pradesh,Madhya Pradesh PC-13,Madhya Pradesh District 4,Irrigation Canal,"Irrigation Canal near Railway Crossing #217, Madhya Pradesh PC-13",District Rural Dev. Agency,1889256,2026-03-18,Ongoing,,False,
W001743,MP0262,Dinesh Gaikwad,Madhya Pradesh,Madhya Pradesh PC-13,Madhya Pradesh District 4,Road Construction/Repair,"Road Construction/Repair near Bus Depot #921, Madhya Pradesh PC-13",Zilla Panchayat,1368435,2024-11-07,Completed,2025-03-10,False,
W001744,MP0262,Dinesh Gaikwad,Madhya Pradesh,Madhya Pradesh PC-13,Madhya Pradesh District 4,Streetlight Installation,"Streetlight Installation near Govt School #651, Madhya Pradesh PC-13",State Electricity Board,317664,2024-08-05,Completed,2024-09-17,False,
W001745,MP0262,Dinesh Gaikwad,Madhya Pradesh,Madhya Pradesh PC-13,Madhya Pradesh District 4,Community Hall,"Community Hall near Railway Crossing #757, Madhya Pradesh PC-13",PWD Division,1590478,2025-02-12,Completed,2025-05-28,False,
W001746,MP0262,Dinesh Gaikwad,Madhya Pradesh,Madhya Pradesh PC-13,Madhya Pradesh District 4,Irrigation Canal,"Irrigation Canal near Primary Health Centre #992, Madhya Pradesh PC-13",Municipal Corporation,1884606,2025-02-28,Completed,2025-08-16,False,
W001747,MP0263,Poonam Kulkarni,Madhya Pradesh,Madhya Pradesh PC-14,Madhya Pradesh District 4,Streetlight Installation,"Streetlight Installation at Colony Gate #826, Madhya Pradesh PC-14",Rural Engineering Services,254708,2024-10-27,Completed,2024-12-03,False,
W001748,MP0263,Poonam Kulkarni,Madhya Pradesh,Madhya Pradesh PC-14,Madhya Pradesh District 4,Irrigation Canal,"Irrigation Canal near Railway Crossing #493, Madhya Pradesh PC-14",Municipal Corporation,1550795,2025-02-09,Completed,2025-12-07,False,
W001749,MP0263,Poonam Kulkarni,Madhya Pradesh,Madhya Pradesh PC-14,Madhya Pradesh District 4,Community Hall,"Community Hall near Bus Depot #61, Madhya Pradesh PC-14",State Water Board,1989937,2024-09-02,Completed,2025-03-18,False,
W001750,MP0263,Poonam Kulkarni,Madhya Pradesh,Madhya Pradesh PC-14,Madhya Pradesh District 4,Road Construction/Repair,"Road Construction/Repair at Colony Gate #336, Madhya Pradesh PC-14",PWD Division,914569,2026-06-11,Ongoing,,False,
W001751,MP0263,Poonam Kulkarni,Madhya Pradesh,Madhya Pradesh PC-14,Madhya Pradesh District 4,Drinking Water Supply,"Drinking Water Supply at Market Road #398, Madhya Pradesh PC-14",Municipal Corporation,835300,2026-07-16,Ongoing,,False,
W001752,MP0264,Anita Kumar,Madhya Pradesh,Madhya Pradesh PC-15,Madhya Pradesh District 4,Irrigation Canal,"Irrigation Canal at Colony Gate #561, Madhya Pradesh PC-15",Rural Engineering Services,1910910,2026-02-18,Ongoing,,False,
W001753,MP0264,Anita Kumar,Madhya Pradesh,Madhya Pradesh PC-15,Madhya Pradesh District 4,Anganwadi Centre,"Anganwadi Centre near Bus Depot #211, Madhya Pradesh PC-15",State Water Board,457229,2024-10-11,Completed,2025-02-12,False,
W001754,MP0264,Anita Kumar,Madhya Pradesh,Madhya Pradesh PC-15,Madhya Pradesh District 4,School Building/Classroom,"School Building/Classroom in Ward 12 #61, Madhya Pradesh PC-15",Zilla Panchayat,1601871,2025-06-18,Completed,2026-02-20,False,
W001755,MP0264,Anita Kumar,Madhya Pradesh,Madhya Pradesh PC-15,Madhya Pradesh District 4,Health Sub-Centre Upgrade,"Health Sub-Centre Upgrade at Ward 3 #564, Madhya Pradesh PC-15",Municipal Corporation,1219693,2025-03-06,Completed,2025-08-18,False,
W001756,MP0264,Anita Kumar,Madhya Pradesh,Madhya Pradesh PC-15,Madhya Pradesh District 4,Irrigation Canal,"Irrigation Canal near Temple Road #730, Madhya Pradesh PC-15",State Electricity Board,1800000,2025-10-05,Completed,2025-10-07,True,impossible_speed
W001757,MP0265,Usha Verma,Madhya Pradesh,Madhya Pradesh PC-16,Madhya Pradesh District 4,Streetlight Installation,"Streetlight Installation near Community Centre #526, Madhya Pradesh PC-16",Block Development Office,228087,2026-01-02,Completed,2026-02-20,False,
W001758,MP0265,Usha Verma,Madhya Pradesh,Madhya Pradesh PC-16,Madhya Pradesh District 4,Community Hall,"Community Hall at Market Road #356, Madhya Pradesh PC-16",Municipal Corporation,1737376,2025-05-20,Completed,2025-11-07,False,
W001759,MP0265,Usha Verma,Madhya Pradesh,Madhya Pradesh PC-16,Madhya Pradesh District 4,Road Construction/Repair,"Road Construction/Repair at Market Road #961, Madhya Pradesh PC-16",District Rural Dev. Agency,1245083,2025-12-23,Completed,2026-05-28,False,
W001760,MP0265,Usha Verma,Madhya Pradesh,Madhya Pradesh PC-16,Madhya Pradesh District 4,Drainage/Sewage,"Drainage/Sewage near Panchayat Bhavan #547, Madhya Pradesh PC-16",Block Development Office,764572,2025-11-15,Completed,2026-02-05,False,
W001761,MP0265,Usha Verma,Madhya Pradesh,Madhya Pradesh PC-16,Madhya Pradesh District 4,Drinking Water Supply,"Drinking Water Supply near Bus Depot #422, Madhya Pradesh PC-16",State Water Board,877052,2026-07-10,Ongoing,,False,
W001762,MP0265,Usha Verma,Madhya Pradesh,Madhya Pradesh PC-16,Madhya Pradesh District 4,Streetlight Installation,"Streetlight Installation at Village Entry Point #571, Madhya Pradesh PC-16",State Water Board,269580,2025-01-20,Completed,2025-03-02,False,
W001763,MP0265,Usha Verma,Madhya Pradesh,Madhya Pradesh PC-16,Madhya Pradesh District 4,Streetlight Installation,"Streetlight Installation near Temple Road #115, Madhya Pradesh PC-16",Block Development Office,338943,2025-05-17,Completed,2025-07-09,False,
W001764,MP0266,Neelam Reddy,Madhya Pradesh,Madhya Pradesh PC-17,Madhya Pradesh District 5,School Building/Classroom,"School Building/Classroom near Railway Crossing #862, Madhya Pradesh PC-17",Municipal Corporation,1396668,2025-11-07,Completed,2026-04-29,False,
W001765,MP0266,Neelam Reddy,Madhya Pradesh,Madhya Pradesh PC-17,Madhya Pradesh District 5,Community Hall,"Community Hall in Ward 7 #718, Madhya Pradesh PC-17",Rural Engineering Services,2016869,2025-03-09,Completed,2025-08-28,False,
W001766,MP0266,Neelam Reddy,Madhya Pradesh,Madhya Pradesh PC-17,Madhya Pradesh District 5,Public Toilet Complex,"Public Toilet Complex near Bus Stand #692, Madhya Pradesh PC-17",State Water Board,369312,2024-08-29,Completed,2024-11-03,False,
W001767,MP0266,Neelam Reddy,Madhya Pradesh,Madhya Pradesh PC-17,Madhya Pradesh District 5,Anganwadi Centre,"Anganwadi Centre at Colony Gate #870, Madhya Pradesh PC-17",Block Development Office,645131,2025-01-23,Completed,2025-04-29,False,
W001768,MP0266,Neelam Reddy,Madhya Pradesh,Madhya Pradesh PC-17,Madhya Pradesh District 5,Streetlight Installation,"Streetlight Installation at Market Road #76, Madhya Pradesh PC-17",State Electricity Board,299394,2025-07-10,Completed,2025-08-15,False,
W001769,MP0266,Neelam Reddy,Madhya Pradesh,Madhya Pradesh PC-17,Madhya Pradesh District 5,Drinking Water Supply,"Drinking Water Supply near Bus Stand #383, Madhya Pradesh PC-17",Block Development Office,858450,2024-12-08,Completed,2025-02-17,False,
W001770,MP0267,Prakash Das,Madhya Pradesh,Madhya Pradesh PC-18,Madhya Pradesh District 5,Drainage/Sewage,"Drainage/Sewage near Panchayat Bhavan #67, Madhya Pradesh PC-18",PWD Division,379148,2025-03-26,Completed,2025-08-13,False,
W001771,MP0267,Prakash Das,Madhya Pradesh,Madhya Pradesh PC-18,Madhya Pradesh District 5,Irrigation Canal,"Irrigation Canal at Market Road #896, Madhya Pradesh PC-18",Rural Engineering Services,2065740,2025-01-02,Completed,2025-07-02,False,
W001772,MP0267,Prakash Das,Madhya Pradesh,Madhya Pradesh PC-18,Madhya Pradesh District 5,Anganwadi Centre,"Anganwadi Centre near Temple Road #133, Madhya Pradesh PC-18",Municipal Corporation,603529,2025-09-23,Completed,2025-12-29,False,
W001773,MP0267,Prakash Das,Madhya Pradesh,Madhya Pradesh PC-18,Madhya Pradesh District 5,Community Hall,"Community Hall in Sector 4 #635, Madhya Pradesh PC-18",District Rural Dev. Agency,2069119,2025-09-15,Completed,2026-03-12,False,
W001774,MP0267,Prakash Das,Madhya Pradesh,Madhya Pradesh PC-18,Madhya Pradesh District 5,Streetlight Installation,"Streetlight Installation near Primary Health Centre #150, Madhya Pradesh PC-18",Block Development Office,372109,2025-10-24,Completed,2025-12-04,False,
W001775,MP0267,Prakash Das,Madhya Pradesh,Madhya Pradesh PC-18,Madhya Pradesh District 5,Irrigation Canal,"Irrigation Canal near Community Centre #288, Madhya Pradesh PC-18",State Electricity Board,1537262,2025-01-09,Completed,2025-06-24,False,
W001776,MP0267,Prakash Das,Madhya Pradesh,Madhya Pradesh PC-18,Madhya Pradesh District 5,Health Sub-Centre Upgrade,"Health Sub-Centre Upgrade near Community Centre #77, Madhya Pradesh PC-18",State Water Board,1042132,2026-01-01,Completed,2026-08-08,False,
W001777,MP0267,Prakash Das,Madhya Pradesh,Madhya Pradesh PC-18,Madhya Pradesh District 5,Community Hall,"Community Hall near Railway Crossing #59, Madhya Pradesh PC-18",Municipal Corporation,2039283,2026-03-06,Ongoing,,False,
W001778,MP0267,Prakash Das,Madhya Pradesh,Madhya Pradesh PC-18,Madhya Pradesh District 5,Irrigation Canal,"Irrigation Canal in Ward 12 #190, Madhya Pradesh PC-18",Rural Engineering Services,1800000,2024-06-25,Ongoing,,True,stuck_ongoing
W001779,MP0268,Amit Roy,Madhya Pradesh,Madhya Pradesh PC-19,Madhya Pradesh District 5,Drainage/Sewage,"Drainage/Sewage at Ward 3 #650, Madhya Pradesh PC-19",Rural Engineering Services,594760,2025-08-06,Completed,2025-10-26,False,
W001780,MP0268,Amit Roy,Madhya Pradesh,Madhya Pradesh PC-19,Madhya Pradesh District 5,School Building/Classroom,"School Building/Classroom near Bus Stand #726, Madhya Pradesh PC-19",PWD Division,1462212,2026-04-10,Ongoing,,False,
W001781,MP0268,Amit Roy,Madhya Pradesh,Madhya Pradesh PC-19,Madhya Pradesh District 5,Irrigation Canal,"Irrigation Canal at Market Road #116, Madhya Pradesh PC-19",State Electricity Board,2109715,2026-04-30,Ongoing,,False,
W001782,MP0268,Amit Roy,Madhya Pradesh,Madhya Pradesh PC-19,Madhya Pradesh District 5,Irrigation Canal,"Irrigation Canal near Railway Crossing #401, Madhya Pradesh PC-19",State Electricity Board,1770782,2025-05-17,Completed,2025-10-26,False,
W001783,MP0268,Amit Roy,Madhya Pradesh,Madhya Pradesh PC-19,Madhya Pradesh District 5,Irrigation Canal,"Irrigation Canal near Temple Road #565, Madhya Pradesh PC-19",PWD Division,1559418,2025-11-16,Completed,2026-06-05,False,
W001784,MP0268,Amit Roy,Madhya Pradesh,Madhya Pradesh PC-19,Madhya Pradesh District 5,Road Construction/Repair,"Road Construction/Repair at Market Road #963, Madhya Pradesh PC-19",Block Development Office,1449112,2025-08-23,Completed,2025-12-28,False,
W001785,MP0268,Amit Roy,Madhya Pradesh,Madhya Pradesh PC-19,Madhya Pradesh District 5,School Building/Classroom,"School Building/Classroom at Ward 3 #206, Madhya Pradesh PC-19",Block Development Office,1557609,2024-09-08,Completed,2024-12-30,False,
W001786,MP0268,Amit Roy,Madhya Pradesh,Madhya Pradesh PC-19,Madhya Pradesh District 5,Irrigation Canal,"Irrigation Canal near Primary Health Centre #167, Madhya Pradesh PC-19",PWD Division,1942655,2025-02-27,Completed,2025-11-08,False,
W001787,MP0269,Kavita Verma,Madhya Pradesh,Madhya Pradesh PC-20,Madhya Pradesh District 5,Road Construction/Repair,"Road Construction/Repair near Govt School #228, Madhya Pradesh PC-20",Block Development Office,1470643,2025-07-31,Completed,2026-01-11,False,
W001788,MP0269,Kavita Verma,Madhya Pradesh,Madhya Pradesh PC-20,Madhya Pradesh District 5,Public Toilet Complex,"Public Toilet Complex near Temple Road #14, Madhya Pradesh PC-20",Zilla Panchayat,368824,2025-12-17,Completed,2026-02-09,False,
W001789,MP0269,Kavita Verma,Madhya Pradesh,Madhya Pradesh PC-20,Madhya Pradesh District 5,Health Sub-Centre Upgrade,"Health Sub-Centre Upgrade at Ward 3 #220, Madhya Pradesh PC-20",State Electricity Board,792998,2026-03-13,Ongoing,,False,
W001790,MP0269,Kavita Verma,Madhya Pradesh,Madhya Pradesh PC-20,Madhya Pradesh District 5,Anganwadi Centre,"Anganwadi Centre near Panchayat Bhavan #813, Madhya Pradesh PC-20",Zilla Panchayat,713317,2025-07-14,Completed,2025-10-24,False,
W001791,MP0269,Kavita Verma,Madhya Pradesh,Madhya Pradesh PC-20,Madhya Pradesh District 5,Drinking Water Supply,"Drinking Water Supply at Village Entry Point #467, Madhya Pradesh PC-20",State Electricity Board,822671,2024-10-24,Completed,2025-01-10,False,
W001792,MP0269,Kavita Verma,Madhya Pradesh,Madhya Pradesh PC-20,Madhya Pradesh District 5,School Building/Classroom,"School Building/Classroom near Bus Depot #729, Madhya Pradesh PC-20",Block Development Office,1245612,2025-07-30,Completed,2025-10-14,False,
W001793,MP0269,Kavita Verma,Madhya Pradesh,Madhya Pradesh PC-20,Madhya Pradesh District 5,Health Sub-Centre Upgrade,"Health Sub-Centre Upgrade at Colony Gate #407, Madhya Pradesh PC-20",State Water Board,756092,2026-01-26,Completed,2026-07-20,False,
W001794,MP0269,Kavita Verma,Madhya Pradesh,Madhya Pradesh PC-20,Madhya Pradesh District 5,Streetlight Installation,"Streetlight Installation near Community Centre #64, Madhya Pradesh PC-20",Rural Engineering Services,302944,2025-05-31,Completed,2025-07-20,False,
W001795,MP0270,Rekha Nair,Madhya Pradesh,Madhya Pradesh PC-21,Madhya Pradesh District 6,Streetlight Installation,"Streetlight Installation near Bus Depot #822, Madhya Pradesh PC-21",PWD Division,258771,2025-09-22,Completed,2025-10-29,False,
W001796,MP0270,Rekha Nair,Madhya Pradesh,Madhya Pradesh PC-21,Madhya Pradesh District 6,Public Toilet Complex,"Public Toilet Complex in Ward 12 #443, Madhya Pradesh PC-21",State Electricity Board,352345,2026-04-14,Completed,2026-06-26,False,
W001797,MP0270,Rekha Nair,Madhya Pradesh,Madhya Pradesh PC-21,Madhya Pradesh District 6,Irrigation Canal,"Irrigation Canal at Ward 3 #247, Madhya Pradesh PC-21",Rural Engineering Services,2762506,2025-01-01,Completed,2025-09-19,False,
W001798,MP0270,Rekha Nair,Madhya Pradesh,Madhya Pradesh PC-21,Madhya Pradesh District 6,Anganwadi Centre,"Anganwadi Centre near Primary Health Centre #904, Madhya Pradesh PC-21",Zilla Panchayat,648409,2024-09-15,Completed,2025-01-08,False,
W001799,MP0270,Rekha Nair,Madhya Pradesh,Madhya Pradesh PC-21,Madhya Pradesh District 6,Public Toilet Complex,"Public Toilet Complex near Bus Stand #772, Madhya Pradesh PC-21",Rural Engineering Services,418139,2025-02-05,Completed,2025-04-12,False,
W001800,MP0271,Usha Gupta,Madhya Pradesh,Madhya Pradesh PC-22,Madhya Pradesh District 6,Public Toilet Complex,"Public Toilet Complex at Market Road #520, Madhya Pradesh PC-22",PWD Division,367196,2025-08-15,Completed,2025-10-16,False,
W001801,MP0271,Usha Gupta,Madhya Pradesh,Madhya Pradesh PC-22,Madhya Pradesh District 6,Drinking Water Supply,"Drinking Water Supply at Colony Gate #192, Madhya Pradesh PC-22",Block Development Office,630344,2026-07-02,Ongoing,,False,
W001802,MP0271,Usha Gupta,Madhya Pradesh,Madhya Pradesh PC-22,Madhya Pradesh District 6,Health Sub-Centre Upgrade,"Health Sub-Centre Upgrade at Main Chowk #454, Madhya Pradesh PC-22",Municipal Corporation,939122,2025-07-02,Completed,2025-11-21,False,
W001803,MP0271,Usha Gupta,Madhya Pradesh,Madhya Pradesh PC-22,Madhya Pradesh District 6,Drinking Water Supply,"Drinking Water Supply at Market Road #625, Madhya Pradesh PC-22",State Electricity Board,685767,2026-01-02,Completed,2026-04-07,False,
W001804,MP0271,Usha Gupta,Madhya Pradesh,Madhya Pradesh PC-22,Madhya Pradesh District 6,Drinking Water Supply,"Drinking Water Supply at Market Road #827, Madhya Pradesh PC-22",Municipal Corporation,871357,2024-10-11,Completed,2025-01-12,False,
W001805,MP0271,Usha Gupta,Madhya Pradesh,Madhya Pradesh PC-22,Madhya Pradesh District 6,Community Hall,"Community Hall near Primary Health Centre #192, Madhya Pradesh PC-22",State Electricity Board,1859212,2025-08-28,Completed,2026-02-06,False,
W001806,MP0271,Usha Gupta,Madhya Pradesh,Madhya Pradesh PC-22,Madhya Pradesh District 6,Community Hall,"Community Hall at Village Entry Point #310, Madhya Pradesh PC-22",District Rural Dev. Agency,1838752,2025-04-23,Completed,2025-12-05,False,
W001807,MP0272,Ashish Choudhary,Madhya Pradesh,Madhya Pradesh PC-23,Madhya Pradesh District 6,Health Sub-Centre Upgrade,"Health Sub-Centre Upgrade near Temple Road #899, Madhya Pradesh PC-23",PWD Division,728604,2025-12-18,Completed,2026-06-02,False,
W001808,MP0272,Ashish Choudhary,Madhya Pradesh,Madhya Pradesh PC-23,Madhya Pradesh District 6,Anganwadi Centre,"Anganwadi Centre near Bus Depot #679, Madhya Pradesh PC-23",Block Development Office,552105,2025-08-14,Completed,2025-11-12,False,
W001809,MP0272,Ashish Choudhary,Madhya Pradesh,Madhya Pradesh PC-23,Madhya Pradesh District 6,Anganwadi Centre,"Anganwadi Centre near Panchayat Bhavan #295, Madhya Pradesh PC-23",PWD Division,495214,2025-05-16,Completed,2025-09-11,False,
W001810,MP0272,Ashish Choudhary,Madhya Pradesh,Madhya Pradesh PC-23,Madhya Pradesh District 6,Irrigation Canal,"Irrigation Canal in Ward 7 #66, Madhya Pradesh PC-23",State Water Board,1901813,2024-12-09,Completed,2025-08-05,False,
W001811,MP0272,Ashish Choudhary,Madhya Pradesh,Madhya Pradesh PC-23,Madhya Pradesh District 6,Drinking Water Supply,"Drinking Water Supply at Market Road #872, Madhya Pradesh PC-23",Rural Engineering Services,879092,2025-09-11,Completed,2025-12-05,False,
W001812,MP0272,Ashish Choudhary,Madhya Pradesh,Madhya Pradesh PC-23,Madhya Pradesh District 6,Drinking Water Supply,"Drinking Water Supply at Ward 3 #940, Madhya Pradesh PC-23",Municipal Corporation,671176,2025-09-02,Completed,2025-11-28,False,
W001813,MP0272,Ashish Choudhary,Madhya Pradesh,Madhya Pradesh PC-23,Madhya Pradesh District 6,Irrigation Canal,"Irrigation Canal in Ward 7 #193, Madhya Pradesh PC-23",District Rural Dev. Agency,1950049,2025-01-21,Completed,2025-10-09,False,
W001814,MP0273,Satish Iyer,Madhya Pradesh,Madhya Pradesh PC-24,Madhya Pradesh District 6,Irrigation Canal,"Irrigation Canal at Main Chowk #116, Madhya Pradesh PC-24",Rural Engineering Services,1939304,2026-03-27,Ongoing,,False,
W001815,MP0273,Satish Iyer,Madhya Pradesh,Madhya Pradesh PC-24,Madhya Pradesh District 6,Irrigation Canal,"Irrigation Canal near Bus Stand #457, Madhya Pradesh PC-24",PWD Division,1963451,2025-08-11,Completed,2026-01-28,False,
W001816,MP0273,Satish Iyer,Madhya Pradesh,Madhya Pradesh PC-24,Madhya Pradesh District 6,Drainage/Sewage,"Drainage/Sewage in Ward 7 #88, Madhya Pradesh PC-24",Municipal Corporation,560746,2025-02-14,Completed,2025-05-16,False,
W001817,MP0273,Satish Iyer,Madhya Pradesh,Madhya Pradesh PC-24,Madhya Pradesh District 6,School Building/Classroom,"School Building/Classroom near Temple Road #39, Madhya Pradesh PC-24",Zilla Panchayat,1418071,2026-07-10,Ongoing,,False,
W001818,MP0273,Satish Iyer,Madhya Pradesh,Madhya Pradesh PC-24,Madhya Pradesh District 6,Drainage/Sewage,"Drainage/Sewage near Govt School #285, Madhya Pradesh PC-24",State Electricity Board,477737,2026-04-29,Completed,2026-08-09,False,
W001819,MP0273,Satish Iyer,Madhya Pradesh,Madhya Pradesh PC-24,Madhya Pradesh District 6,Drinking Water Supply,"Drinking Water Supply near Community Centre #544, Madhya Pradesh PC-24",Block Development Office,623524,2025-10-26,Completed,2026-01-09,False,
W001820,MP0273,Satish Iyer,Madhya Pradesh,Madhya Pradesh PC-24,Madhya Pradesh District 6,School Building/Classroom,"School Building/Classroom near Bus Depot #165, Madhya Pradesh PC-24",Municipal Corporation,1480367,2025-12-15,Completed,2026-07-02,False,
W001821,MP0273,Satish Iyer,Madhya Pradesh,Madhya Pradesh PC-24,Madhya Pradesh District 6,Irrigation Canal,"Irrigation Canal near Bus Stand #36, Madhya Pradesh PC-24",Rural Engineering Services,1800000,2024-09-07,Completed,2024-09-10,True,impossible_speed
W001822,MP0274,Kishore Gupta,Madhya Pradesh,Madhya Pradesh PC-25,Madhya Pradesh District 7,Road Construction/Repair,"Road Construction/Repair near Panchayat Bhavan #8, Madhya Pradesh PC-25",Municipal Corporation,971456,2025-07-29,Completed,2026-01-20,False,
W001823,MP0274,Kishore Gupta,Madhya Pradesh,Madhya Pradesh PC-25,Madhya Pradesh District 7,Drinking Water Supply,"Drinking Water Supply at Market Road #518, Madhya Pradesh PC-25",Rural Engineering Services,860935,2025-12-11,Completed,2026-03-21,False,
W001824,MP0274,Kishore Gupta,Madhya Pradesh,Madhya Pradesh PC-25,Madhya Pradesh District 7,Anganwadi Centre,"Anganwadi Centre at Market Road #115, Madhya Pradesh PC-25",Municipal Corporation,710201,2025-04-27,Completed,2025-07-23,False,
W001825,MP0274,Kishore Gupta,Madhya Pradesh,Madhya Pradesh PC-25,Madhya Pradesh District 7,Anganwadi Centre,"Anganwadi Centre in Ward 7 #67, Madhya Pradesh PC-25",Zilla Panchayat,548760,2025-10-07,Completed,2026-01-10,False,
W001826,MP0274,Kishore Gupta,Madhya Pradesh,Madhya Pradesh PC-25,Madhya Pradesh District 7,Community Hall,"Community Hall in Ward 7 #127, Madhya Pradesh PC-25",Municipal Corporation,1914613,2025-04-18,Completed,2025-12-08,False,
W001827,MP0274,Kishore Gupta,Madhya Pradesh,Madhya Pradesh PC-25,Madhya Pradesh District 7,Community Hall,"Community Hall near Railway Crossing #629, Madhya Pradesh PC-25",Rural Engineering Services,1859432,2026-03-23,Ongoing,,False,
W001828,MP0274,Kishore Gupta,Madhya Pradesh,Madhya Pradesh PC-25,Madhya Pradesh District 7,Road Construction/Repair,"Road Construction/Repair near Bus Stand #587, Madhya Pradesh PC-25",District Rural Dev. Agency,1146080,2025-06-07,Completed,2025-11-28,False,
W001829,MP0274,Kishore Gupta,Madhya Pradesh,Madhya Pradesh PC-25,Madhya Pradesh District 7,Streetlight Installation,"Streetlight Installation at Market Road #520, Madhya Pradesh PC-25",Zilla Panchayat,265947,2024-11-27,Completed,2025-01-08,False,
W001830,MP0274,Kishore Gupta,Madhya Pradesh,Madhya Pradesh PC-25,Madhya Pradesh District 7,Streetlight Installation,"Streetlight Installation in Ward 12 #979, Madhya Pradesh PC-25",Rural Engineering Services,335927,2025-06-21,Completed,2025-08-10,False,
W001831,MP0275,Sunita Thakur,Madhya Pradesh,Madhya Pradesh PC-26,Madhya Pradesh District 7,Community Hall,"Community Hall near Govt School #835, Madhya Pradesh PC-26",State Water Board,2108761,2025-03-25,Completed,2025-09-29,False,
W001832,MP0275,Sunita Thakur,Madhya Pradesh,Madhya Pradesh PC-26,Madhya Pradesh District 7,Irrigation Canal,"Irrigation Canal near Bus Stand #489, Madhya Pradesh PC-26",State Water Board,1672486,2025-12-01,Completed,2026-08-02,False,
W001833,MP0275,Sunita Thakur,Madhya Pradesh,Madhya Pradesh PC-26,Madhya Pradesh District 7,Irrigation Canal,"Irrigation Canal near Bus Stand #160, Madhya Pradesh PC-26",State Electricity Board,1825863,2025-08-10,Completed,2026-03-02,False,
W001834,MP0275,Sunita Thakur,Madhya Pradesh,Madhya Pradesh PC-26,Madhya Pradesh District 7,Drainage/Sewage,"Drainage/Sewage near Bus Depot #238, Madhya Pradesh PC-26",State Water Board,517838,2025-05-07,Completed,2025-08-13,False,
W001835,MP0275,Sunita Thakur,Madhya Pradesh,Madhya Pradesh PC-26,Madhya Pradesh District 7,Anganwadi Centre,"Anganwadi Centre near Govt School #276, Madhya Pradesh PC-26",District Rural Dev. Agency,746152,2025-12-01,Completed,2026-03-29,False,
W001836,MP0276,Sanjay Verma,Madhya Pradesh,Madhya Pradesh PC-27,Madhya Pradesh District 7,Drinking Water Supply,"Drinking Water Supply near Bus Depot #297, Madhya Pradesh PC-27",State Electricity Board,764281,2025-11-12,Completed,2026-01-26,False,
W001837,MP0276,Sanjay Verma,Madhya Pradesh,Madhya Pradesh PC-27,Madhya Pradesh District 7,Irrigation Canal,"Irrigation Canal near Bus Stand #510, Madhya Pradesh PC-27",State Electricity Board,1489487,2025-09-24,Completed,2026-03-28,False,
W001838,MP0276,Sanjay Verma,Madhya Pradesh,Madhya Pradesh PC-27,Madhya Pradesh District 7,School Building/Classroom,"School Building/Classroom near Community Centre #881, Madhya Pradesh PC-27",State Water Board,1770322,2025-02-10,Completed,2025-08-11,False,
W001839,MP0276,Sanjay Verma,Madhya Pradesh,Madhya Pradesh PC-27,Madhya Pradesh District 7,Health Sub-Centre Upgrade,"Health Sub-Centre Upgrade near Bus Stand #262, Madhya Pradesh PC-27",PWD Division,715781,2024-09-07,Completed,2024-12-31,False,
W001840,MP0277,Mahesh Gaikwad,Madhya Pradesh,Madhya Pradesh PC-28,Madhya Pradesh District 7,Community Hall,"Community Hall in Ward 12 #823, Madhya Pradesh PC-28",State Electricity Board,1783199,2025-10-25,Ongoing,,False,
W001841,MP0277,Mahesh Gaikwad,Madhya Pradesh,Madhya Pradesh PC-28,Madhya Pradesh District 7,Streetlight Installation,"Streetlight Installation in Ward 12 #531, Madhya Pradesh PC-28",Municipal Corporation,318726,2025-10-24,Completed,2025-12-11,False,
W001842,MP0277,Mahesh Gaikwad,Madhya Pradesh,Madhya Pradesh PC-28,Madhya Pradesh District 7,Irrigation Canal,"Irrigation Canal near Community Centre #163, Madhya Pradesh PC-28",Rural Engineering Services,1547585,2025-10-29,Completed,2026-06-08,False,
W001843,MP0277,Mahesh Gaikwad,Madhya Pradesh,Madhya Pradesh PC-28,Madhya Pradesh District 7,Streetlight Installation,"Streetlight Installation near Bus Stand #587, Madhya Pradesh PC-28",State Water Board,342958,2025-04-15,Completed,2025-05-28,False,
W001844,MP0277,Mahesh Gaikwad,Madhya Pradesh,Madhya Pradesh PC-28,Madhya Pradesh District 7,School Building/Classroom,"School Building/Classroom at Colony Gate #448, Madhya Pradesh PC-28",PWD Division,1744266,2024-10-04,Completed,2025-06-14,False,
W001845,MP0277,Mahesh Gaikwad,Madhya Pradesh,Madhya Pradesh PC-28,Madhya Pradesh District 7,Community Hall,"Community Hall at Colony Gate #293, Madhya Pradesh PC-28",District Rural Dev. Agency,1505439,2025-10-11,Completed,2026-05-20,False,
W001846,MP0277,Mahesh Gaikwad,Madhya Pradesh,Madhya Pradesh PC-28,Madhya Pradesh District 7,Drainage/Sewage,"Drainage/Sewage near Primary Health Centre #818, Madhya Pradesh PC-28",State Electricity Board,874700,2025-08-21,Completed,2025-11-24,False,
W001847,MP0277,Mahesh Gaikwad,Madhya Pradesh,Madhya Pradesh PC-28,Madhya Pradesh District 7,Public Toilet Complex,"Public Toilet Complex near Primary Health Centre #954, Madhya Pradesh PC-28",Block Development Office,439274,2025-09-20,Completed,2025-11-01,False,
W001848,MP0278,Ajay Joshi,Madhya Pradesh,Madhya Pradesh PC-29,Madhya Pradesh District 8,Anganwadi Centre,"Anganwadi Centre near Govt School #5, Madhya Pradesh PC-29",District Rural Dev. Agency,701385,2026-03-02,Completed,2026-06-09,False,
W001849,MP0278,Ajay Joshi,Madhya Pradesh,Madhya Pradesh PC-29,Madhya Pradesh District 8,Drainage/Sewage,"Drainage/Sewage at Main Chowk #828, Madhya Pradesh PC-29",Block Development Office,744083,2025-03-17,Completed,2025-07-19,False,
W001850,MP0278,Ajay Joshi,Madhya Pradesh,Madhya Pradesh PC-29,Madhya Pradesh District 8,Community Hall,"Community Hall near Railway Crossing #924, Madhya Pradesh PC-29",Rural Engineering Services,2054226,2024-12-28,Completed,2025-05-25,False,
W001851,MP0278,Ajay Joshi,Madhya Pradesh,Madhya Pradesh PC-29,Madhya Pradesh District 8,Drinking Water Supply,"Drinking Water Supply near Bus Stand #708, Madhya Pradesh PC-29",PWD Division,1016860,2025-03-28,Completed,2025-06-25,False,
W001852,MP0278,Ajay Joshi,Madhya Pradesh,Madhya Pradesh PC-29,Madhya Pradesh District 8,Streetlight Installation,"Streetlight Installation near Primary Health Centre #825, Madhya Pradesh PC-29",Rural Engineering Services,345167,2025-07-09,Completed,2025-08-28,False,
W001853,MP0278,Ajay Joshi,Madhya Pradesh,Madhya Pradesh PC-29,Madhya Pradesh District 8,Anganwadi Centre,"Anganwadi Centre near Primary Health Centre #938, Madhya Pradesh PC-29",Municipal Corporation,607609,2025-12-08,Completed,2026-02-17,False,
W001854,MP0278,Ajay Joshi,Madhya Pradesh,Madhya Pradesh PC-29,Madhya Pradesh District 8,Anganwadi Centre,"Anganwadi Centre near Govt School #120, Madhya Pradesh PC-29",Zilla Panchayat,497108,2025-06-19,Completed,2025-09-21,False,
W001855,MP0278,Ajay Joshi,Madhya Pradesh,Madhya Pradesh PC-29,Madhya Pradesh District 8,Anganwadi Centre,"Anganwadi Centre near Community Centre #132, Madhya Pradesh PC-29",Municipal Corporation,542225,2025-12-03,Completed,2026-03-18,False,
W001856,MP0279,Sanjay Thakur,Karnataka,Karnataka PC-1,Karnataka District 1,Streetlight Installation,"Streetlight Installation in Ward 12 #617, Karnataka PC-1",PWD Division,336277,2025-08-27,Completed,2025-10-13,False,
W001857,MP0279,Sanjay Thakur,Karnataka,Karnataka PC-1,Karnataka District 1,Drainage/Sewage,"Drainage/Sewage in Sector 4 #874, Karnataka PC-1",State Water Board,725817,2025-08-21,Completed,2025-12-10,False,
W001858,MP0279,Sanjay Thakur,Karnataka,Karnataka PC-1,Karnataka District 1,Streetlight Installation,"Streetlight Installation in Ward 7 #949, Karnataka PC-1",Zilla Panchayat,258965,2024-09-13,Completed,2024-10-27,False,
W001859,MP0279,Sanjay Thakur,Karnataka,Karnataka PC-1,Karnataka District 1,Public Toilet Complex,"Public Toilet Complex in Sector 4 #805, Karnataka PC-1",Zilla Panchayat,505524,2026-01-29,Completed,2026-04-10,False,
W001860,MP0279,Sanjay Thakur,Karnataka,Karnataka PC-1,Karnataka District 1,Streetlight Installation,"Streetlight Installation at Main Chowk #276, Karnataka PC-1",Zilla Panchayat,294278,2025-02-25,Completed,2025-03-31,False,
W001861,MP0279,Sanjay Thakur,Karnataka,Karnataka PC-1,Karnataka District 1,Public Toilet Complex,"Public Toilet Complex near Railway Crossing #551, Karnataka PC-1",Block Development Office,354538,2025-10-17,Completed,2025-12-23,False,
W001862,MP0279,Sanjay Thakur,Karnataka,Karnataka PC-1,Karnataka District 1,Public Toilet Complex,"Public Toilet Complex in Sector 4 #921, Karnataka PC-1",State Electricity Board,362688,2025-09-22,Completed,2025-11-11,False,
W001863,MP0279,Sanjay Thakur,Karnataka,Karnataka PC-1,Karnataka District 1,School Building/Classroom,"School Building/Classroom near Govt School #129, Karnataka PC-1",Zilla Panchayat,1520450,2024-09-16,Completed,2025-03-17,False,
W001864,MP0279,Sanjay Thakur,Karnataka,Karnataka PC-1,Karnataka District 1,Streetlight Installation,"Streetlight Installation near Railway Crossing #311, Karnataka PC-1",PWD Division,346623,2025-12-31,Completed,2026-02-21,False,
W001865,MP0280,Ashish Patel,Karnataka,Karnataka PC-2,Karnataka District 1,Community Hall,"Community Hall near Community Centre #578, Karnataka PC-2",PWD Division,1846857,2025-01-31,Completed,2025-09-03,False,
W001866,MP0280,Ashish Patel,Karnataka,Karnataka PC-2,Karnataka District 1,School Building/Classroom,"School Building/Classroom near Railway Crossing #141, Karnataka PC-2",Zilla Panchayat,1566109,2025-02-04,Completed,2025-09-14,False,
W001867,MP0280,Ashish Patel,Karnataka,Karnataka PC-2,Karnataka District 1,Drinking Water Supply,"Drinking Water Supply at Ward 3 #505, Karnataka PC-2",Zilla Panchayat,551603,2026-04-17,Completed,2026-07-20,False,
W001868,MP0280,Ashish Patel,Karnataka,Karnataka PC-2,Karnataka District 1,Community Hall,"Community Hall at Main Chowk #84, Karnataka PC-2",State Water Board,2310743,2025-12-29,Completed,2026-06-30,False,
W001869,MP0280,Ashish Patel,Karnataka,Karnataka PC-2,Karnataka District 1,Anganwadi Centre,"Anganwadi Centre at Main Chowk #227, Karnataka PC-2",PWD Division,550886,2025-08-12,Completed,2025-12-12,False,
W001870,MP0280,Ashish Patel,Karnataka,Karnataka PC-2,Karnataka District 1,Public Toilet Complex,"Public Toilet Complex in Sector 4 #689, Karnataka PC-2",Municipal Corporation,1366873,2026-04-23,Sanctioned,,True,cost_outlier
W001871,MP0281,Prakash Bhattacharya,Karnataka,Karnataka PC-3,Karnataka District 1,Community Hall,"Community Hall near Bus Depot #989, Karnataka PC-3",Block Development Office,2135214,2026-02-09,Ongoing,,False,
W001872,MP0281,Prakash Bhattacharya,Karnataka,Karnataka PC-3,Karnataka District 1,Community Hall,"Community Hall in Ward 7 #908, Karnataka PC-3",Block Development Office,2151551,2024-11-30,Completed,2025-06-26,False,
W001873,MP0281,Prakash Bhattacharya,Karnataka,Karnataka PC-3,Karnataka District 1,Public Toilet Complex,"Public Toilet Complex near Bus Depot #565, Karnataka PC-3",Rural Engineering Services,344044,2024-11-04,Completed,2025-01-27,False,
W001874,MP0281,Prakash Bhattacharya,Karnataka,Karnataka PC-3,Karnataka District 1,Irrigation Canal,"Irrigation Canal near Community Centre #825, Karnataka PC-3",State Water Board,1028946,2025-03-05,Completed,2025-08-28,False,
W001875,MP0281,Prakash Bhattacharya,Karnataka,Karnataka PC-3,Karnataka District 1,Community Hall,"Community Hall near Govt School #680, Karnataka PC-3",State Electricity Board,1543286,2024-09-10,Completed,2025-01-25,False,
W001876,MP0281,Prakash Bhattacharya,Karnataka,Karnataka PC-3,Karnataka District 1,School Building/Classroom,"School Building/Classroom at Ward 3 #522, Karnataka PC-3",Rural Engineering Services,1770871,2025-01-12,Completed,2025-08-16,False,
W001877,MP0281,Prakash Bhattacharya,Karnataka,Karnataka PC-3,Karnataka District 1,Anganwadi Centre,"Anganwadi Centre near Govt School #697, Karnataka PC-3",PWD Division,601807,2025-12-03,Completed,2026-02-19,False,
W001878,MP0282,Ramesh Singh,Karnataka,Karnataka PC-4,Karnataka District 1,Drainage/Sewage,"Drainage/Sewage near Railway Crossing #221, Karnataka PC-4",Block Development Office,648031,2024-12-04,Completed,2025-05-02,False,
W001879,MP0282,Ramesh Singh,Karnataka,Karnataka PC-4,Karnataka District 1,Anganwadi Centre,"Anganwadi Centre at Colony Gate #752, Karnataka PC-4",State Water Board,649119,2025-04-29,Completed,2025-07-05,False,
W001880,MP0282,Ramesh Singh,Karnataka,Karnataka PC-4,Karnataka District 1,Drainage/Sewage,"Drainage/Sewage near Railway Crossing #645, Karnataka PC-4",District Rural Dev. Agency,752256,2025-01-20,Completed,2025-05-19,False,
W001881,MP0282,Ramesh Singh,Karnataka,Karnataka PC-4,Karnataka District 1,Drainage/Sewage,"Drainage/Sewage at Main Chowk #328, Karnataka PC-4",Block Development Office,854355,2026-03-31,Completed,2026-07-17,False,
W001882,MP0282,Ramesh Singh,Karnataka,Karnataka PC-4,Karnataka District 1,School Building/Classroom,"School Building/Classroom near Temple Road #371, Karnataka PC-4",State Electricity Board,1329659,2024-08-13,Completed,2025-03-05,False,
W001883,MP0282,Ramesh Singh,Karnataka,Karnataka PC-4,Karnataka District 1,Anganwadi Centre,"Anganwadi Centre in Ward 12 #785, Karnataka PC-4",Block Development Office,765694,2025-03-28,Completed,2025-07-16,False,
W001884,MP0282,Ramesh Singh,Karnataka,Karnataka PC-4,Karnataka District 1,Streetlight Installation,"Streetlight Installation at Market Road #58, Karnataka PC-4",Municipal Corporation,321478,2024-09-30,Completed,2024-11-02,False,
W001885,MP0282,Ramesh Singh,Karnataka,Karnataka PC-4,Karnataka District 1,Community Hall,"Community Hall near Railway Crossing #682, Karnataka PC-4",District Rural Dev. Agency,2095797,2025-01-14,Completed,2025-05-24,False,
W001886,MP0282,Ramesh Singh,Karnataka,Karnataka PC-4,Karnataka District 1,Anganwadi Centre,"Anganwadi Centre near Primary Health Centre #674, Karnataka PC-4",State Electricity Board,577572,2024-11-01,Completed,2025-03-03,False,
W001887,MP0283,Lata Mishra,Karnataka,Karnataka PC-5,Karnataka District 2,Streetlight Installation,"Streetlight Installation near Railway Crossing #852, Karnataka PC-5",PWD Division,282554,2024-10-01,Completed,2024-11-18,False,
W001888,MP0283,Lata Mishra,Karnataka,Karnataka PC-5,Karnataka District 2,Community Hall,"Community Hall near Community Centre #415, Karnataka PC-5",State Water Board,2350131,2024-08-27,Completed,2025-02-27,False,
W001889,MP0283,Lata Mishra,Karnataka,Karnataka PC-5,Karnataka District 2,School Building/Classroom,"School Building/Classroom near Govt School #53, Karnataka PC-5",PWD Division,1348376,2025-12-26,Completed,2026-08-24,False,
W001890,MP0283,Lata Mishra,Karnataka,Karnataka PC-5,Karnataka District 2,Drinking Water Supply,"Drinking Water Supply near Temple Road #649, Karnataka PC-5",State Water Board,679115,2026-06-12,Ongoing,,False,
W001891,MP0283,Lata Mishra,Karnataka,Karnataka PC-5,Karnataka District 2,School Building/Classroom,"School Building/Classroom at Village Entry Point #832, Karnataka PC-5",Zilla Panchayat,1411388,2025-03-19,Completed,2025-08-25,False,
W001892,MP0284,Raj Kulkarni,Karnataka,Karnataka PC-6,Karnataka District 2,School Building/Classroom,"School Building/Classroom at Village Entry Point #870, Karnataka PC-6",Rural Engineering Services,1641118,2025-06-29,Completed,2025-10-19,False,
W001893,MP0284,Raj Kulkarni,Karnataka,Karnataka PC-6,Karnataka District 2,Irrigation Canal,"Irrigation Canal near Panchayat Bhavan #179, Karnataka PC-6",Zilla Panchayat,1470472,2025-08-19,Completed,2026-05-22,False,
W001894,MP0284,Raj Kulkarni,Karnataka,Karnataka PC-6,Karnataka District 2,Road Construction/Repair,"Road Construction/Repair in Sector 4 #69, Karnataka PC-6",Zilla Panchayat,1168277,2024-10-21,Completed,2025-03-18,False,
W001895,MP0284,Raj Kulkarni,Karnataka,Karnataka PC-6,Karnataka District 2,School Building/Classroom,"School Building/Classroom near Bus Stand #825, Karnataka PC-6",Municipal Corporation,1256556,2025-06-07,Completed,2025-11-16,False,
W001896,MP0284,Raj Kulkarni,Karnataka,Karnataka PC-6,Karnataka District 2,Drainage/Sewage,"Drainage/Sewage near Govt School #818, Karnataka PC-6",Zilla Panchayat,474371,2025-06-06,Completed,2025-09-08,False,
W001897,MP0285,Kiran Yadav,Karnataka,Karnataka PC-7,Karnataka District 2,Road Construction/Repair,"Road Construction/Repair at Main Chowk #130, Karnataka PC-7",PWD Division,1174291,2025-10-05,Completed,2026-03-22,False,
W001898,MP0285,Kiran Yadav,Karnataka,Karnataka PC-7,Karnataka District 2,Irrigation Canal,"Irrigation Canal in Ward 12 #217, Karnataka PC-7",Rural Engineering Services,2396570,2025-07-23,Completed,2026-03-14,False,
W001899,MP0285,Kiran Yadav,Karnataka,Karnataka PC-7,Karnataka District 2,Drinking Water Supply,"Drinking Water Supply near Primary Health Centre #40, Karnataka PC-7",Municipal Corporation,760519,2025-08-20,Completed,2025-11-07,False,
W001900,MP0285,Kiran Yadav,Karnataka,Karnataka PC-7,Karnataka District 2,Public Toilet Complex,"Public Toilet Complex near Community Centre #552, Karnataka PC-7",State Electricity Board,388639,2025-08-22,Completed,2025-10-18,False,
W001901,MP0285,Kiran Yadav,Karnataka,Karnataka PC-7,Karnataka District 2,Road Construction/Repair,"Road Construction/Repair near Community Centre #656, Karnataka PC-7",Rural Engineering Services,1071857,2024-08-15,Completed,2025-01-04,False,
W001902,MP0285,Kiran Yadav,Karnataka,Karnataka PC-7,Karnataka District 2,Streetlight Installation,"Streetlight Installation near Govt School #818, Karnataka PC-7",State Electricity Board,205022,2024-12-20,Completed,2025-01-30,False,
W001903,MP0285,Kiran Yadav,Karnataka,Karnataka PC-7,Karnataka District 2,Public Toilet Complex,"Public Toilet Complex near Primary Health Centre #948, Karnataka PC-7",District Rural Dev. Agency,357712,2025-08-31,Completed,2025-11-07,False,
W001904,MP0285,Kiran Yadav,Karnataka,Karnataka PC-7,Karnataka District 2,Irrigation Canal,"Irrigation Canal near Bus Depot #193, Karnataka PC-7",State Electricity Board,1695095,2024-11-03,Completed,2025-04-27,False,
W001905,MP0285,Kiran Yadav,Karnataka,Karnataka PC-7,Karnataka District 2,Irrigation Canal,"Irrigation Canal near Temple Road #827, Karnataka PC-7",State Electricity Board,1596400,2025-06-14,Completed,2026-01-17,False,
W001906,MP0286,Rakesh Rathore,Karnataka,Karnataka PC-8,Karnataka District 2,Drainage/Sewage,"Drainage/Sewage at Colony Gate #527, Karnataka PC-8",Rural Engineering Services,727956,2025-10-17,Completed,2026-01-08,False,
W001907,MP0286,Rakesh Rathore,Karnataka,Karnataka PC-8,Karnataka District 2,School Building/Classroom,"School Building/Classroom near Panchayat Bhavan #763, Karnataka PC-8",Zilla Panchayat,1528775,2026-05-21,Ongoing,,False,
W001908,MP0286,Rakesh Rathore,Karnataka,Karnataka PC-8,Karnataka District 2,Drinking Water Supply,"Drinking Water Supply at Colony Gate #984, Karnataka PC-8",Block Development Office,1013573,2025-05-16,Completed,2025-07-20,False,
W001909,MP0286,Rakesh Rathore,Karnataka,Karnataka PC-8,Karnataka District 2,Public Toilet Complex,"Public Toilet Complex near Bus Stand #116, Karnataka PC-8",State Electricity Board,461277,2024-09-08,Completed,2024-11-30,False,
W001910,MP0286,Rakesh Rathore,Karnataka,Karnataka PC-8,Karnataka District 2,Road Construction/Repair,"Road Construction/Repair in Ward 12 #312, Karnataka PC-8",Municipal Corporation,1315246,2026-03-19,Completed,2026-08-19,False,
W001911,MP0287,Satish Rao,Karnataka,Karnataka PC-9,Karnataka District 3,Public Toilet Complex,"Public Toilet Complex near Primary Health Centre #612, Karnataka PC-9",Municipal Corporation,431013,2025-05-03,Completed,2025-07-05,False,
W001912,MP0287,Satish Rao,Karnataka,Karnataka PC-9,Karnataka District 3,School Building/Classroom,"School Building/Classroom near Bus Stand #272, Karnataka PC-9",Rural Engineering Services,1419397,2026-06-19,Ongoing,,False,
W001913,MP0287,Satish Rao,Karnataka,Karnataka PC-9,Karnataka District 3,Public Toilet Complex,"Public Toilet Complex near Bus Depot #312, Karnataka PC-9",State Water Board,374349,2026-04-03,Completed,2026-06-01,False,
W001914,MP0287,Satish Rao,Karnataka,Karnataka PC-9,Karnataka District 3,Health Sub-Centre Upgrade,"Health Sub-Centre Upgrade in Sector 4 #14, Karnataka PC-9",Zilla Panchayat,1013905,2025-12-21,Completed,2026-06-14,False,
W001915,MP0287,Satish Rao,Karnataka,Karnataka PC-9,Karnataka District 3,Streetlight Installation,"Streetlight Installation in Sector 4 #685, Karnataka PC-9",Zilla Panchayat,403120,2025-09-27,Completed,2025-10-27,False,
W001916,MP0287,Satish Rao,Karnataka,Karnataka PC-9,Karnataka District 3,Drinking Water Supply,"Drinking Water Supply at Main Chowk #774, Karnataka PC-9",Zilla Panchayat,853999,2026-03-28,Completed,2026-07-14,False,
W001917,MP0287,Satish Rao,Karnataka,Karnataka PC-9,Karnataka District 3,Irrigation Canal,"Irrigation Canal near Panchayat Bhavan #182, Karnataka PC-9",District Rural Dev. Agency,1626544,2024-08-12,Completed,2025-05-07,False,
W001918,MP0287,Satish Rao,Karnataka,Karnataka PC-9,Karnataka District 3,Community Hall,"Community Hall near Primary Health Centre #960, Karnataka PC-9",Block Development Office,1957942,2025-12-16,Completed,2026-07-08,False,
W001919,MP0288,Rakesh Mehta,Karnataka,Karnataka PC-10,Karnataka District 3,Health Sub-Centre Upgrade,"Health Sub-Centre Upgrade near Govt School #63, Karnataka PC-10",Block Development Office,977140,2024-09-02,Completed,2025-03-29,False,
W001920,MP0288,Rakesh Mehta,Karnataka,Karnataka PC-10,Karnataka District 3,Road Construction/Repair,"Road Construction/Repair near Primary Health Centre #956, Karnataka PC-10",Zilla Panchayat,1219907,2026-05-05,Ongoing,,False,
W001921,MP0288,Rakesh Mehta,Karnataka,Karnataka PC-10,Karnataka District 3,School Building/Classroom,"School Building/Classroom in Sector 4 #332, Karnataka PC-10",Zilla Panchayat,1242520,2026-01-23,Completed,2026-08-02,False,
W001922,MP0288,Rakesh Mehta,Karnataka,Karnataka PC-10,Karnataka District 3,Irrigation Canal,"Irrigation Canal near Govt School #197, Karnataka PC-10",Rural Engineering Services,1736211,2024-12-15,Completed,2025-06-28,False,
W001923,MP0288,Rakesh Mehta,Karnataka,Karnataka PC-10,Karnataka District 3,Community Hall,"Community Hall at Ward 3 #95, Karnataka PC-10",Block Development Office,2017772,2026-03-12,Ongoing,,False,
W001924,MP0289,Shobha Pillai,Karnataka,Karnataka PC-11,Karnataka District 3,Streetlight Installation,"Streetlight Installation in Ward 7 #604, Karnataka PC-11",PWD Division,316711,2025-01-27,Completed,2025-03-15,False,
W001925,MP0289,Shobha Pillai,Karnataka,Karnataka PC-11,Karnataka District 3,Irrigation Canal,"Irrigation Canal in Ward 12 #553, Karnataka PC-11",PWD Division,2051368,2024-11-21,Completed,2025-04-03,False,
W001926,MP0289,Shobha Pillai,Karnataka,Karnataka PC-11,Karnataka District 3,Irrigation Canal,"Irrigation Canal near Community Centre #619, Karnataka PC-11",District Rural Dev. Agency,1612252,2024-11-18,Completed,2025-08-13,False,
W001927,MP0289,Shobha Pillai,Karnataka,Karnataka PC-11,Karnataka District 3,Anganwadi Centre,"Anganwadi Centre near Temple Road #566, Karnataka PC-11",State Water Board,556471,2025-06-29,Completed,2025-10-14,False,
W001928,MP0289,Shobha Pillai,Karnataka,Karnataka PC-11,Karnataka District 3,Health Sub-Centre Upgrade,"Health Sub-Centre Upgrade in Ward 12 #431, Karnataka PC-11",PWD Division,1114322,2025-02-14,Completed,2025-07-31,False,
W001929,MP0289,Shobha Pillai,Karnataka,Karnataka PC-11,Karnataka District 3,School Building/Classroom,"School Building/Classroom in Ward 12 #590, Karnataka PC-11",Zilla Panchayat,1071510,2026-02-08,Completed,2026-06-06,False,
W001930,MP0289,Shobha Pillai,Karnataka,Karnataka PC-11,Karnataka District 3,Drainage/Sewage,"Drainage/Sewage near Govt School #729, Karnataka PC-11",Block Development Office,629138,2026-03-03,Completed,2026-07-11,False,
W001931,MP0289,Shobha Pillai,Karnataka,Karnataka PC-11,Karnataka District 3,Community Hall,"Community Hall at Village Entry Point #198, Karnataka PC-11",Rural Engineering Services,2052278,2024-08-16,Completed,2025-02-24,False,
W001932,MP0289,Shobha Pillai,Karnataka,Karnataka PC-11,Karnataka District 3,School Building/Classroom,"School Building/Classroom at Market Road #122, Karnataka PC-11",State Water Board,1369998,2025-02-06,Completed,2025-07-06,False,
W001933,MP0289,Shobha Pillai,Karnataka,Karnataka PC-11,Karnataka District 3,Drinking Water Supply,"Drinking Water Supply at Colony Gate #863, Karnataka PC-11",Zilla Panchayat,4308722,2026-03-22,Sanctioned,,True,cost_outlier
W001934,MP0290,Harish Mondal,Karnataka,Karnataka PC-12,Karnataka District 3,Road Construction/Repair,"Road Construction/Repair near Railway Crossing #796, Karnataka PC-12",Rural Engineering Services,1254782,2026-05-06,Ongoing,,False,
W001935,MP0290,Harish Mondal,Karnataka,Karnataka PC-12,Karnataka District 3,Streetlight Installation,"Streetlight Installation near Govt School #536, Karnataka PC-12",Municipal Corporation,279712,2025-08-15,Completed,2025-10-08,False,
W001936,MP0290,Harish Mondal,Karnataka,Karnataka PC-12,Karnataka District 3,Health Sub-Centre Upgrade,"Health Sub-Centre Upgrade in Ward 7 #358, Karnataka PC-12",Block Development Office,962065,2025-01-22,Completed,2025-07-02,False,
W001937,MP0290,Harish Mondal,Karnataka,Karnataka PC-12,Karnataka District 3,Community Hall,"Community Hall in Ward 7 #984, Karnataka PC-12",State Water Board,2172896,2025-10-12,Completed,2026-03-15,False,
W001938,MP0291,Satish Bhattacharya,Karnataka,Karnataka PC-13,Karnataka District 4,Health Sub-Centre Upgrade,"Health Sub-Centre Upgrade at Main Chowk #584, Karnataka PC-13",State Electricity Board,931188,2025-03-02,Completed,2025-08-09,False,
W001939,MP0291,Satish Bhattacharya,Karnataka,Karnataka PC-13,Karnataka District 4,Drainage/Sewage,"Drainage/Sewage near Bus Depot #897, Karnataka PC-13",Municipal Corporation,636595,2026-02-02,Completed,2026-05-16,False,
W001940,MP0291,Satish Bhattacharya,Karnataka,Karnataka PC-13,Karnataka District 4,Anganwadi Centre,"Anganwadi Centre near Bus Depot #578, Karnataka PC-13",State Electricity Board,637365,2024-06-28,Completed,2024-10-25,False,
W001941,MP0291,Satish Bhattacharya,Karnataka,Karnataka PC-13,Karnataka District 4,Drainage/Sewage,"Drainage/Sewage at Ward 3 #975, Karnataka PC-13",Rural Engineering Services,777309,2026-03-12,Completed,2026-06-05,False,
W001942,MP0291,Satish Bhattacharya,Karnataka,Karnataka PC-13,Karnataka District 4,Streetlight Installation,"Streetlight Installation near Temple Road #152, Karnataka PC-13",State Water Board,296157,2026-01-19,Completed,2026-03-11,False,
W001943,MP0291,Satish Bhattacharya,Karnataka,Karnataka PC-13,Karnataka District 4,Irrigation Canal,"Irrigation Canal near Temple Road #979, Karnataka PC-13",District Rural Dev. Agency,1798275,2024-10-22,Completed,2025-05-24,False,
W001944,MP0291,Satish Bhattacharya,Karnataka,Karnataka PC-13,Karnataka District 4,School Building/Classroom,"School Building/Classroom near Panchayat Bhavan #802, Karnataka PC-13",District Rural Dev. Agency,1607119,2026-02-07,Completed,2026-06-15,False,
W001945,MP0292,Ravi Pillai,Karnataka,Karnataka PC-14,Karnataka District 4,Public Toilet Complex,"Public Toilet Complex at Ward 3 #135, Karnataka PC-14",District Rural Dev. Agency,291580,2025-11-25,Completed,2026-02-08,False,
W001946,MP0292,Ravi Pillai,Karnataka,Karnataka PC-14,Karnataka District 4,Public Toilet Complex,"Public Toilet Complex at Ward 3 #93, Karnataka PC-14",State Electricity Board,459529,2026-08-03,Ongoing,,False,
W001947,MP0292,Ravi Pillai,Karnataka,Karnataka PC-14,Karnataka District 4,School Building/Classroom,"School Building/Classroom near Primary Health Centre #371, Karnataka PC-14",Block Development Office,1158351,2025-03-16,Completed,2025-10-10,False,
W001948,MP0292,Ravi Pillai,Karnataka,Karnataka PC-14,Karnataka District 4,Road Construction/Repair,"Road Construction/Repair at Village Entry Point #241, Karnataka PC-14",State Water Board,1418491,2024-12-05,Completed,2025-03-08,False,
W001949,MP0292,Ravi Pillai,Karnataka,Karnataka PC-14,Karnataka District 4,Streetlight Installation,"Streetlight Installation at Main Chowk #432, Karnataka PC-14",PWD Division,379525,2025-11-06,Completed,2025-12-30,False,
W001950,MP0292,Ravi Pillai,Karnataka,Karnataka PC-14,Karnataka District 4,Streetlight Installation,"Streetlight Installation at Market Road #502, Karnataka PC-14",PWD Division,346486,2026-04-28,Completed,2026-05-26,False,
W001951,MP0292,Ravi Pillai,Karnataka,Karnataka PC-14,Karnataka District 4,Streetlight Installation,"Streetlight Installation near Railway Crossing #186, Karnataka PC-14",Rural Engineering Services,314509,2025-09-02,Completed,2025-10-16,False,
W001952,MP0293,Yogesh Roy,Karnataka,Karnataka PC-15,Karnataka District 4,Anganwadi Centre,"Anganwadi Centre near Bus Depot #917, Karnataka PC-15",District Rural Dev. Agency,591554,2025-02-26,Completed,2025-06-26,False,
W001953,MP0293,Yogesh Roy,Karnataka,Karnataka PC-15,Karnataka District 4,Drinking Water Supply,"Drinking Water Supply at Village Entry Point #697, Karnataka PC-15",Block Development Office,762693,2025-12-18,Completed,2026-03-01,False,
W001954,MP0293,Yogesh Roy,Karnataka,Karnataka PC-15,Karnataka District 4,Anganwadi Centre,"Anganwadi Centre at Colony Gate #613, Karnataka PC-15",Zilla Panchayat,731489,2025-10-30,Completed,2026-02-23,False,
W001955,MP0293,Yogesh Roy,Karnataka,Karnataka PC-15,Karnataka District 4,Health Sub-Centre Upgrade,"Health Sub-Centre Upgrade near Bus Stand #772, Karnataka PC-15",State Electricity Board,1010090,2025-10-28,Completed,2026-04-28,False,
W001956,MP0293,Yogesh Roy,Karnataka,Karnataka PC-15,Karnataka District 4,Streetlight Installation,"Streetlight Installation at Ward 3 #280, Karnataka PC-15",Municipal Corporation,339418,2025-11-26,Completed,2026-01-18,False,
W001957,MP0293,Yogesh Roy,Karnataka,Karnataka PC-15,Karnataka District 4,Anganwadi Centre,"Anganwadi Centre in Ward 7 #273, Karnataka PC-15",District Rural Dev. Agency,507327,2025-10-01,Completed,2026-01-12,False,
W001958,MP0294,Satish Gaikwad,Karnataka,Karnataka PC-16,Karnataka District 4,Streetlight Installation,"Streetlight Installation near Govt School #91, Karnataka PC-16",District Rural Dev. Agency,322919,2025-03-27,Completed,2025-04-27,False,
W001959,MP0294,Satish Gaikwad,Karnataka,Karnataka PC-16,Karnataka District 4,Drainage/Sewage,"Drainage/Sewage at Main Chowk #201, Karnataka PC-16",District Rural Dev. Agency,574382,2026-08-11,Ongoing,,False,
W001960,MP0294,Satish Gaikwad,Karnataka,Karnataka PC-16,Karnataka District 4,Public Toilet Complex,"Public Toilet Complex at Ward 3 #432, Karnataka PC-16",Rural Engineering Services,416532,2025-05-26,Completed,2025-07-30,False,
W001961,MP0294,Satish Gaikwad,Karnataka,Karnataka PC-16,Karnataka District 4,Community Hall,"Community Hall at Main Chowk #455, Karnataka PC-16",Municipal Corporation,1580606,2026-05-08,Ongoing,,False,
W001962,MP0294,Satish Gaikwad,Karnataka,Karnataka PC-16,Karnataka District 4,Community Hall,"Community Hall near Primary Health Centre #138, Karnataka PC-16",Block Development Office,1206618,2025-02-01,Completed,2025-08-20,False,
W001963,MP0294,Satish Gaikwad,Karnataka,Karnataka PC-16,Karnataka District 4,Drinking Water Supply,"Drinking Water Supply near Govt School #459, Karnataka PC-16",State Electricity Board,708963,2025-08-18,Completed,2025-10-13,False,
W001964,MP0295,Kiran Pandey,Karnataka,Karnataka PC-17,Karnataka District 5,Community Hall,"Community Hall at Colony Gate #531, Karnataka PC-17",State Water Board,1951400,2025-03-23,Completed,2025-11-20,False,
W001965,MP0295,Kiran Pandey,Karnataka,Karnataka PC-17,Karnataka District 5,Community Hall,"Community Hall near Railway Crossing #970, Karnataka PC-17",PWD Division,2472573,2025-05-14,Completed,2025-11-04,False,
W001966,MP0295,Kiran Pandey,Karnataka,Karnataka PC-17,Karnataka District 5,Road Construction/Repair,"Road Construction/Repair near Bus Depot #633, Karnataka PC-17",PWD Division,757222,2025-10-13,Completed,2026-02-17,False,
W001967,MP0295,Kiran Pandey,Karnataka,Karnataka PC-17,Karnataka District 5,School Building/Classroom,"School Building/Classroom near Govt School #859, Karnataka PC-17",Block Development Office,1167782,2026-07-05,Ongoing,,False,
W001968,MP0295,Kiran Pandey,Karnataka,Karnataka PC-17,Karnataka District 5,Road Construction/Repair,"Road Construction/Repair near Panchayat Bhavan #610, Karnataka PC-17",State Water Board,1142177,2026-02-25,Completed,2026-06-21,False,
W001969,MP0295,Kiran Pandey,Karnataka,Karnataka PC-17,Karnataka District 5,Anganwadi Centre,"Anganwadi Centre at Market Road #944, Karnataka PC-17",District Rural Dev. Agency,567079,2025-11-13,Completed,2026-02-22,False,
W001970,MP0296,Priya Barman,Karnataka,Karnataka PC-18,Karnataka District 5,Road Construction/Repair,"Road Construction/Repair at Ward 3 #228, Karnataka PC-18",Rural Engineering Services,1201003,2025-07-01,Completed,2025-10-02,False,
W001971,MP0296,Priya Barman,Karnataka,Karnataka PC-18,Karnataka District 5,School Building/Classroom,"School Building/Classroom in Sector 4 #128, Karnataka PC-18",Zilla Panchayat,1351880,2025-06-23,Completed,2025-10-24,False,
W001972,MP0296,Priya Barman,Karnataka,Karnataka PC-18,Karnataka District 5,Road Construction/Repair,"Road Construction/Repair near Community Centre #349, Karnataka PC-18",Zilla Panchayat,1358165,2025-01-18,Completed,2025-04-09,False,
W001973,MP0296,Priya Barman,Karnataka,Karnataka PC-18,Karnataka District 5,Streetlight Installation,"Streetlight Installation near Community Centre #443, Karnataka PC-18",Block Development Office,334353,2025-12-18,Completed,2026-01-22,False,
W001974,MP0296,Priya Barman,Karnataka,Karnataka PC-18,Karnataka District 5,Community Hall,"Community Hall near Railway Crossing #906, Karnataka PC-18",District Rural Dev. Agency,2470685,2025-07-19,Completed,2026-02-20,False,
W001975,MP0296,Priya Barman,Karnataka,Karnataka PC-18,Karnataka District 5,Health Sub-Centre Upgrade,"Health Sub-Centre Upgrade near Panchayat Bhavan #179, Karnataka PC-18",State Water Board,793719,2025-01-30,Completed,2025-06-13,False,
W001976,MP0296,Priya Barman,Karnataka,Karnataka PC-18,Karnataka District 5,Drainage/Sewage,"Drainage/Sewage near Railway Crossing #65, Karnataka PC-18",Municipal Corporation,565342,2024-12-28,Completed,2025-03-01,False,
W001977,MP0296,Priya Barman,Karnataka,Karnataka PC-18,Karnataka District 5,Streetlight Installation,"Streetlight Installation near Bus Depot #445, Karnataka PC-18",Municipal Corporation,305917,2025-11-09,Completed,2025-12-20,False,
W001978,MP0297,Meena Bhatt,Karnataka,Karnataka PC-19,Karnataka District 5,Health Sub-Centre Upgrade,"Health Sub-Centre Upgrade in Sector 4 #778, Karnataka PC-19",Municipal Corporation,994152,2025-12-04,Completed,2026-04-12,False,
W001979,MP0297,Meena Bhatt,Karnataka,Karnataka PC-19,Karnataka District 5,Irrigation Canal,"Irrigation Canal in Ward 12 #459, Karnataka PC-19",Zilla Panchayat,2339441,2024-12-05,Completed,2025-04-09,False,
W001980,MP0297,Meena Bhatt,Karnataka,Karnataka PC-19,Karnataka District 5,Road Construction/Repair,"Road Construction/Repair near Primary Health Centre #256, Karnataka PC-19",Municipal Corporation,1034840,2024-09-15,Completed,2025-01-07,False,
W001981,MP0297,Meena Bhatt,Karnataka,Karnataka PC-19,Karnataka District 5,Irrigation Canal,"Irrigation Canal in Ward 7 #539, Karnataka PC-19",State Water Board,1791612,2025-06-03,Completed,2025-12-20,False,
W001982,MP0297,Meena Bhatt,Karnataka,Karnataka PC-19,Karnataka District 5,Anganwadi Centre,"Anganwadi Centre near Bus Depot #986, Karnataka PC-19",PWD Division,568693,2025-02-21,Completed,2025-06-10,False,
W001983,MP0297,Meena Bhatt,Karnataka,Karnataka PC-19,Karnataka District 5,Public Toilet Complex,"Public Toilet Complex in Ward 12 #521, Karnataka PC-19",Zilla Panchayat,367161,2025-09-26,Completed,2025-11-23,False,
W001984,MP0297,Meena Bhatt,Karnataka,Karnataka PC-19,Karnataka District 5,Streetlight Installation,"Streetlight Installation near Primary Health Centre #938, Karnataka PC-19",Rural Engineering Services,237075,2025-03-14,Completed,2025-05-01,False,
W001985,MP0297,Meena Bhatt,Karnataka,Karnataka PC-19,Karnataka District 5,Health Sub-Centre Upgrade,"Health Sub-Centre Upgrade near Primary Health Centre #328, Karnataka PC-19",Zilla Panchayat,882427,2025-05-16,Completed,2025-10-09,False,
W001986,MP0297,Meena Bhatt,Karnataka,Karnataka PC-19,Karnataka District 5,Drainage/Sewage,"Drainage/Sewage in Ward 12 #228, Karnataka PC-19",Block Development Office,683306,2024-06-12,Completed,2024-09-08,False,
W001987,MP0298,Anita Mishra,Karnataka,Karnataka PC-20,Karnataka District 5,Streetlight Installation,"Streetlight Installation near Railway Crossing #723, Karnataka PC-20",PWD Division,253288,2025-03-27,Completed,2025-05-09,False,
W001988,MP0298,Anita Mishra,Karnataka,Karnataka PC-20,Karnataka District 5,Streetlight Installation,"Streetlight Installation in Sector 4 #926, Karnataka PC-20",Block Development Office,311620,2025-07-20,Completed,2025-08-29,False,
W001989,MP0298,Anita Mishra,Karnataka,Karnataka PC-20,Karnataka District 5,Road Construction/Repair,"Road Construction/Repair in Ward 7 #496, Karnataka PC-20",District Rural Dev. Agency,923792,2026-02-10,Completed,2026-07-26,False,
W001990,MP0298,Anita Mishra,Karnataka,Karnataka PC-20,Karnataka District 5,Health Sub-Centre Upgrade,"Health Sub-Centre Upgrade in Sector 4 #404, Karnataka PC-20",State Water Board,1048819,2026-04-23,Ongoing,,False,
W001991,MP0299,Poonam Pillai,Karnataka,Karnataka PC-21,Karnataka District 6,Anganwadi Centre,"Anganwadi Centre near Railway Crossing #516, Karnataka PC-21",Municipal Corporation,438426,2025-08-05,Completed,2025-11-23,False,
W001992,MP0299,Poonam Pillai,Karnataka,Karnataka PC-21,Karnataka District 6,Drinking Water Supply,"Drinking Water Supply near Temple Road #274, Karnataka PC-21",Municipal Corporation,763488,2025-06-01,Completed,2025-09-10,False,
W001993,MP0299,Poonam Pillai,Karnataka,Karnataka PC-21,Karnataka District 6,Health Sub-Centre Upgrade,"Health Sub-Centre Upgrade in Sector 4 #602, Karnataka PC-21",Zilla Panchayat,608135,2025-11-24,Completed,2026-05-18,False,
W001994,MP0299,Poonam Pillai,Karnataka,Karnataka PC-21,Karnataka District 6,Anganwadi Centre,"Anganwadi Centre near Govt School #705, Karnataka PC-21",District Rural Dev. Agency,720493,2026-04-06,Completed,2026-07-16,False,
W001995,MP0299,Poonam Pillai,Karnataka,Karnataka PC-21,Karnataka District 6,Streetlight Installation,"Streetlight Installation in Ward 7 #140, Karnataka PC-21",Municipal Corporation,367193,2026-05-18,Completed,2026-07-06,False,
W001996,MP0299,Poonam Pillai,Karnataka,Karnataka PC-21,Karnataka District 6,Drainage/Sewage,"Drainage/Sewage near Railway Crossing #531, Karnataka PC-21",District Rural Dev. Agency,766366,2026-07-05,Ongoing,,False,
W001997,MP0299,Poonam Pillai,Karnataka,Karnataka PC-21,Karnataka District 6,School Building/Classroom,"School Building/Classroom near Bus Stand #428, Karnataka PC-21",State Water Board,1446193,2026-07-25,Ongoing,,False,
W001998,MP0299,Poonam Pillai,Karnataka,Karnataka PC-21,Karnataka District 6,Anganwadi Centre,"Anganwadi Centre in Ward 12 #871, Karnataka PC-21",State Water Board,624730,2025-07-25,Completed,2025-10-02,False,
W001999,MP0299,Poonam Pillai,Karnataka,Karnataka PC-21,Karnataka District 6,Road Construction/Repair,"Road Construction/Repair near Bus Depot #6, Karnataka PC-21",Rural Engineering Services,966981,2025-09-05,Completed,2026-04-03,False,
W002000,MP0300,Sanjeev Barman,Karnataka,Karnataka PC-22,Karnataka District 6,Anganwadi Centre,"Anganwadi Centre near Bus Depot #114, Karnataka PC-22",State Electricity Board,488958,2025-11-05,Completed,2026-02-17,False,
W002001,MP0300,Sanjeev Barman,Karnataka,Karnataka PC-22,Karnataka District 6,Community Hall,"Community Hall near Panchayat Bhavan #643, Karnataka PC-22",State Electricity Board,1834401,2026-01-26,Ongoing,,False,
W002002,MP0300,Sanjeev Barman,Karnataka,Karnataka PC-22,Karnataka District 6,Streetlight Installation,"Streetlight Installation in Sector 4 #955, Karnataka PC-22",PWD Division,304034,2025-06-13,Completed,2025-07-23,False,
W002003,MP0300,Sanjeev Barman,Karnataka,Karnataka PC-22,Karnataka District 6,Public Toilet Complex,"Public Toilet Complex near Bus Depot #592, Karnataka PC-22",State Water Board,467377,2025-01-05,Completed,2025-02-15,False,
W002004,MP0300,Sanjeev Barman,Karnataka,Karnataka PC-22,Karnataka District 6,Road Construction/Repair,"Road Construction/Repair in Ward 7 #133, Karnataka PC-22",District Rural Dev. Agency,1088739,2025-01-28,Completed,2025-07-11,False,
W002005,MP0301,Arun Roy,Karnataka,Karnataka PC-23,Karnataka District 6,School Building/Classroom,"School Building/Classroom in Sector 4 #541, Karnataka PC-23",State Electricity Board,1270651,2025-09-05,Completed,2026-05-01,False,
W002006,MP0301,Arun Roy,Karnataka,Karnataka PC-23,Karnataka District 6,Drinking Water Supply,"Drinking Water Supply near Govt School #318, Karnataka PC-23",PWD Division,744445,2026-01-28,Completed,2026-04-17,False,
W002007,MP0301,Arun Roy,Karnataka,Karnataka PC-23,Karnataka District 6,Anganwadi Centre,"Anganwadi Centre near Primary Health Centre #373, Karnataka PC-23",Municipal Corporation,628499,2025-01-31,Completed,2025-05-29,False,
W002008,MP0301,Arun Roy,Karnataka,Karnataka PC-23,Karnataka District 6,Anganwadi Centre,"Anganwadi Centre near Temple Road #960, Karnataka PC-23",Zilla Panchayat,745434,2025-07-14,Completed,2025-11-02,False,
W002009,MP0301,Arun Roy,Karnataka,Karnataka PC-23,Karnataka District 6,School Building/Classroom,"School Building/Classroom near Primary Health Centre #907, Karnataka PC-23",State Electricity Board,1719304,2025-11-24,Completed,2026-04-30,False,
W002010,MP0301,Arun Roy,Karnataka,Karnataka PC-23,Karnataka District 6,Drainage/Sewage,"Drainage/Sewage in Ward 7 #715, Karnataka PC-23",Municipal Corporation,592993,2025-06-03,Completed,2025-09-08,False,
W002011,MP0301,Arun Roy,Karnataka,Karnataka PC-23,Karnataka District 6,Road Construction/Repair,"Road Construction/Repair in Sector 4 #755, Karnataka PC-23",Zilla Panchayat,1082631,2025-01-23,Completed,2025-07-02,False,
W002012,MP0302,Usha Barman,Karnataka,Karnataka PC-24,Karnataka District 6,Streetlight Installation,"Streetlight Installation in Sector 4 #718, Karnataka PC-24",PWD Division,342075,2025-04-07,Completed,2025-05-21,False,
W002013,MP0302,Usha Barman,Karnataka,Karnataka PC-24,Karnataka District 6,Public Toilet Complex,"Public Toilet Complex at Market Road #228, Karnataka PC-24",State Water Board,463571,2025-08-14,Completed,2025-10-15,False,
W002014,MP0302,Usha Barman,Karnataka,Karnataka PC-24,Karnataka District 6,Health Sub-Centre Upgrade,"Health Sub-Centre Upgrade at Village Entry Point #734, Karnataka PC-24",District Rural Dev. Agency,1188826,2024-10-01,Completed,2025-02-27,False,
W002015,MP0302,Usha Barman,Karnataka,Karnataka PC-24,Karnataka District 6,Health Sub-Centre Upgrade,"Health Sub-Centre Upgrade near Bus Depot #743, Karnataka PC-24",State Electricity Board,1110212,2025-07-13,Completed,2025-11-23,False,
W002016,MP0302,Usha Barman,Karnataka,Karnataka PC-24,Karnataka District 6,School Building/Classroom,"School Building/Classroom at Village Entry Point #411, Karnataka PC-24",State Electricity Board,1707330,2025-03-13,Completed,2025-10-17,False,
W002017,MP0302,Usha Barman,Karnataka,Karnataka PC-24,Karnataka District 6,Drainage/Sewage,"Drainage/Sewage at Market Road #722, Karnataka PC-24",Block Development Office,519675,2025-05-19,Completed,2025-08-27,False,
W002018,MP0303,Yogesh Verma,Karnataka,Karnataka PC-25,Karnataka District 7,Irrigation Canal,"Irrigation Canal in Ward 7 #540, Karnataka PC-25",Block Development Office,1636684,2026-02-13,Completed,2026-08-23,False,
W002019,MP0303,Yogesh Verma,Karnataka,Karnataka PC-25,Karnataka District 7,Drainage/Sewage,"Drainage/Sewage near Govt School #39, Karnataka PC-25",District Rural Dev. Agency,712977,2024-07-22,Completed,2024-12-07,False,
W002020,MP0303,Yogesh Verma,Karnataka,Karnataka PC-25,Karnataka District 7,Drainage/Sewage,"Drainage/Sewage in Sector 4 #369, Karnataka PC-25",State Electricity Board,868696,2025-04-04,Completed,2025-06-28,False,
W002021,MP0303,Yogesh Verma,Karnataka,Karnataka PC-25,Karnataka District 7,Road Construction/Repair,"Road Construction/Repair near Bus Depot #160, Karnataka PC-25",District Rural Dev. Agency,1134754,2025-03-01,Completed,2025-07-12,False,
W002022,MP0303,Yogesh Verma,Karnataka,Karnataka PC-25,Karnataka District 7,Public Toilet Complex,"Public Toilet Complex in Ward 7 #507, Karnataka PC-25",State Electricity Board,365715,2025-10-03,Completed,2025-12-17,False,
W002023,MP0304,Ravi Naidu,Karnataka,Karnataka PC-26,Karnataka District 7,Anganwadi Centre,"Anganwadi Centre near Railway Crossing #216, Karnataka PC-26",State Electricity Board,579709,2025-03-03,Completed,2025-07-07,False,
W002024,MP0304,Ravi Naidu,Karnataka,Karnataka PC-26,Karnataka District 7,Health Sub-Centre Upgrade,"Health Sub-Centre Upgrade near Govt School #963, Karnataka PC-26",Block Development Office,1057627,2025-07-16,Completed,2026-02-19,False,
W002025,MP0304,Ravi Naidu,Karnataka,Karnataka PC-26,Karnataka District 7,Drinking Water Supply,"Drinking Water Supply at Market Road #915, Karnataka PC-26",Block Development Office,665301,2025-03-06,Completed,2025-06-23,False,
W002026,MP0304,Ravi Naidu,Karnataka,Karnataka PC-26,Karnataka District 7,Public Toilet Complex,"Public Toilet Complex in Sector 4 #66, Karnataka PC-26",PWD Division,454237,2026-03-07,Completed,2026-05-06,False,
W002027,MP0304,Ravi Naidu,Karnataka,Karnataka PC-26,Karnataka District 7,Public Toilet Complex,"Public Toilet Complex at Market Road #737, Karnataka PC-26",Rural Engineering Services,416982,2026-05-29,Completed,2026-08-18,False,
W002028,MP0304,Ravi Naidu,Karnataka,Karnataka PC-26,Karnataka District 7,Road Construction/Repair,"Road Construction/Repair near Temple Road #200, Karnataka PC-26",State Electricity Board,1140739,2025-07-21,Completed,2025-12-01,False,
W002029,MP0304,Ravi Naidu,Karnataka,Karnataka PC-26,Karnataka District 7,Irrigation Canal,"Irrigation Canal near Panchayat Bhavan #474, Karnataka PC-26",Municipal Corporation,2000589,2025-11-28,Completed,2026-06-11,False,
W002030,MP0304,Ravi Naidu,Karnataka,Karnataka PC-26,Karnataka District 7,Irrigation Canal,"Irrigation Canal near Bus Depot #440, Karnataka PC-26",District Rural Dev. Agency,1982898,2025-07-31,Completed,2026-01-05,False,
W002031,MP0305,Geeta Deshmukh,Karnataka,Karnataka PC-27,Karnataka District 7,Community Hall,"Community Hall at Village Entry Point #391, Karnataka PC-27",Municipal Corporation,2397308,2024-10-08,Completed,2025-05-04,False,
W002032,MP0305,Geeta Deshmukh,Karnataka,Karnataka PC-27,Karnataka District 7,Public Toilet Complex,"Public Toilet Complex in Sector 4 #200, Karnataka PC-27",District Rural Dev. Agency,410945,2025-05-12,Completed,2025-07-23,False,
W002033,MP0305,Geeta Deshmukh,Karnataka,Karnataka PC-27,Karnataka District 7,Streetlight Installation,"Streetlight Installation at Main Chowk #5, Karnataka PC-27",State Electricity Board,262960,2025-11-12,Completed,2025-12-15,False,
W002034,MP0305,Geeta Deshmukh,Karnataka,Karnataka PC-27,Karnataka District 7,Drainage/Sewage,"Drainage/Sewage near Bus Stand #851, Karnataka PC-27",PWD Division,778094,2025-09-02,Completed,2026-01-09,False,
W002035,MP0305,Geeta Deshmukh,Karnataka,Karnataka PC-27,Karnataka District 7,Health Sub-Centre Upgrade,"Health Sub-Centre Upgrade in Ward 12 #745, Karnataka PC-27",State Electricity Board,1117999,2025-07-06,Completed,2025-11-28,False,
W002036,MP0305,Geeta Deshmukh,Karnataka,Karnataka PC-27,Karnataka District 7,Community Hall,"Community Hall near Temple Road #944, Karnataka PC-27",District Rural Dev. Agency,1860422,2024-10-05,Completed,2025-02-22,False,
W002037,MP0305,Geeta Deshmukh,Karnataka,Karnataka PC-27,Karnataka District 7,Streetlight Installation,"Streetlight Installation near Temple Road #683, Karnataka PC-27",Municipal Corporation,352860,2025-08-09,Completed,2025-10-15,False,
W002038,MP0305,Geeta Deshmukh,Karnataka,Karnataka PC-27,Karnataka District 7,Road Construction/Repair,"Road Construction/Repair near Bus Stand #573, Karnataka PC-27",Municipal Corporation,1179201,2025-03-05,Completed,2025-07-12,False,
W002039,MP0305,Geeta Deshmukh,Karnataka,Karnataka PC-27,Karnataka District 7,Irrigation Canal,"Irrigation Canal near Primary Health Centre #896, Karnataka PC-27",State Water Board,1597665,2026-01-28,Ongoing,,False,
W002040,MP0306,Rekha Thakur,Karnataka,Karnataka PC-28,Karnataka District 7,Community Hall,"Community Hall at Main Chowk #658, Karnataka PC-28",State Water Board,2109976,2025-05-07,Completed,2025-08-31,False,
W002041,MP0306,Rekha Thakur,Karnataka,Karnataka PC-28,Karnataka District 7,Irrigation Canal,"Irrigation Canal in Ward 7 #776, Karnataka PC-28",State Electricity Board,1629118,2025-11-03,Ongoing,,False,
W002042,MP0306,Rekha Thakur,Karnataka,Karnataka PC-28,Karnataka District 7,Streetlight Installation,"Streetlight Installation in Ward 7 #54, Karnataka PC-28",State Water Board,330504,2025-09-20,Completed,2025-10-23,False,
W002043,MP0306,Rekha Thakur,Karnataka,Karnataka PC-28,Karnataka District 7,Streetlight Installation,"Streetlight Installation at Market Road #195, Karnataka PC-28",State Water Board,377826,2025-01-25,Completed,2025-03-11,False,
W002044,MP0306,Rekha Thakur,Karnataka,Karnataka PC-28,Karnataka District 7,Health Sub-Centre Upgrade,"Health Sub-Centre Upgrade at Ward 3 #79, Karnataka PC-28",Rural Engineering Services,1238011,2025-06-19,Completed,2025-11-26,False,
W002045,MP0306,Rekha Thakur,Karnataka,Karnataka PC-28,Karnataka District 7,Irrigation Canal,"Irrigation Canal near Temple Road #992, Karnataka PC-28",Block Development Office,1971477,2024-11-21,Completed,2025-09-17,False,
W002046,MP0306,Rekha Thakur,Karnataka,Karnataka PC-28,Karnataka District 7,Health Sub-Centre Upgrade,"Health Sub-Centre Upgrade at Market Road #917, Karnataka PC-28",Block Development Office,1178607,2025-11-22,Ongoing,,False,
W002047,MP0307,Vijay Rathore,Gujarat,Gujarat PC-1,Gujarat District 1,Road Construction/Repair,"Road Construction/Repair near Temple Road #808, Gujarat PC-1",Municipal Corporation,1299559,2025-05-14,Completed,2025-11-12,False,
W002048,MP0307,Vijay Rathore,Gujarat,Gujarat PC-1,Gujarat District 1,School Building/Classroom,"School Building/Classroom near Panchayat Bhavan #258, Gujarat PC-1",State Electricity Board,1323004,2025-08-06,Completed,2026-03-08,False,
W002049,MP0307,Vijay Rathore,Gujarat,Gujarat PC-1,Gujarat District 1,Drinking Water Supply,"Drinking Water Supply at Main Chowk #325, Gujarat PC-1",PWD Division,400000,2025-09-20,Completed,2025-12-10,False,
W002050,MP0307,Vijay Rathore,Gujarat,Gujarat PC-1,Gujarat District 1,Irrigation Canal,"Irrigation Canal at Colony Gate #296, Gujarat PC-1",Municipal Corporation,1828148,2026-02-10,Ongoing,,False,
W002051,MP0307,Vijay Rathore,Gujarat,Gujarat PC-1,Gujarat District 1,Drinking Water Supply,"Drinking Water Supply near Bus Stand #363, Gujarat PC-1",District Rural Dev. Agency,876330,2025-01-25,Completed,2025-04-17,False,
W002052,MP0308,Usha Bhatt,Gujarat,Gujarat PC-2,Gujarat District 1,School Building/Classroom,"School Building/Classroom at Ward 3 #511, Gujarat PC-2",State Water Board,1896138,2026-01-20,Completed,2026-07-24,False,
W002053,MP0308,Usha Bhatt,Gujarat,Gujarat PC-2,Gujarat District 1,Drinking Water Supply,"Drinking Water Supply at Ward 3 #344, Gujarat PC-2",Municipal Corporation,514127,2025-12-30,Completed,2026-02-28,False,
W002054,MP0308,Usha Bhatt,Gujarat,Gujarat PC-2,Gujarat District 1,Drinking Water Supply,"Drinking Water Supply near Primary Health Centre #165, Gujarat PC-2",State Water Board,770984,2025-04-10,Completed,2025-07-16,False,
W002055,MP0308,Usha Bhatt,Gujarat,Gujarat PC-2,Gujarat District 1,Health Sub-Centre Upgrade,"Health Sub-Centre Upgrade at Ward 3 #891, Gujarat PC-2",Block Development Office,887840,2025-03-02,Completed,2025-08-24,False,
W002056,MP0308,Usha Bhatt,Gujarat,Gujarat PC-2,Gujarat District 1,Streetlight Installation,"Streetlight Installation at Colony Gate #524, Gujarat PC-2",PWD Division,278984,2024-10-21,Completed,2024-11-26,False,
W002057,MP0308,Usha Bhatt,Gujarat,Gujarat PC-2,Gujarat District 1,Irrigation Canal,"Irrigation Canal in Ward 12 #812, Gujarat PC-2",State Electricity Board,1148656,2025-10-27,Completed,2026-04-28,False,
W002058,MP0308,Usha Bhatt,Gujarat,Gujarat PC-2,Gujarat District 1,Drainage/Sewage,"Drainage/Sewage at Market Road #444, Gujarat PC-2",Block Development Office,764269,2025-09-29,Completed,2026-01-16,False,
W002059,MP0308,Usha Bhatt,Gujarat,Gujarat PC-2,Gujarat District 1,Health Sub-Centre Upgrade,"Health Sub-Centre Upgrade near Bus Stand #809, Gujarat PC-2",Rural Engineering Services,1063564,2025-10-08,Completed,2026-03-21,False,
W002060,MP0309,Prakash Banerjee,Gujarat,Gujarat PC-3,Gujarat District 1,Anganwadi Centre,"Anganwadi Centre in Sector 4 #611, Gujarat PC-3",Rural Engineering Services,532409,2026-01-27,Completed,2026-05-16,False,
W002061,MP0309,Prakash Banerjee,Gujarat,Gujarat PC-3,Gujarat District 1,Community Hall,"Community Hall near Bus Depot #246, Gujarat PC-3",Zilla Panchayat,1548503,2025-02-26,Completed,2025-08-09,False,
W002062,MP0309,Prakash Banerjee,Gujarat,Gujarat PC-3,Gujarat District 1,Community Hall,"Community Hall at Village Entry Point #952, Gujarat PC-3",State Electricity Board,1718144,2025-10-04,Completed,2026-04-18,False,
W002063,MP0309,Prakash Banerjee,Gujarat,Gujarat PC-3,Gujarat District 1,Streetlight Installation,"Streetlight Installation in Ward 12 #739, Gujarat PC-3",State Water Board,358894,2024-11-24,Completed,2025-01-10,False,
W002064,MP0309,Prakash Banerjee,Gujarat,Gujarat PC-3,Gujarat District 1,Community Hall,"Community Hall near Bus Depot #404, Gujarat PC-3",State Electricity Board,1846330,2025-02-05,Completed,2025-07-13,False,
W002065,MP0309,Prakash Banerjee,Gujarat,Gujarat PC-3,Gujarat District 1,Irrigation Canal,"Irrigation Canal in Sector 4 #594, Gujarat PC-3",Rural Engineering Services,2019825,2024-11-03,Completed,2025-06-01,False,
W002066,MP0309,Prakash Banerjee,Gujarat,Gujarat PC-3,Gujarat District 1,Road Construction/Repair,"Road Construction/Repair in Ward 12 #739, Gujarat PC-3",Rural Engineering Services,1467288,2025-04-29,Completed,2025-09-20,False,
W002067,MP0309,Prakash Banerjee,Gujarat,Gujarat PC-3,Gujarat District 1,Anganwadi Centre,"Anganwadi Centre near Bus Depot #613, Gujarat PC-3",State Water Board,626240,2025-05-04,Completed,2025-08-26,False,
W002068,MP0309,Prakash Banerjee,Gujarat,Gujarat PC-3,Gujarat District 1,Road Construction/Repair,"Road Construction/Repair near Bus Depot #892, Gujarat PC-3",Rural Engineering Services,1020575,2026-05-20,Ongoing,,False,
W002069,MP0310,Poonam Thakur,Gujarat,Gujarat PC-4,Gujarat District 1,Irrigation Canal,"Irrigation Canal at Main Chowk #986, Gujarat PC-4",Zilla Panchayat,2063970,2024-11-15,Completed,2025-06-16,False,
W002070,MP0310,Poonam Thakur,Gujarat,Gujarat PC-4,Gujarat District 1,Anganwadi Centre,"Anganwadi Centre near Temple Road #105, Gujarat PC-4",State Electricity Board,736305,2025-07-15,Completed,2025-10-26,False,
W002071,MP0310,Poonam Thakur,Gujarat,Gujarat PC-4,Gujarat District 1,Public Toilet Complex,"Public Toilet Complex near Panchayat Bhavan #601, Gujarat PC-4",District Rural Dev. Agency,266217,2025-09-25,Completed,2025-11-17,False,
W002072,MP0310,Poonam Thakur,Gujarat,Gujarat PC-4,Gujarat District 1,Drinking Water Supply,"Drinking Water Supply at Main Chowk #839, Gujarat PC-4",State Electricity Board,603998,2026-07-29,Ongoing,,False,
W002073,MP0311,Anita Das,Gujarat,Gujarat PC-5,Gujarat District 2,Irrigation Canal,"Irrigation Canal near Govt School #194, Gujarat PC-5",PWD Division,1718151,2025-08-28,Completed,2026-04-26,False,
W002074,MP0311,Anita Das,Gujarat,Gujarat PC-5,Gujarat District 2,Anganwadi Centre,"Anganwadi Centre near Bus Stand #570, Gujarat PC-5",Municipal Corporation,484579,2025-04-24,Completed,2025-08-08,False,
W002075,MP0311,Anita Das,Gujarat,Gujarat PC-5,Gujarat District 2,Public Toilet Complex,"Public Toilet Complex near Panchayat Bhavan #937, Gujarat PC-5",Zilla Panchayat,495194,2025-03-09,Completed,2025-05-07,False,
W002076,MP0311,Anita Das,Gujarat,Gujarat PC-5,Gujarat District 2,Public Toilet Complex,"Public Toilet Complex near Bus Stand #168, Gujarat PC-5",PWD Division,408395,2025-01-19,Completed,2025-03-24,False,
W002077,MP0311,Anita Das,Gujarat,Gujarat PC-5,Gujarat District 2,Health Sub-Centre Upgrade,"Health Sub-Centre Upgrade near Govt School #877, Gujarat PC-5",Rural Engineering Services,1093950,2024-09-24,Completed,2025-03-19,False,
W002078,MP0311,Anita Das,Gujarat,Gujarat PC-5,Gujarat District 2,School Building/Classroom,"School Building/Classroom at Colony Gate #519, Gujarat PC-5",District Rural Dev. Agency,1358012,2025-11-05,Completed,2026-04-25,False,
W002079,MP0311,Anita Das,Gujarat,Gujarat PC-5,Gujarat District 2,Road Construction/Repair,"Road Construction/Repair at Market Road #59, Gujarat PC-5",State Water Board,1280671,2025-03-23,Completed,2025-08-18,False,
W002080,MP0311,Anita Das,Gujarat,Gujarat PC-5,Gujarat District 2,School Building/Classroom,"School Building/Classroom at Main Chowk #753, Gujarat PC-5",Municipal Corporation,1500000,2024-06-15,Ongoing,,True,stuck_ongoing
W002081,MP0312,Deepak Joshi,Gujarat,Gujarat PC-6,Gujarat District 2,Streetlight Installation,"Streetlight Installation near Bus Stand #857, Gujarat PC-6",Zilla Panchayat,245588,2025-07-26,Completed,2025-09-14,False,
W002082,MP0312,Deepak Joshi,Gujarat,Gujarat PC-6,Gujarat District 2,Anganwadi Centre,"Anganwadi Centre at Main Chowk #870, Gujarat PC-6",Municipal Corporation,790713,2025-09-22,Completed,2025-12-26,False,
W002083,MP0312,Deepak Joshi,Gujarat,Gujarat PC-6,Gujarat District 2,Health Sub-Centre Upgrade,"Health Sub-Centre Upgrade near Bus Depot #389, Gujarat PC-6",PWD Division,1025905,2025-11-30,Completed,2026-05-18,False,
W002084,MP0312,Deepak Joshi,Gujarat,Gujarat PC-6,Gujarat District 2,Road Construction/Repair,"Road Construction/Repair at Main Chowk #210, Gujarat PC-6",State Water Board,1348514,2025-08-22,Completed,2026-01-27,False,
W002085,MP0312,Deepak Joshi,Gujarat,Gujarat PC-6,Gujarat District 2,Irrigation Canal,"Irrigation Canal in Ward 7 #361, Gujarat PC-6",Municipal Corporation,1933121,2025-09-15,Completed,2026-03-06,False,
W002086,MP0312,Deepak Joshi,Gujarat,Gujarat PC-6,Gujarat District 2,Community Hall,"Community Hall near Temple Road #762, Gujarat PC-6",Zilla Panchayat,2376167,2025-04-27,Completed,2025-09-08,False,
W002087,MP0312,Deepak Joshi,Gujarat,Gujarat PC-6,Gujarat District 2,Streetlight Installation,"Streetlight Installation in Sector 4 #147, Gujarat PC-6",State Water Board,327067,2025-07-28,Completed,2025-09-12,False,
W002088,MP0312,Deepak Joshi,Gujarat,Gujarat PC-6,Gujarat District 2,Health Sub-Centre Upgrade,"Health Sub-Centre Upgrade at Ward 3 #304, Gujarat PC-6",State Water Board,1126861,2025-02-09,Completed,2025-07-12,False,
W002089,MP0312,Deepak Joshi,Gujarat,Gujarat PC-6,Gujarat District 2,Streetlight Installation,"Streetlight Installation near Bus Stand #857, Gujarat PC-6 (Phase II)",Zilla Panchayat,326854,2025-08-18,Sanctioned,,True,duplicate_work
W002090,MP0313,Naresh Gupta,Gujarat,Gujarat PC-7,Gujarat District 2,Drinking Water Supply,"Drinking Water Supply in Sector 4 #953, Gujarat PC-7",District Rural Dev. Agency,889149,2025-10-10,Completed,2025-12-21,False,
W002091,MP0313,Naresh Gupta,Gujarat,Gujarat PC-7,Gujarat District 2,Health Sub-Centre Upgrade,"Health Sub-Centre Upgrade at Colony Gate #24, Gujarat PC-7",Zilla Panchayat,702906,2025-05-16,Completed,2025-09-30,False,
W002092,MP0313,Naresh Gupta,Gujarat,Gujarat PC-7,Gujarat District 2,Health Sub-Centre Upgrade,"Health Sub-Centre Upgrade near Panchayat Bhavan #408, Gujarat PC-7",Municipal Corporation,1062918,2025-09-29,Completed,2026-02-21,False,
W002093,MP0313,Naresh Gupta,Gujarat,Gujarat PC-7,Gujarat District 2,Drinking Water Supply,"Drinking Water Supply at Main Chowk #391, Gujarat PC-7",State Water Board,693910,2024-07-14,Completed,2024-09-28,False,
W002094,MP0313,Naresh Gupta,Gujarat,Gujarat PC-7,Gujarat District 2,Health Sub-Centre Upgrade,"Health Sub-Centre Upgrade near Temple Road #936, Gujarat PC-7",Rural Engineering Services,1215511,2024-12-17,Completed,2025-06-30,False,
W002095,MP0313,Naresh Gupta,Gujarat,Gujarat PC-7,Gujarat District 2,Health Sub-Centre Upgrade,"Health Sub-Centre Upgrade near Railway Crossing #995, Gujarat PC-7",District Rural Dev. Agency,1091836,2025-05-30,Completed,2025-11-03,False,
W002096,MP0313,Naresh Gupta,Gujarat,Gujarat PC-7,Gujarat District 2,Drainage/Sewage,"Drainage/Sewage near Primary Health Centre #842, Gujarat PC-7",PWD Division,540428,2025-01-25,Completed,2025-05-16,False,
W002097,MP0314,Neelam Mehta,Gujarat,Gujarat PC-8,Gujarat District 2,Drinking Water Supply,"Drinking Water Supply in Ward 7 #94, Gujarat PC-8",District Rural Dev. Agency,753425,2025-06-06,Completed,2025-08-13,False,
W002098,MP0314,Neelam Mehta,Gujarat,Gujarat PC-8,Gujarat District 2,Drainage/Sewage,"Drainage/Sewage near Temple Road #516, Gujarat PC-8",State Water Board,773056,2025-08-15,Completed,2025-10-21,False,
W002099,MP0314,Neelam Mehta,Gujarat,Gujarat PC-8,Gujarat District 2,Anganwadi Centre,"Anganwadi Centre in Sector 4 #886, Gujarat PC-8",PWD Division,687156,2025-05-12,Completed,2025-09-29,False,
W002100,MP0314,Neelam Mehta,Gujarat,Gujarat PC-8,Gujarat District 2,Anganwadi Centre,"Anganwadi Centre near Panchayat Bhavan #559, Gujarat PC-8",State Water Board,645584,2025-05-23,Completed,2025-08-15,False,
W002101,MP0314,Neelam Mehta,Gujarat,Gujarat PC-8,Gujarat District 2,Road Construction/Repair,"Road Construction/Repair at Ward 3 #120, Gujarat PC-8",Rural Engineering Services,1051356,2025-11-12,Completed,2026-05-28,False,
W002102,MP0314,Neelam Mehta,Gujarat,Gujarat PC-8,Gujarat District 2,School Building/Classroom,"School Building/Classroom in Ward 7 #397, Gujarat PC-8",District Rural Dev. Agency,1711063,2026-05-14,Ongoing,,False,
W002103,MP0314,Neelam Mehta,Gujarat,Gujarat PC-8,Gujarat District 2,Road Construction/Repair,"Road Construction/Repair near Bus Stand #549, Gujarat PC-8",Block Development Office,1005245,2025-01-28,Completed,2025-05-18,False,
W002104,MP0314,Neelam Mehta,Gujarat,Gujarat PC-8,Gujarat District 2,Drinking Water Supply,"Drinking Water Supply at Ward 3 #735, Gujarat PC-8",Zilla Panchayat,637419,2026-01-02,Completed,2026-04-16,False,
W002105,MP0315,Kavita Choudhary,Gujarat,Gujarat PC-9,Gujarat District 3,Anganwadi Centre,"Anganwadi Centre in Ward 7 #982, Gujarat PC-9",Zilla Panchayat,710108,2024-11-28,Completed,2025-01-29,False,
W002106,MP0315,Kavita Choudhary,Gujarat,Gujarat PC-9,Gujarat District 3,Drainage/Sewage,"Drainage/Sewage near Temple Road #86, Gujarat PC-9",State Electricity Board,711258,2025-03-05,Completed,2025-06-18,False,
W002107,MP0315,Kavita Choudhary,Gujarat,Gujarat PC-9,Gujarat District 3,Irrigation Canal,"Irrigation Canal near Temple Road #375, Gujarat PC-9",District Rural Dev. Agency,1938668,2025-08-12,Completed,2026-03-29,False,
W002108,MP0315,Kavita Choudhary,Gujarat,Gujarat PC-9,Gujarat District 3,Drinking Water Supply,"Drinking Water Supply at Colony Gate #563, Gujarat PC-9",Municipal Corporation,694355,2025-11-07,Completed,2026-02-18,False,
W002109,MP0315,Kavita Choudhary,Gujarat,Gujarat PC-9,Gujarat District 3,Anganwadi Centre,"Anganwadi Centre near Railway Crossing #219, Gujarat PC-9",Zilla Panchayat,484352,2024-08-11,Completed,2024-11-21,False,
W002110,MP0316,Usha Pillai,Gujarat,Gujarat PC-10,Gujarat District 3,Drinking Water Supply,"Drinking Water Supply near Panchayat Bhavan #643, Gujarat PC-10",Municipal Corporation,690293,2024-12-23,Completed,2025-03-24,False,
W002111,MP0316,Usha Pillai,Gujarat,Gujarat PC-10,Gujarat District 3,Irrigation Canal,"Irrigation Canal in Ward 7 #406, Gujarat PC-10",Block Development Office,1804337,2025-09-16,Completed,2026-05-08,False,
W002112,MP0316,Usha Pillai,Gujarat,Gujarat PC-10,Gujarat District 3,Public Toilet Complex,"Public Toilet Complex near Railway Crossing #882, Gujarat PC-10",Rural Engineering Services,457133,2025-12-26,Completed,2026-02-28,False,
W002113,MP0316,Usha Pillai,Gujarat,Gujarat PC-10,Gujarat District 3,Road Construction/Repair,"Road Construction/Repair near Temple Road #953, Gujarat PC-10",State Electricity Board,1082981,2025-06-22,Completed,2025-10-26,False,
W002114,MP0316,Usha Pillai,Gujarat,Gujarat PC-10,Gujarat District 3,Drinking Water Supply,"Drinking Water Supply in Sector 4 #505, Gujarat PC-10",State Electricity Board,584481,2025-03-17,Completed,2025-05-29,False,
W002115,MP0316,Usha Pillai,Gujarat,Gujarat PC-10,Gujarat District 3,Road Construction/Repair,"Road Construction/Repair near Bus Stand #407, Gujarat PC-10",Block Development Office,1249736,2025-02-27,Completed,2025-07-10,False,
W002116,MP0316,Usha Pillai,Gujarat,Gujarat PC-10,Gujarat District 3,Streetlight Installation,"Streetlight Installation near Railway Crossing #266, Gujarat PC-10",Rural Engineering Services,320396,2025-01-06,Completed,2025-02-14,False,
W002117,MP0316,Usha Pillai,Gujarat,Gujarat PC-10,Gujarat District 3,Streetlight Installation,"Streetlight Installation near Panchayat Bhavan #739, Gujarat PC-10",District Rural Dev. Agency,320416,2024-12-30,Completed,2025-02-07,False,
W002118,MP0316,Usha Pillai,Gujarat,Gujarat PC-10,Gujarat District 3,Public Toilet Complex,"Public Toilet Complex near Primary Health Centre #500, Gujarat PC-10",PWD Division,401831,2024-11-19,Completed,2025-01-21,False,
W002119,MP0316,Usha Pillai,Gujarat,Gujarat PC-10,Gujarat District 3,Public Toilet Complex,"Public Toilet Complex in Ward 7 #569, Gujarat PC-10",Block Development Office,1330964,2025-04-09,Sanctioned,,True,cost_outlier
W002120,MP0317,Vijay Naidu,Gujarat,Gujarat PC-11,Gujarat District 3,Public Toilet Complex,"Public Toilet Complex at Main Chowk #75, Gujarat PC-11",State Water Board,438146,2025-05-21,Completed,2025-07-19,False,
W002121,MP0317,Vijay Naidu,Gujarat,Gujarat PC-11,Gujarat District 3,Streetlight Installation,"Streetlight Installation near Railway Crossing #712, Gujarat PC-11",Block Development Office,245250,2024-11-18,Completed,2025-01-05,False,
W002122,MP0317,Vijay Naidu,Gujarat,Gujarat PC-11,Gujarat District 3,Drinking Water Supply,"Drinking Water Supply at Colony Gate #263, Gujarat PC-11",Municipal Corporation,729857,2025-09-01,Completed,2025-11-26,False,
W002123,MP0317,Vijay Naidu,Gujarat,Gujarat PC-11,Gujarat District 3,School Building/Classroom,"School Building/Classroom at Market Road #995, Gujarat PC-11",Municipal Corporation,1804266,2025-12-04,Ongoing,,False,
W002124,MP0317,Vijay Naidu,Gujarat,Gujarat PC-11,Gujarat District 3,Public Toilet Complex,"Public Toilet Complex at Market Road #473, Gujarat PC-11",PWD Division,458475,2024-07-09,Completed,2024-09-17,False,
W002125,MP0317,Vijay Naidu,Gujarat,Gujarat PC-11,Gujarat District 3,Drinking Water Supply,"Drinking Water Supply near Temple Road #774, Gujarat PC-11",Zilla Panchayat,729478,2025-02-01,Completed,2025-05-27,False,
W002126,MP0317,Vijay Naidu,Gujarat,Gujarat PC-11,Gujarat District 3,Public Toilet Complex,"Public Toilet Complex near Temple Road #782, Gujarat PC-11",State Electricity Board,317415,2024-12-28,Completed,2025-02-26,False,
W002127,MP0317,Vijay Naidu,Gujarat,Gujarat PC-11,Gujarat District 3,Public Toilet Complex,"Public Toilet Complex at Ward 3 #707, Gujarat PC-11",Municipal Corporation,250192,2025-05-14,Completed,2025-07-10,False,
W002128,MP0318,Sanjay Joshi,Gujarat,Gujarat PC-12,Gujarat District 3,Streetlight Installation,"Streetlight Installation at Market Road #338, Gujarat PC-12",Zilla Panchayat,336463,2026-07-01,Completed,2026-08-13,False,
W002129,MP0318,Sanjay Joshi,Gujarat,Gujarat PC-12,Gujarat District 3,Public Toilet Complex,"Public Toilet Complex near Temple Road #187, Gujarat PC-12",State Water Board,454517,2025-04-09,Completed,2025-06-23,False,
W002130,MP0318,Sanjay Joshi,Gujarat,Gujarat PC-12,Gujarat District 3,Community Hall,"Community Hall near Primary Health Centre #175, Gujarat PC-12",Block Development Office,1825287,2026-03-20,Ongoing,,False,
W002131,MP0318,Sanjay Joshi,Gujarat,Gujarat PC-12,Gujarat District 3,School Building/Classroom,"School Building/Classroom near Govt School #584, Gujarat PC-12",State Water Board,1693957,2025-12-16,Completed,2026-07-10,False,
W002132,MP0318,Sanjay Joshi,Gujarat,Gujarat PC-12,Gujarat District 3,Public Toilet Complex,"Public Toilet Complex in Ward 12 #688, Gujarat PC-12",State Electricity Board,498395,2025-09-26,Completed,2025-11-11,False,
W002133,MP0318,Sanjay Joshi,Gujarat,Gujarat PC-12,Gujarat District 3,Irrigation Canal,"Irrigation Canal near Bus Depot #22, Gujarat PC-12",Zilla Panchayat,2178049,2025-02-13,Completed,2025-11-14,False,
W002134,MP0319,Rajesh Das,Gujarat,Gujarat PC-13,Gujarat District 4,Streetlight Installation,"Streetlight Installation at Main Chowk #387, Gujarat PC-13",Municipal Corporation,314509,2025-07-20,Completed,2025-08-29,False,
W002135,MP0319,Rajesh Das,Gujarat,Gujarat PC-13,Gujarat District 4,Streetlight Installation,"Streetlight Installation near Bus Stand #990, Gujarat PC-13",State Electricity Board,351310,2025-03-02,Completed,2025-04-30,False,
W002136,MP0319,Rajesh Das,Gujarat,Gujarat PC-13,Gujarat District 4,Community Hall,"Community Hall at Market Road #781, Gujarat PC-13",Block Development Office,2348265,2025-02-27,Completed,2025-09-03,False,
W002137,MP0319,Rajesh Das,Gujarat,Gujarat PC-13,Gujarat District 4,Health Sub-Centre Upgrade,"Health Sub-Centre Upgrade near Railway Crossing #551, Gujarat PC-13",State Water Board,720926,2026-02-27,Completed,2026-06-26,False,
W002138,MP0319,Rajesh Das,Gujarat,Gujarat PC-13,Gujarat District 4,Drainage/Sewage,"Drainage/Sewage near Community Centre #687, Gujarat PC-13",Zilla Panchayat,631785,2025-01-18,Completed,2025-05-24,False,
W002139,MP0319,Rajesh Das,Gujarat,Gujarat PC-13,Gujarat District 4,Drinking Water Supply,"Drinking Water Supply near Temple Road #632, Gujarat PC-13",PWD Division,777862,2025-07-06,Completed,2025-11-11,False,
W002140,MP0319,Rajesh Das,Gujarat,Gujarat PC-13,Gujarat District 4,Health Sub-Centre Upgrade,"Health Sub-Centre Upgrade at Colony Gate #848, Gujarat PC-13",State Electricity Board,1166687,2026-02-08,Completed,2026-06-25,False,
W002141,MP0319,Rajesh Das,Gujarat,Gujarat PC-13,Gujarat District 4,Public Toilet Complex,"Public Toilet Complex near Govt School #310, Gujarat PC-13",Zilla Panchayat,459039,2026-01-23,Completed,2026-03-18,False,
W002142,MP0320,Ramesh Mehta,Gujarat,Gujarat PC-14,Gujarat District 4,Health Sub-Centre Upgrade,"Health Sub-Centre Upgrade at Village Entry Point #234, Gujarat PC-14",Zilla Panchayat,810496,2024-09-08,Completed,2025-03-05,False,
W002143,MP0320,Ramesh Mehta,Gujarat,Gujarat PC-14,Gujarat District 4,Health Sub-Centre Upgrade,"Health Sub-Centre Upgrade at Ward 3 #589, Gujarat PC-14",Rural Engineering Services,754196,2025-05-28,Completed,2025-10-22,False,
W002144,MP0320,Ramesh Mehta,Gujarat,Gujarat PC-14,Gujarat District 4,Drainage/Sewage,"Drainage/Sewage near Community Centre #177, Gujarat PC-14",Rural Engineering Services,763507,2025-07-19,Completed,2025-10-29,False,
W002145,MP0320,Ramesh Mehta,Gujarat,Gujarat PC-14,Gujarat District 4,Health Sub-Centre Upgrade,"Health Sub-Centre Upgrade in Sector 4 #449, Gujarat PC-14",Municipal Corporation,1285303,2025-06-23,Completed,2025-11-14,False,
W002146,MP0321,Mahesh Sharma,Gujarat,Gujarat PC-15,Gujarat District 4,Health Sub-Centre Upgrade,"Health Sub-Centre Upgrade in Ward 7 #358, Gujarat PC-15",State Water Board,1148626,2025-05-07,Completed,2025-10-12,False,
W002147,MP0321,Mahesh Sharma,Gujarat,Gujarat PC-15,Gujarat District 4,Public Toilet Complex,"Public Toilet Complex at Village Entry Point #481, Gujarat PC-15",PWD Division,367676,2025-08-20,Completed,2025-10-09,False,
W002148,MP0321,Mahesh Sharma,Gujarat,Gujarat PC-15,Gujarat District 4,Irrigation Canal,"Irrigation Canal at Market Road #123, Gujarat PC-15",PWD Division,2069951,2026-03-06,Ongoing,,False,
W002149,MP0321,Mahesh Sharma,Gujarat,Gujarat PC-15,Gujarat District 4,School Building/Classroom,"School Building/Classroom near Bus Stand #240, Gujarat PC-15",Municipal Corporation,1535748,2024-11-06,Completed,2025-04-17,False,
W002150,MP0321,Mahesh Sharma,Gujarat,Gujarat PC-15,Gujarat District 4,Drinking Water Supply,"Drinking Water Supply near Temple Road #207, Gujarat PC-15",Rural Engineering Services,1027984,2025-06-09,Completed,2025-09-19,False,
W002151,MP0322,Neelam Nair,Gujarat,Gujarat PC-16,Gujarat District 4,Road Construction/Repair,"Road Construction/Repair near Panchayat Bhavan #76, Gujarat PC-16",District Rural Dev. Agency,1397835,2026-07-13,Ongoing,,False,
W002152,MP0322,Neelam Nair,Gujarat,Gujarat PC-16,Gujarat District 4,Public Toilet Complex,"Public Toilet Complex in Ward 12 #579, Gujarat PC-16",District Rural Dev. Agency,370541,2024-11-20,Completed,2025-01-31,False,
W002153,MP0322,Neelam Nair,Gujarat,Gujarat PC-16,Gujarat District 4,Public Toilet Complex,"Public Toilet Complex in Sector 4 #352, Gujarat PC-16",Rural Engineering Services,470173,2025-04-16,Completed,2025-06-07,False,
W002154,MP0322,Neelam Nair,Gujarat,Gujarat PC-16,Gujarat District 4,Anganwadi Centre,"Anganwadi Centre at Main Chowk #753, Gujarat PC-16",State Electricity Board,485677,2025-02-01,Completed,2025-04-17,False,
W002155,MP0322,Neelam Nair,Gujarat,Gujarat PC-16,Gujarat District 4,Streetlight Installation,"Streetlight Installation near Bus Stand #192, Gujarat PC-16",State Electricity Board,236478,2026-06-17,Completed,2026-08-01,False,
W002156,MP0322,Neelam Nair,Gujarat,Gujarat PC-16,Gujarat District 4,Health Sub-Centre Upgrade,"Health Sub-Centre Upgrade in Ward 12 #730, Gujarat PC-16",State Water Board,1172916,2026-05-20,Ongoing,,False,
W002157,MP0323,Anil Naidu,Gujarat,Gujarat PC-17,Gujarat District 5,Health Sub-Centre Upgrade,"Health Sub-Centre Upgrade near Railway Crossing #829, Gujarat PC-17",Zilla Panchayat,820526,2026-06-02,Ongoing,,False,
W002158,MP0323,Anil Naidu,Gujarat,Gujarat PC-17,Gujarat District 5,School Building/Classroom,"School Building/Classroom at Colony Gate #455, Gujarat PC-17",State Water Board,1374087,2025-03-14,Completed,2025-08-19,False,
W002159,MP0323,Anil Naidu,Gujarat,Gujarat PC-17,Gujarat District 5,Road Construction/Repair,"Road Construction/Repair near Govt School #471, Gujarat PC-17",Rural Engineering Services,1153418,2025-03-01,Completed,2025-07-14,False,
W002160,MP0323,Anil Naidu,Gujarat,Gujarat PC-17,Gujarat District 5,Drainage/Sewage,"Drainage/Sewage in Sector 4 #547, Gujarat PC-17",PWD Division,727030,2025-04-13,Completed,2025-07-27,False,
W002161,MP0323,Anil Naidu,Gujarat,Gujarat PC-17,Gujarat District 5,Anganwadi Centre,"Anganwadi Centre at Ward 3 #154, Gujarat PC-17",PWD Division,500533,2024-12-09,Completed,2025-04-21,False,
W002162,MP0323,Anil Naidu,Gujarat,Gujarat PC-17,Gujarat District 5,Drinking Water Supply,"Drinking Water Supply in Ward 12 #868, Gujarat PC-17",State Water Board,917034,2025-08-10,Completed,2025-10-28,False,
W002163,MP0323,Anil Naidu,Gujarat,Gujarat PC-17,Gujarat District 5,Drainage/Sewage,"Drainage/Sewage in Ward 7 #850, Gujarat PC-17",State Electricity Board,876011,2025-04-18,Completed,2025-07-07,False,
W002164,MP0324,Sanjay Sharma,Gujarat,Gujarat PC-18,Gujarat District 5,Road Construction/Repair,"Road Construction/Repair at Main Chowk #11, Gujarat PC-18",Block Development Office,1441820,2024-12-27,Completed,2025-05-10,False,
W002165,MP0324,Sanjay Sharma,Gujarat,Gujarat PC-18,Gujarat District 5,Drainage/Sewage,"Drainage/Sewage at Market Road #923, Gujarat PC-18",PWD Division,802335,2025-06-12,Completed,2025-10-31,False,
W002166,MP0324,Sanjay Sharma,Gujarat,Gujarat PC-18,Gujarat District 5,Streetlight Installation,"Streetlight Installation at Main Chowk #640, Gujarat PC-18",Zilla Panchayat,310471,2026-03-22,Completed,2026-05-06,False,
W002167,MP0324,Sanjay Sharma,Gujarat,Gujarat PC-18,Gujarat District 5,Drainage/Sewage,"Drainage/Sewage near Bus Stand #909, Gujarat PC-18",District Rural Dev. Agency,720326,2025-10-10,Completed,2025-12-17,False,
W002168,MP0325,Ashish Naidu,Gujarat,Gujarat PC-19,Gujarat District 5,Anganwadi Centre,"Anganwadi Centre near Bus Stand #225, Gujarat PC-19",State Water Board,676248,2025-04-08,Completed,2025-06-21,False,
W002169,MP0325,Ashish Naidu,Gujarat,Gujarat PC-19,Gujarat District 5,Drainage/Sewage,"Drainage/Sewage in Ward 12 #106, Gujarat PC-19",Block Development Office,569323,2025-06-21,Completed,2025-10-19,False,
W002170,MP0325,Ashish Naidu,Gujarat,Gujarat PC-19,Gujarat District 5,Road Construction/Repair,"Road Construction/Repair at Main Chowk #685, Gujarat PC-19",Municipal Corporation,1263297,2026-01-29,Completed,2026-07-19,False,
W002171,MP0325,Ashish Naidu,Gujarat,Gujarat PC-19,Gujarat District 5,Streetlight Installation,"Streetlight Installation at Ward 3 #355, Gujarat PC-19",State Water Board,320275,2025-04-11,Completed,2025-05-29,False,
W002172,MP0326,Usha Mondal,Gujarat,Gujarat PC-20,Gujarat District 5,Health Sub-Centre Upgrade,"Health Sub-Centre Upgrade at Market Road #635, Gujarat PC-20",District Rural Dev. Agency,873319,2025-03-28,Completed,2025-07-06,False,
W002173,MP0326,Usha Mondal,Gujarat,Gujarat PC-20,Gujarat District 5,Anganwadi Centre,"Anganwadi Centre in Ward 7 #375, Gujarat PC-20",District Rural Dev. Agency,659477,2025-08-08,Completed,2025-10-13,False,
W002174,MP0326,Usha Mondal,Gujarat,Gujarat PC-20,Gujarat District 5,Irrigation Canal,"Irrigation Canal in Ward 7 #457, Gujarat PC-20",District Rural Dev. Agency,2241265,2025-11-27,Completed,2026-07-22,False,
W002175,MP0326,Usha Mondal,Gujarat,Gujarat PC-20,Gujarat District 5,Drainage/Sewage,"Drainage/Sewage in Ward 7 #350, Gujarat PC-20",District Rural Dev. Agency,652019,2024-10-10,Completed,2025-02-11,False,
W002176,MP0326,Usha Mondal,Gujarat,Gujarat PC-20,Gujarat District 5,Community Hall,"Community Hall at Village Entry Point #581, Gujarat PC-20",Zilla Panchayat,1793786,2026-02-27,Completed,2026-08-09,False,
W002177,MP0326,Usha Mondal,Gujarat,Gujarat PC-20,Gujarat District 5,Health Sub-Centre Upgrade,"Health Sub-Centre Upgrade near Primary Health Centre #662, Gujarat PC-20",Municipal Corporation,829103,2025-06-13,Completed,2025-12-17,False,
W002178,MP0326,Usha Mondal,Gujarat,Gujarat PC-20,Gujarat District 5,Road Construction/Repair,"Road Construction/Repair near Temple Road #540, Gujarat PC-20",State Water Board,1071335,2024-10-18,Completed,2025-03-30,False,
W002179,MP0327,Yogesh Mishra,Gujarat,Gujarat PC-21,Gujarat District 6,Irrigation Canal,"Irrigation Canal at Ward 3 #979, Gujarat PC-21",Zilla Panchayat,1784042,2024-11-02,Completed,2025-04-02,False,
W002180,MP0327,Yogesh Mishra,Gujarat,Gujarat PC-21,Gujarat District 6,Road Construction/Repair,"Road Construction/Repair near Temple Road #306, Gujarat PC-21",Block Development Office,1268122,2025-10-28,Completed,2026-04-30,False,
W002181,MP0327,Yogesh Mishra,Gujarat,Gujarat PC-21,Gujarat District 6,Road Construction/Repair,"Road Construction/Repair near Panchayat Bhavan #609, Gujarat PC-21",District Rural Dev. Agency,1208696,2024-10-23,Completed,2025-02-25,False,
W002182,MP0327,Yogesh Mishra,Gujarat,Gujarat PC-21,Gujarat District 6,Anganwadi Centre,"Anganwadi Centre near Primary Health Centre #410, Gujarat PC-21",Block Development Office,633048,2025-10-08,Completed,2026-01-02,False,
W002183,MP0327,Yogesh Mishra,Gujarat,Gujarat PC-21,Gujarat District 6,Drainage/Sewage,"Drainage/Sewage at Market Road #691, Gujarat PC-21",Block Development Office,601589,2025-01-07,Completed,2025-04-19,False,
W002184,MP0327,Yogesh Mishra,Gujarat,Gujarat PC-21,Gujarat District 6,Health Sub-Centre Upgrade,"Health Sub-Centre Upgrade near Govt School #14, Gujarat PC-21",Block Development Office,805844,2025-10-11,Completed,2026-03-21,False,
W002185,MP0328,Anita Mondal,Gujarat,Gujarat PC-22,Gujarat District 6,Anganwadi Centre,"Anganwadi Centre in Sector 4 #106, Gujarat PC-22",State Electricity Board,620043,2025-10-25,Completed,2026-01-20,False,
W002186,MP0328,Anita Mondal,Gujarat,Gujarat PC-22,Gujarat District 6,Road Construction/Repair,"Road Construction/Repair at Ward 3 #502, Gujarat PC-22",State Electricity Board,1212763,2026-06-20,Ongoing,,False,
W002187,MP0328,Anita Mondal,Gujarat,Gujarat PC-22,Gujarat District 6,Streetlight Installation,"Streetlight Installation at Ward 3 #228, Gujarat PC-22",State Electricity Board,198801,2025-04-24,Completed,2025-06-09,False,
W002188,MP0328,Anita Mondal,Gujarat,Gujarat PC-22,Gujarat District 6,Drainage/Sewage,"Drainage/Sewage near Temple Road #303, Gujarat PC-22",Rural Engineering Services,531797,2024-07-16,Completed,2024-10-23,False,
W002189,MP0328,Anita Mondal,Gujarat,Gujarat PC-22,Gujarat District 6,Drinking Water Supply,"Drinking Water Supply in Sector 4 #853, Gujarat PC-22",Block Development Office,976798,2025-02-11,Completed,2025-05-12,False,
W002190,MP0328,Anita Mondal,Gujarat,Gujarat PC-22,Gujarat District 6,Road Construction/Repair,"Road Construction/Repair near Community Centre #481, Gujarat PC-22",State Water Board,1075861,2025-09-22,Completed,2026-01-01,False,
W002191,MP0328,Anita Mondal,Gujarat,Gujarat PC-22,Gujarat District 6,School Building/Classroom,"School Building/Classroom at Ward 3 #648, Gujarat PC-22",PWD Division,1667048,2025-10-25,Completed,2026-03-19,False,
W002192,MP0329,Ajay Barman,Gujarat,Gujarat PC-23,Gujarat District 6,Health Sub-Centre Upgrade,"Health Sub-Centre Upgrade near Bus Stand #361, Gujarat PC-23",Zilla Panchayat,796023,2025-01-31,Completed,2025-08-05,False,
W002193,MP0329,Ajay Barman,Gujarat,Gujarat PC-23,Gujarat District 6,Streetlight Installation,"Streetlight Installation near Bus Depot #927, Gujarat PC-23",State Electricity Board,307600,2025-04-16,Completed,2025-05-22,False,
W002194,MP0329,Ajay Barman,Gujarat,Gujarat PC-23,Gujarat District 6,Drinking Water Supply,"Drinking Water Supply near Govt School #415, Gujarat PC-23",State Electricity Board,899173,2025-08-24,Completed,2025-12-10,False,
W002195,MP0329,Ajay Barman,Gujarat,Gujarat PC-23,Gujarat District 6,Health Sub-Centre Upgrade,"Health Sub-Centre Upgrade near Primary Health Centre #473, Gujarat PC-23",State Electricity Board,699168,2025-03-10,Completed,2025-07-25,False,
W002196,MP0329,Ajay Barman,Gujarat,Gujarat PC-23,Gujarat District 6,Irrigation Canal,"Irrigation Canal near Railway Crossing #153, Gujarat PC-23",Block Development Office,1761172,2026-05-11,Ongoing,,False,
W002197,MP0329,Ajay Barman,Gujarat,Gujarat PC-23,Gujarat District 6,Road Construction/Repair,"Road Construction/Repair in Ward 7 #44, Gujarat PC-23",Municipal Corporation,1103123,2025-10-27,Ongoing,,False,
W002198,MP0329,Ajay Barman,Gujarat,Gujarat PC-23,Gujarat District 6,Irrigation Canal,"Irrigation Canal at Main Chowk #37, Gujarat PC-23",State Water Board,2090795,2025-07-15,Completed,2026-01-13,False,
W002199,MP0329,Ajay Barman,Gujarat,Gujarat PC-23,Gujarat District 6,Streetlight Installation,"Streetlight Installation in Ward 12 #97, Gujarat PC-23",Municipal Corporation,277605,2025-03-02,Completed,2025-04-11,False,
W002200,MP0330,Vikram Reddy,Gujarat,Gujarat PC-24,Gujarat District 6,Anganwadi Centre,"Anganwadi Centre at Colony Gate #840, Gujarat PC-24",Zilla Panchayat,463717,2026-02-13,Completed,2026-05-07,False,
W002201,MP0330,Vikram Reddy,Gujarat,Gujarat PC-24,Gujarat District 6,School Building/Classroom,"School Building/Classroom near Railway Crossing #227, Gujarat PC-24",District Rural Dev. Agency,1783313,2024-10-26,Completed,2025-05-04,False,
W002202,MP0330,Vikram Reddy,Gujarat,Gujarat PC-24,Gujarat District 6,School Building/Classroom,"School Building/Classroom at Main Chowk #450, Gujarat PC-24",State Water Board,1687063,2025-02-16,Completed,2025-08-12,False,
W002203,MP0330,Vikram Reddy,Gujarat,Gujarat PC-24,Gujarat District 6,Community Hall,"Community Hall at Colony Gate #717, Gujarat PC-24",Rural Engineering Services,2073795,2026-02-07,Completed,2026-06-25,False,
W002204,MP0330,Vikram Reddy,Gujarat,Gujarat PC-24,Gujarat District 6,Drinking Water Supply,"Drinking Water Supply at Village Entry Point #597, Gujarat PC-24",Municipal Corporation,968931,2025-11-26,Completed,2026-01-28,False,
W002205,MP0330,Vikram Reddy,Gujarat,Gujarat PC-24,Gujarat District 6,Drinking Water Supply,"Drinking Water Supply near Community Centre #955, Gujarat PC-24",Municipal Corporation,695888,2026-03-19,Completed,2026-06-22,False,
W002206,MP0330,Vikram Reddy,Gujarat,Gujarat PC-24,Gujarat District 6,Road Construction/Repair,"Road Construction/Repair at Village Entry Point #63, Gujarat PC-24",Block Development Office,819261,2024-08-28,Completed,2024-12-18,False,
W002207,MP0331,Ashok Rao,Gujarat,Gujarat PC-25,Gujarat District 7,Irrigation Canal,"Irrigation Canal at Colony Gate #993, Gujarat PC-25",Zilla Panchayat,1922371,2025-03-19,Completed,2025-11-07,False,
W002208,MP0331,Ashok Rao,Gujarat,Gujarat PC-25,Gujarat District 7,Health Sub-Centre Upgrade,"Health Sub-Centre Upgrade near Primary Health Centre #780, Gujarat PC-25",PWD Division,1209112,2025-10-03,Completed,2026-03-24,False,
W002209,MP0331,Ashok Rao,Gujarat,Gujarat PC-25,Gujarat District 7,Drainage/Sewage,"Drainage/Sewage near Primary Health Centre #663, Gujarat PC-25",Block Development Office,743919,2026-06-11,Ongoing,,False,
W002210,MP0331,Ashok Rao,Gujarat,Gujarat PC-25,Gujarat District 7,Anganwadi Centre,"Anganwadi Centre near Bus Depot #964, Gujarat PC-25",Municipal Corporation,604219,2025-03-21,Completed,2025-06-14,False,
W002211,MP0331,Ashok Rao,Gujarat,Gujarat PC-25,Gujarat District 7,Drainage/Sewage,"Drainage/Sewage near Temple Road #218, Gujarat PC-25",State Water Board,717799,2025-02-11,Completed,2025-05-07,False,
W002212,MP0331,Ashok Rao,Gujarat,Gujarat PC-25,Gujarat District 7,Community Hall,"Community Hall near Temple Road #240, Gujarat PC-25",State Water Board,2212635,2024-06-28,Completed,2024-12-05,False,
W002213,MP0331,Ashok Rao,Gujarat,Gujarat PC-25,Gujarat District 7,Drainage/Sewage,"Drainage/Sewage near Temple Road #995, Gujarat PC-25",State Water Board,722273,2025-05-18,Completed,2025-09-04,False,
W002214,MP0331,Ashok Rao,Gujarat,Gujarat PC-25,Gujarat District 7,Community Hall,"Community Hall at Market Road #163, Gujarat PC-25",District Rural Dev. Agency,2615998,2024-08-16,Completed,2025-03-18,False,
W002215,MP0331,Ashok Rao,Gujarat,Gujarat PC-25,Gujarat District 7,Anganwadi Centre,"Anganwadi Centre at Colony Gate #965, Gujarat PC-25",PWD Division,708252,2025-06-17,Completed,2025-09-10,False,
W002216,MP0332,Ashish Thakur,Gujarat,Gujarat PC-26,Gujarat District 7,Community Hall,"Community Hall in Ward 12 #949, Gujarat PC-26",State Water Board,2053582,2026-01-25,Completed,2026-07-02,False,
W002217,MP0332,Ashish Thakur,Gujarat,Gujarat PC-26,Gujarat District 7,Health Sub-Centre Upgrade,"Health Sub-Centre Upgrade at Market Road #190, Gujarat PC-26",Block Development Office,953876,2025-07-28,Completed,2026-02-08,False,
W002218,MP0332,Ashish Thakur,Gujarat,Gujarat PC-26,Gujarat District 7,Irrigation Canal,"Irrigation Canal at Main Chowk #273, Gujarat PC-26",State Electricity Board,1739160,2025-08-28,Completed,2026-04-17,False,
W002219,MP0332,Ashish Thakur,Gujarat,Gujarat PC-26,Gujarat District 7,Community Hall,"Community Hall near Temple Road #779, Gujarat PC-26",Municipal Corporation,1611164,2025-06-01,Completed,2026-01-03,False,
W002220,MP0332,Ashish Thakur,Gujarat,Gujarat PC-26,Gujarat District 7,School Building/Classroom,"School Building/Classroom at Colony Gate #110, Gujarat PC-26",State Water Board,1489079,2025-03-02,Completed,2025-07-28,False,
W002221,MP0332,Ashish Thakur,Gujarat,Gujarat PC-26,Gujarat District 7,Drainage/Sewage,"Drainage/Sewage near Railway Crossing #137, Gujarat PC-26",PWD Division,616116,2026-07-11,Ongoing,,False,
W002222,MP0332,Ashish Thakur,Gujarat,Gujarat PC-26,Gujarat District 7,Streetlight Installation,"Streetlight Installation near Railway Crossing #571, Gujarat PC-26",Block Development Office,387348,2025-11-01,Completed,2025-12-22,False,
W002223,MP0332,Ashish Thakur,Gujarat,Gujarat PC-26,Gujarat District 7,Health Sub-Centre Upgrade,"Health Sub-Centre Upgrade near Panchayat Bhavan #373, Gujarat PC-26",Block Development Office,943957,2026-02-06,Completed,2026-05-26,False,
W002224,MP0333,Deepak Kulkarni,Rajasthan,Rajasthan PC-1,Rajasthan District 1,Road Construction/Repair,"Road Construction/Repair at Colony Gate #492, Rajasthan PC-1",State Electricity Board,781918,2025-12-07,Completed,2026-04-10,False,
W002225,MP0333,Deepak Kulkarni,Rajasthan,Rajasthan PC-1,Rajasthan District 1,Community Hall,"Community Hall near Bus Stand #581, Rajasthan PC-1",PWD Division,2579616,2025-07-09,Completed,2025-12-14,False,
W002226,MP0333,Deepak Kulkarni,Rajasthan,Rajasthan PC-1,Rajasthan District 1,Irrigation Canal,"Irrigation Canal at Colony Gate #991, Rajasthan PC-1",PWD Division,1624356,2024-12-12,Completed,2025-07-19,False,
W002227,MP0333,Deepak Kulkarni,Rajasthan,Rajasthan PC-1,Rajasthan District 1,Streetlight Installation,"Streetlight Installation near Temple Road #543, Rajasthan PC-1",Rural Engineering Services,303632,2025-09-29,Completed,2025-11-05,False,
W002228,MP0333,Deepak Kulkarni,Rajasthan,Rajasthan PC-1,Rajasthan District 1,Health Sub-Centre Upgrade,"Health Sub-Centre Upgrade near Panchayat Bhavan #738, Rajasthan PC-1",District Rural Dev. Agency,1182549,2026-02-15,Completed,2026-07-01,False,
W002229,MP0333,Deepak Kulkarni,Rajasthan,Rajasthan PC-1,Rajasthan District 1,Irrigation Canal,"Irrigation Canal at Market Road #760, Rajasthan PC-1",PWD Division,1284963,2025-12-13,Completed,2026-07-16,False,
W002230,MP0333,Deepak Kulkarni,Rajasthan,Rajasthan PC-1,Rajasthan District 1,Irrigation Canal,"Irrigation Canal at Village Entry Point #958, Rajasthan PC-1",State Electricity Board,1687676,2025-02-26,Completed,2025-09-12,False,
W002231,MP0333,Deepak Kulkarni,Rajasthan,Rajasthan PC-1,Rajasthan District 1,Public Toilet Complex,"Public Toilet Complex at Village Entry Point #240, Rajasthan PC-1",Zilla Panchayat,415885,2026-01-04,Completed,2026-03-08,False,
W002232,MP0333,Deepak Kulkarni,Rajasthan,Rajasthan PC-1,Rajasthan District 1,Drainage/Sewage,"Drainage/Sewage near Community Centre #794, Rajasthan PC-1",State Water Board,811584,2025-04-01,Completed,2025-08-03,False,
W002233,MP0334,Kishore Das,Rajasthan,Rajasthan PC-2,Rajasthan District 1,Community Hall,"Community Hall in Sector 4 #568, Rajasthan PC-2",Rural Engineering Services,1868431,2025-03-09,Completed,2025-08-09,False,
W002234,MP0334,Kishore Das,Rajasthan,Rajasthan PC-2,Rajasthan District 1,School Building/Classroom,"School Building/Classroom near Temple Road #72, Rajasthan PC-2",Municipal Corporation,1350318,2026-05-06,Ongoing,,False,
W002235,MP0334,Kishore Das,Rajasthan,Rajasthan PC-2,Rajasthan District 1,School Building/Classroom,"School Building/Classroom at Market Road #782, Rajasthan PC-2",Rural Engineering Services,1975464,2025-12-15,Completed,2026-06-05,False,
W002236,MP0334,Kishore Das,Rajasthan,Rajasthan PC-2,Rajasthan District 1,Drainage/Sewage,"Drainage/Sewage in Ward 7 #624, Rajasthan PC-2",District Rural Dev. Agency,735563,2026-04-03,Completed,2026-08-13,False,
W002237,MP0335,Shobha Gaikwad,Rajasthan,Rajasthan PC-3,Rajasthan District 1,Community Hall,"Community Hall near Primary Health Centre #567, Rajasthan PC-3",Rural Engineering Services,2343353,2025-05-24,Completed,2025-10-02,False,
W002238,MP0335,Shobha Gaikwad,Rajasthan,Rajasthan PC-3,Rajasthan District 1,Irrigation Canal,"Irrigation Canal near Bus Depot #220, Rajasthan PC-3",Municipal Corporation,2010744,2026-07-11,Ongoing,,False,
W002239,MP0335,Shobha Gaikwad,Rajasthan,Rajasthan PC-3,Rajasthan District 1,Community Hall,"Community Hall in Ward 12 #892, Rajasthan PC-3",Rural Engineering Services,1838899,2025-05-11,Completed,2025-12-13,False,
W002240,MP0335,Shobha Gaikwad,Rajasthan,Rajasthan PC-3,Rajasthan District 1,Irrigation Canal,"Irrigation Canal near Railway Crossing #445, Rajasthan PC-3",Rural Engineering Services,1447445,2026-03-15,Ongoing,,False,
W002241,MP0335,Shobha Gaikwad,Rajasthan,Rajasthan PC-3,Rajasthan District 1,Drinking Water Supply,"Drinking Water Supply at Market Road #545, Rajasthan PC-3",Rural Engineering Services,976575,2025-04-16,Completed,2025-06-29,False,
W002242,MP0335,Shobha Gaikwad,Rajasthan,Rajasthan PC-3,Rajasthan District 1,Community Hall,"Community Hall near Bus Depot #295, Rajasthan PC-3",Municipal Corporation,1878535,2024-10-21,Completed,2025-01-29,False,
W002243,MP0336,Yogesh Chatterjee,Rajasthan,Rajasthan PC-4,Rajasthan District 1,Road Construction/Repair,"Road Construction/Repair near Panchayat Bhavan #728, Rajasthan PC-4",Block Development Office,1120450,2025-05-22,Completed,2025-10-29,False,
W002244,MP0336,Yogesh Chatterjee,Rajasthan,Rajasthan PC-4,Rajasthan District 1,Health Sub-Centre Upgrade,"Health Sub-Centre Upgrade in Ward 12 #219, Rajasthan PC-4",State Water Board,755162,2025-04-25,Completed,2025-08-12,False,
W002245,MP0336,Yogesh Chatterjee,Rajasthan,Rajasthan PC-4,Rajasthan District 1,School Building/Classroom,"School Building/Classroom at Main Chowk #376, Rajasthan PC-4",PWD Division,1470371,2025-09-15,Completed,2026-04-02,False,
W002246,MP0336,Yogesh Chatterjee,Rajasthan,Rajasthan PC-4,Rajasthan District 1,Drainage/Sewage,"Drainage/Sewage at Market Road #227, Rajasthan PC-4",Block Development Office,740635,2025-12-03,Completed,2026-03-10,False,
W002247,MP0336,Yogesh Chatterjee,Rajasthan,Rajasthan PC-4,Rajasthan District 1,School Building/Classroom,"School Building/Classroom near Temple Road #709, Rajasthan PC-4",Zilla Panchayat,1408581,2025-07-20,Completed,2026-03-12,False,
W002248,MP0336,Yogesh Chatterjee,Rajasthan,Rajasthan PC-4,Rajasthan District 1,Drainage/Sewage,"Drainage/Sewage at Village Entry Point #232, Rajasthan PC-4",Block Development Office,675548,2025-01-31,Completed,2025-04-27,False,
W002249,MP0336,Yogesh Chatterjee,Rajasthan,Rajasthan PC-4,Rajasthan District 1,School Building/Classroom,"School Building/Classroom at Market Road #28, Rajasthan PC-4",Block Development Office,1522035,2025-04-13,Completed,2025-11-04,False,
W002250,MP0336,Yogesh Chatterjee,Rajasthan,Rajasthan PC-4,Rajasthan District 1,Community Hall,"Community Hall near Temple Road #654, Rajasthan PC-4",State Electricity Board,1626981,2025-10-08,Completed,2026-03-02,False,
W002251,MP0336,Yogesh Chatterjee,Rajasthan,Rajasthan PC-4,Rajasthan District 1,School Building/Classroom,"School Building/Classroom in Ward 7 #448, Rajasthan PC-4",Municipal Corporation,1505808,2025-10-10,Completed,2026-03-11,False,
W002252,MP0337,Mahesh Bhattacharya,Rajasthan,Rajasthan PC-5,Rajasthan District 2,Community Hall,"Community Hall near Railway Crossing #380, Rajasthan PC-5",Municipal Corporation,2004103,2025-08-15,Completed,2025-11-11,False,
W002253,MP0337,Mahesh Bhattacharya,Rajasthan,Rajasthan PC-5,Rajasthan District 2,Road Construction/Repair,"Road Construction/Repair at Market Road #422, Rajasthan PC-5",PWD Division,977319,2025-05-28,Completed,2025-10-16,False,
W002254,MP0337,Mahesh Bhattacharya,Rajasthan,Rajasthan PC-5,Rajasthan District 2,School Building/Classroom,"School Building/Classroom near Temple Road #157, Rajasthan PC-5",Zilla Panchayat,1430603,2025-10-01,Completed,2026-04-17,False,
W002255,MP0337,Mahesh Bhattacharya,Rajasthan,Rajasthan PC-5,Rajasthan District 2,Road Construction/Repair,"Road Construction/Repair at Market Road #161, Rajasthan PC-5",Municipal Corporation,1318733,2025-08-23,Completed,2026-01-24,False,
W002256,MP0338,Mahesh Reddy,Rajasthan,Rajasthan PC-6,Rajasthan District 2,School Building/Classroom,"School Building/Classroom in Ward 7 #720, Rajasthan PC-6",PWD Division,1491627,2025-09-24,Completed,2026-03-02,False,
W002257,MP0338,Mahesh Reddy,Rajasthan,Rajasthan PC-6,Rajasthan District 2,Irrigation Canal,"Irrigation Canal near Temple Road #341, Rajasthan PC-6",Block Development Office,1716585,2025-10-10,Completed,2026-08-04,False,
W002258,MP0338,Mahesh Reddy,Rajasthan,Rajasthan PC-6,Rajasthan District 2,Drinking Water Supply,"Drinking Water Supply near Community Centre #222, Rajasthan PC-6",Municipal Corporation,587349,2024-12-16,Completed,2025-03-06,False,
W002259,MP0338,Mahesh Reddy,Rajasthan,Rajasthan PC-6,Rajasthan District 2,Drainage/Sewage,"Drainage/Sewage at Ward 3 #943, Rajasthan PC-6",State Water Board,650622,2025-06-29,Completed,2025-10-10,False,
W002260,MP0338,Mahesh Reddy,Rajasthan,Rajasthan PC-6,Rajasthan District 2,School Building/Classroom,"School Building/Classroom in Ward 7 #319, Rajasthan PC-6",Block Development Office,1454106,2025-10-26,Completed,2026-05-15,False,
W002261,MP0338,Mahesh Reddy,Rajasthan,Rajasthan PC-6,Rajasthan District 2,Drainage/Sewage,"Drainage/Sewage near Govt School #746, Rajasthan PC-6",Rural Engineering Services,699137,2025-06-30,Completed,2025-09-29,False,
W002262,MP0338,Mahesh Reddy,Rajasthan,Rajasthan PC-6,Rajasthan District 2,Irrigation Canal,"Irrigation Canal near Panchayat Bhavan #427, Rajasthan PC-6",Zilla Panchayat,1835268,2026-04-23,Ongoing,,False,
W002263,MP0339,Harish Yadav,Rajasthan,Rajasthan PC-7,Rajasthan District 2,Drainage/Sewage,"Drainage/Sewage at Ward 3 #894, Rajasthan PC-7",Municipal Corporation,657662,2025-04-04,Completed,2025-07-28,False,
W002264,MP0339,Harish Yadav,Rajasthan,Rajasthan PC-7,Rajasthan District 2,Streetlight Installation,"Streetlight Installation near Primary Health Centre #721, Rajasthan PC-7",Block Development Office,225321,2026-06-25,Completed,2026-08-12,False,
W002265,MP0339,Harish Yadav,Rajasthan,Rajasthan PC-7,Rajasthan District 2,Drainage/Sewage,"Drainage/Sewage near Bus Stand #573, Rajasthan PC-7",Zilla Panchayat,828511,2025-11-09,Completed,2026-02-05,False,
W002266,MP0339,Harish Yadav,Rajasthan,Rajasthan PC-7,Rajasthan District 2,Health Sub-Centre Upgrade,"Health Sub-Centre Upgrade at Colony Gate #254, Rajasthan PC-7",State Water Board,1087770,2026-07-14,Ongoing,,False,
W002267,MP0339,Harish Yadav,Rajasthan,Rajasthan PC-7,Rajasthan District 2,Health Sub-Centre Upgrade,"Health Sub-Centre Upgrade at Market Road #672, Rajasthan PC-7",Zilla Panchayat,985037,2025-12-12,Completed,2026-06-11,False,
W002268,MP0339,Harish Yadav,Rajasthan,Rajasthan PC-7,Rajasthan District 2,Community Hall,"Community Hall at Ward 3 #620, Rajasthan PC-7",State Electricity Board,1552517,2025-09-10,Completed,2026-04-09,False,
W002269,MP0339,Harish Yadav,Rajasthan,Rajasthan PC-7,Rajasthan District 2,Drinking Water Supply,"Drinking Water Supply at Main Chowk #389, Rajasthan PC-7",PWD Division,863711,2026-06-18,Ongoing,,False,
W002270,MP0339,Harish Yadav,Rajasthan,Rajasthan PC-7,Rajasthan District 2,Health Sub-Centre Upgrade,"Health Sub-Centre Upgrade near Bus Depot #641, Rajasthan PC-7",Municipal Corporation,914629,2025-07-01,Completed,2025-10-16,False,
W002271,MP0339,Harish Yadav,Rajasthan,Rajasthan PC-7,Rajasthan District 2,Drainage/Sewage,"Drainage/Sewage near Temple Road #894, Rajasthan PC-7",District Rural Dev. Agency,852207,2025-09-16,Completed,2025-12-18,False,
W002272,MP0340,Meena Choudhary,Rajasthan,Rajasthan PC-8,Rajasthan District 2,Public Toilet Complex,"Public Toilet Complex near Community Centre #445, Rajasthan PC-8",Block Development Office,376381,2025-11-24,Completed,2026-01-04,False,
W002273,MP0340,Meena Choudhary,Rajasthan,Rajasthan PC-8,Rajasthan District 2,School Building/Classroom,"School Building/Classroom at Main Chowk #814, Rajasthan PC-8",State Electricity Board,1611299,2026-01-08,Completed,2026-07-30,False,
W002274,MP0340,Meena Choudhary,Rajasthan,Rajasthan PC-8,Rajasthan District 2,Health Sub-Centre Upgrade,"Health Sub-Centre Upgrade at Market Road #580, Rajasthan PC-8",District Rural Dev. Agency,1218090,2025-04-04,Completed,2025-08-16,False,
W002275,MP0340,Meena Choudhary,Rajasthan,Rajasthan PC-8,Rajasthan District 2,Health Sub-Centre Upgrade,"Health Sub-Centre Upgrade at Village Entry Point #442, Rajasthan PC-8",Block Development Office,973159,2025-08-26,Completed,2026-02-16,False,
W002276,MP0340,Meena Choudhary,Rajasthan,Rajasthan PC-8,Rajasthan District 2,Public Toilet Complex,"Public Toilet Complex in Ward 7 #140, Rajasthan PC-8",Rural Engineering Services,459636,2024-12-16,Completed,2025-02-15,False,
W002277,MP0340,Meena Choudhary,Rajasthan,Rajasthan PC-8,Rajasthan District 2,Streetlight Installation,"Streetlight Installation near Temple Road #153, Rajasthan PC-8",Rural Engineering Services,252810,2026-01-23,Completed,2026-03-25,False,
W002278,MP0340,Meena Choudhary,Rajasthan,Rajasthan PC-8,Rajasthan District 2,Community Hall,"Community Hall in Ward 7 #207, Rajasthan PC-8",Block Development Office,1548984,2025-08-23,Ongoing,,False,
W002279,MP0340,Meena Choudhary,Rajasthan,Rajasthan PC-8,Rajasthan District 2,Road Construction/Repair,"Road Construction/Repair at Market Road #605, Rajasthan PC-8",District Rural Dev. Agency,1380110,2024-07-27,Completed,2025-01-18,False,
W002280,MP0341,Sunita Roy,Rajasthan,Rajasthan PC-9,Rajasthan District 3,Drainage/Sewage,"Drainage/Sewage in Sector 4 #503, Rajasthan PC-9",District Rural Dev. Agency,824161,2024-12-23,Completed,2025-03-08,False,
W002281,MP0341,Sunita Roy,Rajasthan,Rajasthan PC-9,Rajasthan District 3,Drainage/Sewage,"Drainage/Sewage in Sector 4 #453, Rajasthan PC-9",State Electricity Board,706735,2025-02-23,Completed,2025-06-13,False,
W002282,MP0341,Sunita Roy,Rajasthan,Rajasthan PC-9,Rajasthan District 3,Road Construction/Repair,"Road Construction/Repair at Main Chowk #542, Rajasthan PC-9",District Rural Dev. Agency,1133400,2025-05-23,Completed,2025-08-27,False,
W002283,MP0341,Sunita Roy,Rajasthan,Rajasthan PC-9,Rajasthan District 3,Streetlight Installation,"Streetlight Installation near Govt School #345, Rajasthan PC-9",PWD Division,243437,2024-11-13,Completed,2025-01-04,False,
W002284,MP0341,Sunita Roy,Rajasthan,Rajasthan PC-9,Rajasthan District 3,Drainage/Sewage,"Drainage/Sewage at Village Entry Point #487, Rajasthan PC-9",Zilla Panchayat,489944,2025-06-23,Completed,2025-09-02,False,
W002285,MP0341,Sunita Roy,Rajasthan,Rajasthan PC-9,Rajasthan District 3,Drinking Water Supply,"Drinking Water Supply at Colony Gate #928, Rajasthan PC-9",State Water Board,854460,2025-10-10,Completed,2025-12-13,False,
W002286,MP0341,Sunita Roy,Rajasthan,Rajasthan PC-9,Rajasthan District 3,Irrigation Canal,"Irrigation Canal at Market Road #256, Rajasthan PC-9",District Rural Dev. Agency,1800000,2024-06-30,Ongoing,,True,stuck_ongoing
W002287,MP0342,Sanjeev Chatterjee,Rajasthan,Rajasthan PC-10,Rajasthan District 3,Drinking Water Supply,"Drinking Water Supply near Primary Health Centre #940, Rajasthan PC-10",State Water Board,970716,2024-11-04,Completed,2025-01-29,False,
W002288,MP0342,Sanjeev Chatterjee,Rajasthan,Rajasthan PC-10,Rajasthan District 3,Community Hall,"Community Hall at Colony Gate #588, Rajasthan PC-10",Block Development Office,1464110,2025-08-22,Completed,2026-02-24,False,
W002289,MP0342,Sanjeev Chatterjee,Rajasthan,Rajasthan PC-10,Rajasthan District 3,Streetlight Installation,"Streetlight Installation near Railway Crossing #172, Rajasthan PC-10",Block Development Office,312295,2025-04-04,Completed,2025-05-24,False,
W002290,MP0342,Sanjeev Chatterjee,Rajasthan,Rajasthan PC-10,Rajasthan District 3,Streetlight Installation,"Streetlight Installation near Community Centre #918, Rajasthan PC-10",State Water Board,316896,2025-06-18,Completed,2025-08-03,False,
W002291,MP0342,Sanjeev Chatterjee,Rajasthan,Rajasthan PC-10,Rajasthan District 3,Drinking Water Supply,"Drinking Water Supply in Sector 4 #552, Rajasthan PC-10",Block Development Office,901837,2026-04-09,Completed,2026-07-10,False,
W002292,MP0342,Sanjeev Chatterjee,Rajasthan,Rajasthan PC-10,Rajasthan District 3,Drinking Water Supply,"Drinking Water Supply in Sector 4 #287, Rajasthan PC-10",State Electricity Board,858029,2024-10-31,Completed,2025-01-17,False,
W002293,MP0342,Sanjeev Chatterjee,Rajasthan,Rajasthan PC-10,Rajasthan District 3,Public Toilet Complex,"Public Toilet Complex at Market Road #300, Rajasthan PC-10",State Electricity Board,352742,2025-10-29,Completed,2025-12-04,False,
W002294,MP0342,Sanjeev Chatterjee,Rajasthan,Rajasthan PC-10,Rajasthan District 3,Drainage/Sewage,"Drainage/Sewage at Main Chowk #105, Rajasthan PC-10",State Water Board,725773,2026-04-30,Completed,2026-08-03,False,
W002295,MP0343,Kishore Mondal,Rajasthan,Rajasthan PC-11,Rajasthan District 3,Public Toilet Complex,"Public Toilet Complex near Railway Crossing #934, Rajasthan PC-11",Block Development Office,359183,2025-03-03,Completed,2025-05-14,False,
W002296,MP0343,Kishore Mondal,Rajasthan,Rajasthan PC-11,Rajasthan District 3,Streetlight Installation,"Streetlight Installation near Govt School #909, Rajasthan PC-11",PWD Division,213559,2025-05-07,Completed,2025-07-01,False,
W002297,MP0343,Kishore Mondal,Rajasthan,Rajasthan PC-11,Rajasthan District 3,Road Construction/Repair,"Road Construction/Repair near Temple Road #481, Rajasthan PC-11",Municipal Corporation,1607811,2025-06-07,Completed,2025-11-05,False,
W002298,MP0343,Kishore Mondal,Rajasthan,Rajasthan PC-11,Rajasthan District 3,Streetlight Installation,"Streetlight Installation near Bus Depot #859, Rajasthan PC-11",PWD Division,326332,2025-05-11,Completed,2025-07-06,False,
W002299,MP0343,Kishore Mondal,Rajasthan,Rajasthan PC-11,Rajasthan District 3,Anganwadi Centre,"Anganwadi Centre at Ward 3 #995, Rajasthan PC-11",Municipal Corporation,665218,2025-02-25,Completed,2025-06-08,False,
W002300,MP0344,Rajesh Patel,Rajasthan,Rajasthan PC-12,Rajasthan District 3,Irrigation Canal,"Irrigation Canal near Temple Road #87, Rajasthan PC-12",Rural Engineering Services,1671544,2025-03-30,Completed,2025-11-12,False,
W002301,MP0344,Rajesh Patel,Rajasthan,Rajasthan PC-12,Rajasthan District 3,School Building/Classroom,"School Building/Classroom near Railway Crossing #558, Rajasthan PC-12",Rural Engineering Services,1518438,2025-07-21,Completed,2025-12-07,False,
W002302,MP0344,Rajesh Patel,Rajasthan,Rajasthan PC-12,Rajasthan District 3,Community Hall,"Community Hall near Railway Crossing #398, Rajasthan PC-12",District Rural Dev. Agency,2539360,2025-02-06,Completed,2025-10-12,False,
W002303,MP0344,Rajesh Patel,Rajasthan,Rajasthan PC-12,Rajasthan District 3,Drinking Water Supply,"Drinking Water Supply near Community Centre #622, Rajasthan PC-12",Rural Engineering Services,706548,2025-02-26,Completed,2025-06-23,False,
W002304,MP0345,Rajesh Banerjee,Rajasthan,Rajasthan PC-13,Rajasthan District 4,Public Toilet Complex,"Public Toilet Complex near Railway Crossing #327, Rajasthan PC-13",Block Development Office,396047,2026-05-25,Completed,2026-08-16,False,
W002305,MP0345,Rajesh Banerjee,Rajasthan,Rajasthan PC-13,Rajasthan District 4,Streetlight Installation,"Streetlight Installation near Panchayat Bhavan #734, Rajasthan PC-13",Block Development Office,268748,2024-12-20,Completed,2025-01-31,False,
W002306,MP0345,Rajesh Banerjee,Rajasthan,Rajasthan PC-13,Rajasthan District 4,Health Sub-Centre Upgrade,"Health Sub-Centre Upgrade at Market Road #103, Rajasthan PC-13",District Rural Dev. Agency,1016216,2025-10-18,Completed,2026-04-06,False,
W002307,MP0345,Rajesh Banerjee,Rajasthan,Rajasthan PC-13,Rajasthan District 4,Drinking Water Supply,"Drinking Water Supply in Ward 7 #285, Rajasthan PC-13",PWD Division,842426,2025-03-02,Completed,2025-06-06,False,
W002308,MP0345,Rajesh Banerjee,Rajasthan,Rajasthan PC-13,Rajasthan District 4,Drainage/Sewage,"Drainage/Sewage at Market Road #546, Rajasthan PC-13",Zilla Panchayat,767113,2026-05-26,Ongoing,,False,
W002309,MP0346,Vikram Das,Rajasthan,Rajasthan PC-14,Rajasthan District 4,Irrigation Canal,"Irrigation Canal near Govt School #834, Rajasthan PC-14",Block Development Office,2136276,2025-04-23,Completed,2025-08-01,False,
W002310,MP0346,Vikram Das,Rajasthan,Rajasthan PC-14,Rajasthan District 4,Irrigation Canal,"Irrigation Canal at Main Chowk #219, Rajasthan PC-14",District Rural Dev. Agency,1639529,2025-04-29,Completed,2025-11-06,False,
W002311,MP0346,Vikram Das,Rajasthan,Rajasthan PC-14,Rajasthan District 4,School Building/Classroom,"School Building/Classroom near Bus Stand #42, Rajasthan PC-14",Zilla Panchayat,1386227,2025-09-21,Completed,2026-01-19,False,
W002312,MP0346,Vikram Das,Rajasthan,Rajasthan PC-14,Rajasthan District 4,Irrigation Canal,"Irrigation Canal near Bus Stand #118, Rajasthan PC-14",Block Development Office,2117104,2025-10-08,Completed,2026-05-10,False,
W002313,MP0346,Vikram Das,Rajasthan,Rajasthan PC-14,Rajasthan District 4,Community Hall,"Community Hall in Sector 4 #441, Rajasthan PC-14",State Electricity Board,2041415,2026-03-02,Completed,2026-08-18,False,
W002314,MP0346,Vikram Das,Rajasthan,Rajasthan PC-14,Rajasthan District 4,Drainage/Sewage,"Drainage/Sewage near Community Centre #397, Rajasthan PC-14",Zilla Panchayat,836753,2025-11-09,Completed,2026-02-25,False,
W002315,MP0346,Vikram Das,Rajasthan,Rajasthan PC-14,Rajasthan District 4,Streetlight Installation,"Streetlight Installation at Market Road #459, Rajasthan PC-14",Rural Engineering Services,320772,2026-01-11,Completed,2026-03-01,False,
W002316,MP0346,Vikram Das,Rajasthan,Rajasthan PC-14,Rajasthan District 4,Health Sub-Centre Upgrade,"Health Sub-Centre Upgrade near Temple Road #326, Rajasthan PC-14",State Water Board,1000000,2024-09-21,Completed,2024-09-26,True,impossible_speed
W002317,MP0347,Anita Joshi,Rajasthan,Rajasthan PC-15,Rajasthan District 4,Community Hall,"Community Hall near Railway Crossing #232, Rajasthan PC-15",State Electricity Board,2102959,2024-08-30,Completed,2025-03-11,False,
W002318,MP0347,Anita Joshi,Rajasthan,Rajasthan PC-15,Rajasthan District 4,Community Hall,"Community Hall near Govt School #638, Rajasthan PC-15",District Rural Dev. Agency,1898207,2025-11-19,Completed,2026-04-20,False,
W002319,MP0347,Anita Joshi,Rajasthan,Rajasthan PC-15,Rajasthan District 4,Public Toilet Complex,"Public Toilet Complex in Ward 7 #275, Rajasthan PC-15",Municipal Corporation,325572,2026-01-28,Completed,2026-03-15,False,
W002320,MP0347,Anita Joshi,Rajasthan,Rajasthan PC-15,Rajasthan District 4,Streetlight Installation,"Streetlight Installation in Ward 12 #170, Rajasthan PC-15",Block Development Office,341012,2025-12-06,Completed,2026-02-06,False,
W002321,MP0347,Anita Joshi,Rajasthan,Rajasthan PC-15,Rajasthan District 4,Road Construction/Repair,"Road Construction/Repair at Ward 3 #606, Rajasthan PC-15",Rural Engineering Services,1325566,2024-12-05,Completed,2025-05-12,False,
W002322,MP0347,Anita Joshi,Rajasthan,Rajasthan PC-15,Rajasthan District 4,Public Toilet Complex,"Public Toilet Complex in Sector 4 #424, Rajasthan PC-15",PWD Division,305197,2026-02-19,Completed,2026-04-05,False,
W002323,MP0347,Anita Joshi,Rajasthan,Rajasthan PC-15,Rajasthan District 4,Public Toilet Complex,"Public Toilet Complex near Bus Depot #347, Rajasthan PC-15",District Rural Dev. Agency,336315,2025-08-07,Completed,2025-10-12,False,
W002324,MP0347,Anita Joshi,Rajasthan,Rajasthan PC-15,Rajasthan District 4,Drinking Water Supply,"Drinking Water Supply at Colony Gate #566, Rajasthan PC-15",State Water Board,538693,2025-03-08,Completed,2025-06-07,False,
W002325,MP0347,Anita Joshi,Rajasthan,Rajasthan PC-15,Rajasthan District 4,Irrigation Canal,"Irrigation Canal near Bus Depot #494, Rajasthan PC-15",Zilla Panchayat,1454384,2025-02-05,Completed,2025-09-27,False,
W002326,MP0348,Ashok Pillai,Rajasthan,Rajasthan PC-16,Rajasthan District 4,Public Toilet Complex,"Public Toilet Complex in Sector 4 #667, Rajasthan PC-16",Rural Engineering Services,308208,2026-02-21,Completed,2026-04-27,False,
W002327,MP0348,Ashok Pillai,Rajasthan,Rajasthan PC-16,Rajasthan District 4,Community Hall,"Community Hall in Sector 4 #426, Rajasthan PC-16",State Water Board,2348563,2025-01-17,Completed,2025-08-07,False,
W002328,MP0348,Ashok Pillai,Rajasthan,Rajasthan PC-16,Rajasthan District 4,Health Sub-Centre Upgrade,"Health Sub-Centre Upgrade near Temple Road #810, Rajasthan PC-16",Municipal Corporation,973863,2026-01-15,Completed,2026-06-08,False,
W002329,MP0348,Ashok Pillai,Rajasthan,Rajasthan PC-16,Rajasthan District 4,Anganwadi Centre,"Anganwadi Centre at Main Chowk #807, Rajasthan PC-16",Zilla Panchayat,591178,2025-05-03,Completed,2025-08-16,False,
W002330,MP0348,Ashok Pillai,Rajasthan,Rajasthan PC-16,Rajasthan District 4,Community Hall,"Community Hall at Ward 3 #483, Rajasthan PC-16",Rural Engineering Services,2516936,2025-07-15,Completed,2026-01-30,False,
W002331,MP0348,Ashok Pillai,Rajasthan,Rajasthan PC-16,Rajasthan District 4,Road Construction/Repair,"Road Construction/Repair near Govt School #620, Rajasthan PC-16",Block Development Office,973495,2026-01-13,Completed,2026-05-18,False,
W002332,MP0348,Ashok Pillai,Rajasthan,Rajasthan PC-16,Rajasthan District 4,Road Construction/Repair,"Road Construction/Repair at Ward 3 #579, Rajasthan PC-16",Municipal Corporation,968025,2026-02-03,Completed,2026-06-07,False,
W002333,MP0348,Ashok Pillai,Rajasthan,Rajasthan PC-16,Rajasthan District 4,Streetlight Installation,"Streetlight Installation near Community Centre #539, Rajasthan PC-16",State Electricity Board,323430,2025-01-30,Completed,2025-03-13,False,
W002334,MP0348,Ashok Pillai,Rajasthan,Rajasthan PC-16,Rajasthan District 4,Public Toilet Complex,"Public Toilet Complex near Railway Crossing #284, Rajasthan PC-16",Block Development Office,387090,2025-04-15,Completed,2025-06-01,False,
W002335,MP0349,Ashok Singh,Rajasthan,Rajasthan PC-17,Rajasthan District 5,Road Construction/Repair,"Road Construction/Repair at Village Entry Point #400, Rajasthan PC-17",Block Development Office,1292325,2026-02-25,Ongoing,,False,
W002336,MP0349,Ashok Singh,Rajasthan,Rajasthan PC-17,Rajasthan District 5,School Building/Classroom,"School Building/Classroom near Bus Stand #912, Rajasthan PC-17",PWD Division,1567260,2024-10-10,Completed,2025-04-06,False,
W002337,MP0349,Ashok Singh,Rajasthan,Rajasthan PC-17,Rajasthan District 5,Irrigation Canal,"Irrigation Canal near Bus Stand #836, Rajasthan PC-17",Rural Engineering Services,1501720,2024-12-10,Completed,2025-07-28,False,
W002338,MP0349,Ashok Singh,Rajasthan,Rajasthan PC-17,Rajasthan District 5,Health Sub-Centre Upgrade,"Health Sub-Centre Upgrade near Railway Crossing #944, Rajasthan PC-17",State Electricity Board,833751,2025-04-17,Completed,2025-11-01,False,
W002339,MP0349,Ashok Singh,Rajasthan,Rajasthan PC-17,Rajasthan District 5,School Building/Classroom,"School Building/Classroom near Community Centre #229, Rajasthan PC-17",Block Development Office,1684760,2025-08-26,Completed,2025-12-24,False,
W002340,MP0349,Ashok Singh,Rajasthan,Rajasthan PC-17,Rajasthan District 5,Public Toilet Complex,"Public Toilet Complex in Ward 7 #596, Rajasthan PC-17",PWD Division,458699,2025-07-25,Completed,2025-09-01,False,
W002341,MP0349,Ashok Singh,Rajasthan,Rajasthan PC-17,Rajasthan District 5,Health Sub-Centre Upgrade,"Health Sub-Centre Upgrade at Market Road #887, Rajasthan PC-17",Rural Engineering Services,911508,2025-09-16,Completed,2026-01-26,False,
W002342,MP0350,Yogesh Gupta,Rajasthan,Rajasthan PC-18,Rajasthan District 5,Drainage/Sewage,"Drainage/Sewage near Bus Depot #992, Rajasthan PC-18",State Water Board,908164,2026-03-07,Completed,2026-05-19,False,
W002343,MP0350,Yogesh Gupta,Rajasthan,Rajasthan PC-18,Rajasthan District 5,School Building/Classroom,"School Building/Classroom at Main Chowk #927, Rajasthan PC-18",PWD Division,1239783,2025-07-21,Completed,2025-12-01,False,
W002344,MP0350,Yogesh Gupta,Rajasthan,Rajasthan PC-18,Rajasthan District 5,Drinking Water Supply,"Drinking Water Supply in Ward 12 #205, Rajasthan PC-18",State Water Board,874429,2025-10-19,Completed,2025-12-20,False,
W002345,MP0350,Yogesh Gupta,Rajasthan,Rajasthan PC-18,Rajasthan District 5,Streetlight Installation,"Streetlight Installation at Market Road #448, Rajasthan PC-18",Block Development Office,287896,2025-04-26,Completed,2025-06-11,False,
W002346,MP0350,Yogesh Gupta,Rajasthan,Rajasthan PC-18,Rajasthan District 5,Irrigation Canal,"Irrigation Canal near Temple Road #127, Rajasthan PC-18",State Electricity Board,1564244,2026-05-18,Ongoing,,False,
W002347,MP0350,Yogesh Gupta,Rajasthan,Rajasthan PC-18,Rajasthan District 5,Drainage/Sewage,"Drainage/Sewage at Market Road #169, Rajasthan PC-18",State Water Board,659508,2025-02-27,Completed,2025-07-02,False,
W002348,MP0350,Yogesh Gupta,Rajasthan,Rajasthan PC-18,Rajasthan District 5,Community Hall,"Community Hall near Panchayat Bhavan #665, Rajasthan PC-18",State Water Board,1523710,2025-06-28,Completed,2026-02-18,False,
W002349,MP0350,Yogesh Gupta,Rajasthan,Rajasthan PC-18,Rajasthan District 5,Drainage/Sewage,"Drainage/Sewage in Ward 7 #704, Rajasthan PC-18",District Rural Dev. Agency,718456,2025-06-26,Completed,2025-09-28,False,
W002350,MP0350,Yogesh Gupta,Rajasthan,Rajasthan PC-18,Rajasthan District 5,Anganwadi Centre,"Anganwadi Centre near Primary Health Centre #992, Rajasthan PC-18",State Electricity Board,620952,2025-12-19,Completed,2026-03-30,False,
W002351,MP0351,Satish Thakur,Rajasthan,Rajasthan PC-19,Rajasthan District 5,Drainage/Sewage,"Drainage/Sewage in Ward 7 #896, Rajasthan PC-19",Rural Engineering Services,574994,2024-10-04,Completed,2025-01-23,False,
W002352,MP0351,Satish Thakur,Rajasthan,Rajasthan PC-19,Rajasthan District 5,Public Toilet Complex,"Public Toilet Complex in Ward 7 #200, Rajasthan PC-19",Zilla Panchayat,409029,2026-02-15,Completed,2026-04-05,False,
W002353,MP0351,Satish Thakur,Rajasthan,Rajasthan PC-19,Rajasthan District 5,Community Hall,"Community Hall at Main Chowk #234, Rajasthan PC-19",State Electricity Board,2296502,2025-11-09,Completed,2026-05-03,False,
W002354,MP0351,Satish Thakur,Rajasthan,Rajasthan PC-19,Rajasthan District 5,Anganwadi Centre,"Anganwadi Centre at Village Entry Point #646, Rajasthan PC-19",PWD Division,473852,2025-01-29,Completed,2025-04-25,False,
W002355,MP0351,Satish Thakur,Rajasthan,Rajasthan PC-19,Rajasthan District 5,Irrigation Canal,"Irrigation Canal near Community Centre #585, Rajasthan PC-19",State Electricity Board,2047138,2026-03-24,Ongoing,,False,
W002356,MP0351,Satish Thakur,Rajasthan,Rajasthan PC-19,Rajasthan District 5,School Building/Classroom,"School Building/Classroom at Village Entry Point #760, Rajasthan PC-19",District Rural Dev. Agency,1248335,2024-11-26,Completed,2025-06-01,False,
W002357,MP0352,Ajay Pillai,Rajasthan,Rajasthan PC-20,Rajasthan District 5,Health Sub-Centre Upgrade,"Health Sub-Centre Upgrade near Bus Depot #828, Rajasthan PC-20",Municipal Corporation,1201410,2025-02-26,Completed,2025-08-06,False,
W002358,MP0352,Ajay Pillai,Rajasthan,Rajasthan PC-20,Rajasthan District 5,Community Hall,"Community Hall near Panchayat Bhavan #965, Rajasthan PC-20",PWD Division,2299833,2026-02-05,Ongoing,,False,
W002359,MP0352,Ajay Pillai,Rajasthan,Rajasthan PC-20,Rajasthan District 5,Anganwadi Centre,"Anganwadi Centre near Bus Stand #338, Rajasthan PC-20",Zilla Panchayat,659222,2025-06-02,Completed,2025-09-24,False,
W002360,MP0352,Ajay Pillai,Rajasthan,Rajasthan PC-20,Rajasthan District 5,Streetlight Installation,"Streetlight Installation in Ward 12 #759, Rajasthan PC-20",Rural Engineering Services,240788,2025-10-18,Completed,2025-12-02,False,
W002361,MP0352,Ajay Pillai,Rajasthan,Rajasthan PC-20,Rajasthan District 5,Streetlight Installation,"Streetlight Installation near Temple Road #190, Rajasthan PC-20",State Water Board,309141,2025-12-27,Completed,2026-01-30,False,
W002362,MP0352,Ajay Pillai,Rajasthan,Rajasthan PC-20,Rajasthan District 5,Irrigation Canal,"Irrigation Canal in Sector 4 #466, Rajasthan PC-20",Zilla Panchayat,2062665,2025-06-24,Completed,2025-12-12,False,
W002363,MP0353,Lata Barman,Rajasthan,Rajasthan PC-21,Rajasthan District 6,Anganwadi Centre,"Anganwadi Centre near Primary Health Centre #819, Rajasthan PC-21",State Water Board,724611,2026-05-18,Completed,2026-07-07,False,
W002364,MP0353,Lata Barman,Rajasthan,Rajasthan PC-21,Rajasthan District 6,Irrigation Canal,"Irrigation Canal in Sector 4 #703, Rajasthan PC-21",Zilla Panchayat,1997351,2026-05-05,Ongoing,,False,
W002365,MP0353,Lata Barman,Rajasthan,Rajasthan PC-21,Rajasthan District 6,Irrigation Canal,"Irrigation Canal in Ward 12 #793, Rajasthan PC-21",Block Development Office,1678929,2025-05-10,Completed,2025-11-16,False,
W002366,MP0353,Lata Barman,Rajasthan,Rajasthan PC-21,Rajasthan District 6,Community Hall,"Community Hall near Community Centre #286, Rajasthan PC-21",PWD Division,1997710,2025-12-15,Completed,2026-06-09,False,
W002367,MP0353,Lata Barman,Rajasthan,Rajasthan PC-21,Rajasthan District 6,Road Construction/Repair,"Road Construction/Repair near Temple Road #158, Rajasthan PC-21",District Rural Dev. Agency,1281923,2026-03-18,Completed,2026-08-24,False,
W002368,MP0353,Lata Barman,Rajasthan,Rajasthan PC-21,Rajasthan District 6,Road Construction/Repair,"Road Construction/Repair near Govt School #762, Rajasthan PC-21",State Electricity Board,1140926,2025-04-29,Completed,2025-09-10,False,
W002369,MP0353,Lata Barman,Rajasthan,Rajasthan PC-21,Rajasthan District 6,Streetlight Installation,"Streetlight Installation in Ward 7 #691, Rajasthan PC-21",Block Development Office,286658,2025-10-23,Completed,2025-12-09,False,
W002370,MP0354,Yogesh Kumar,Rajasthan,Rajasthan PC-22,Rajasthan District 6,Irrigation Canal,"Irrigation Canal at Market Road #116, Rajasthan PC-22",State Electricity Board,2191216,2025-03-09,Completed,2025-10-05,False,
W002371,MP0354,Yogesh Kumar,Rajasthan,Rajasthan PC-22,Rajasthan District 6,Public Toilet Complex,"Public Toilet Complex near Railway Crossing #426, Rajasthan PC-22",Zilla Panchayat,389500,2025-07-22,Completed,2025-09-28,False,
W002372,MP0354,Yogesh Kumar,Rajasthan,Rajasthan PC-22,Rajasthan District 6,School Building/Classroom,"School Building/Classroom near Panchayat Bhavan #938, Rajasthan PC-22",Zilla Panchayat,1785541,2025-12-27,Completed,2026-08-18,False,
W002373,MP0354,Yogesh Kumar,Rajasthan,Rajasthan PC-22,Rajasthan District 6,Anganwadi Centre,"Anganwadi Centre near Bus Depot #782, Rajasthan PC-22",Rural Engineering Services,624177,2025-06-14,Completed,2025-09-07,False,
W002374,MP0354,Yogesh Kumar,Rajasthan,Rajasthan PC-22,Rajasthan District 6,Health Sub-Centre Upgrade,"Health Sub-Centre Upgrade in Ward 12 #598, Rajasthan PC-22",Block Development Office,1013844,2026-05-14,Ongoing,,False,
W002375,MP0354,Yogesh Kumar,Rajasthan,Rajasthan PC-22,Rajasthan District 6,Community Hall,"Community Hall near Panchayat Bhavan #184, Rajasthan PC-22",State Electricity Board,1598274,2026-01-17,Completed,2026-03-24,False,
W002376,MP0354,Yogesh Kumar,Rajasthan,Rajasthan PC-22,Rajasthan District 6,Drainage/Sewage,"Drainage/Sewage at Main Chowk #702, Rajasthan PC-22",Rural Engineering Services,679997,2025-07-25,Completed,2025-11-21,False,
W002377,MP0354,Yogesh Kumar,Rajasthan,Rajasthan PC-22,Rajasthan District 6,Anganwadi Centre,"Anganwadi Centre in Ward 12 #413, Rajasthan PC-22",State Water Board,634991,2026-03-30,Completed,2026-07-19,False,
W002378,MP0355,Kishore Patel,Rajasthan,Rajasthan PC-23,Rajasthan District 6,Streetlight Installation,"Streetlight Installation in Ward 12 #690, Rajasthan PC-23",State Electricity Board,357610,2026-06-12,Completed,2026-07-31,False,
W002379,MP0355,Kishore Patel,Rajasthan,Rajasthan PC-23,Rajasthan District 6,School Building/Classroom,"School Building/Classroom near Bus Depot #523, Rajasthan PC-23",State Electricity Board,1242517,2025-07-02,Completed,2025-12-19,False,
W002380,MP0355,Kishore Patel,Rajasthan,Rajasthan PC-23,Rajasthan District 6,Drinking Water Supply,"Drinking Water Supply at Main Chowk #617, Rajasthan PC-23",State Electricity Board,757319,2024-08-23,Completed,2024-11-17,False,
W002381,MP0355,Kishore Patel,Rajasthan,Rajasthan PC-23,Rajasthan District 6,Irrigation Canal,"Irrigation Canal near Community Centre #802, Rajasthan PC-23",District Rural Dev. Agency,1895735,2025-09-23,Completed,2026-06-03,False,
W002382,MP0355,Kishore Patel,Rajasthan,Rajasthan PC-23,Rajasthan District 6,Public Toilet Complex,"Public Toilet Complex near Railway Crossing #81, Rajasthan PC-23",Block Development Office,345858,2025-07-04,Completed,2025-08-17,False,
W002383,MP0355,Kishore Patel,Rajasthan,Rajasthan PC-23,Rajasthan District 6,Anganwadi Centre,"Anganwadi Centre near Railway Crossing #142, Rajasthan PC-23",Rural Engineering Services,609381,2024-09-02,Completed,2024-12-17,False,
W002384,MP0355,Kishore Patel,Rajasthan,Rajasthan PC-23,Rajasthan District 6,Public Toilet Complex,"Public Toilet Complex at Colony Gate #553, Rajasthan PC-23",Block Development Office,381692,2026-04-13,Completed,2026-06-29,False,
W002385,MP0356,Rakesh Pandey,Rajasthan,Rajasthan PC-24,Rajasthan District 6,Streetlight Installation,"Streetlight Installation at Colony Gate #448, Rajasthan PC-24",District Rural Dev. Agency,252890,2026-01-28,Completed,2026-03-02,False,
W002386,MP0356,Rakesh Pandey,Rajasthan,Rajasthan PC-24,Rajasthan District 6,Health Sub-Centre Upgrade,"Health Sub-Centre Upgrade at Main Chowk #406, Rajasthan PC-24",State Electricity Board,683373,2025-01-06,Completed,2025-06-22,False,
W002387,MP0356,Rakesh Pandey,Rajasthan,Rajasthan PC-24,Rajasthan District 6,Drainage/Sewage,"Drainage/Sewage near Bus Stand #720, Rajasthan PC-24",Municipal Corporation,884995,2025-09-12,Completed,2025-12-26,False,
W002388,MP0356,Rakesh Pandey,Rajasthan,Rajasthan PC-24,Rajasthan District 6,Irrigation Canal,"Irrigation Canal near Bus Depot #686, Rajasthan PC-24",State Electricity Board,1263522,2026-05-16,Ongoing,,False,
W002389,MP0356,Rakesh Pandey,Rajasthan,Rajasthan PC-24,Rajasthan District 6,Public Toilet Complex,"Public Toilet Complex near Panchayat Bhavan #737, Rajasthan PC-24",Block Development Office,417301,2026-06-10,Completed,2026-07-30,False,
W002390,MP0356,Rakesh Pandey,Rajasthan,Rajasthan PC-24,Rajasthan District 6,Public Toilet Complex,"Public Toilet Complex at Market Road #352, Rajasthan PC-24",Block Development Office,460342,2026-04-10,Completed,2026-05-24,False,
W002391,MP0356,Rakesh Pandey,Rajasthan,Rajasthan PC-24,Rajasthan District 6,Community Hall,"Community Hall near Bus Stand #884, Rajasthan PC-24",Rural Engineering Services,1503019,2025-10-18,Completed,2026-04-08,False,
W002392,MP0356,Rakesh Pandey,Rajasthan,Rajasthan PC-24,Rajasthan District 6,Road Construction/Repair,"Road Construction/Repair in Ward 12 #471, Rajasthan PC-24",State Water Board,1253181,2025-09-03,Completed,2026-01-28,False,
W002393,MP0356,Rakesh Pandey,Rajasthan,Rajasthan PC-24,Rajasthan District 6,Streetlight Installation,"Streetlight Installation at Main Chowk #334, Rajasthan PC-24",District Rural Dev. Agency,300000,2025-08-21,Completed,2025-08-25,True,impossible_speed
W002394,MP0357,Amit Kumar,Rajasthan,Rajasthan PC-25,Rajasthan District 7,Drinking Water Supply,"Drinking Water Supply in Ward 12 #56, Rajasthan PC-25",Municipal Corporation,782569,2024-08-11,Completed,2024-10-30,False,
W002395,MP0357,Amit Kumar,Rajasthan,Rajasthan PC-25,Rajasthan District 7,Irrigation Canal,"Irrigation Canal at Main Chowk #528, Rajasthan PC-25",Zilla Panchayat,2080605,2024-10-31,Completed,2025-06-24,False,
W002396,MP0357,Amit Kumar,Rajasthan,Rajasthan PC-25,Rajasthan District 7,Community Hall,"Community Hall at Village Entry Point #142, Rajasthan PC-25",State Electricity Board,1747066,2026-04-04,Ongoing,,False,
W002397,MP0357,Amit Kumar,Rajasthan,Rajasthan PC-25,Rajasthan District 7,Drinking Water Supply,"Drinking Water Supply near Bus Stand #321, Rajasthan PC-25",Block Development Office,823369,2025-06-13,Completed,2025-08-23,False,
W002398,MP0358,Priya Mondal,Andhra Pradesh,Andhra Pradesh PC-1,Andhra Pradesh District 1,Drainage/Sewage,"Drainage/Sewage near Community Centre #312, Andhra Pradesh PC-1",District Rural Dev. Agency,786800,2026-02-14,Completed,2026-06-17,False,
W002399,MP0358,Priya Mondal,Andhra Pradesh,Andhra Pradesh PC-1,Andhra Pradesh District 1,Drainage/Sewage,"Drainage/Sewage at Ward 3 #695, Andhra Pradesh PC-1",Block Development Office,490424,2025-09-06,Completed,2025-11-21,False,
W002400,MP0358,Priya Mondal,Andhra Pradesh,Andhra Pradesh PC-1,Andhra Pradesh District 1,Public Toilet Complex,"Public Toilet Complex at Colony Gate #851, Andhra Pradesh PC-1",Municipal Corporation,378668,2026-04-13,Completed,2026-05-27,False,
W002401,MP0358,Priya Mondal,Andhra Pradesh,Andhra Pradesh PC-1,Andhra Pradesh District 1,School Building/Classroom,"School Building/Classroom near Govt School #387, Andhra Pradesh PC-1",PWD Division,1290466,2026-05-18,Ongoing,,False,
W002402,MP0358,Priya Mondal,Andhra Pradesh,Andhra Pradesh PC-1,Andhra Pradesh District 1,School Building/Classroom,"School Building/Classroom near Bus Stand #352, Andhra Pradesh PC-1",PWD Division,1388437,2025-08-15,Completed,2026-02-20,False,
W002403,MP0358,Priya Mondal,Andhra Pradesh,Andhra Pradesh PC-1,Andhra Pradesh District 1,Streetlight Installation,"Streetlight Installation near Primary Health Centre #512, Andhra Pradesh PC-1",PWD Division,325795,2025-03-21,Completed,2025-05-04,False,
W002404,MP0359,Poonam Mehta,Andhra Pradesh,Andhra Pradesh PC-2,Andhra Pradesh District 1,Drinking Water Supply,"Drinking Water Supply near Temple Road #252, Andhra Pradesh PC-2",State Electricity Board,778893,2025-07-21,Completed,2025-10-10,False,
W002405,MP0359,Poonam Mehta,Andhra Pradesh,Andhra Pradesh PC-2,Andhra Pradesh District 1,Public Toilet Complex,"Public Toilet Complex near Govt School #240, Andhra Pradesh PC-2",Block Development Office,386558,2026-05-08,Completed,2026-07-20,False,
W002406,MP0359,Poonam Mehta,Andhra Pradesh,Andhra Pradesh PC-2,Andhra Pradesh District 1,Drainage/Sewage,"Drainage/Sewage in Sector 4 #621, Andhra Pradesh PC-2",Municipal Corporation,750265,2024-09-25,Completed,2024-11-30,False,
W002407,MP0359,Poonam Mehta,Andhra Pradesh,Andhra Pradesh PC-2,Andhra Pradesh District 1,Anganwadi Centre,"Anganwadi Centre in Sector 4 #29, Andhra Pradesh PC-2",Block Development Office,652507,2025-04-05,Completed,2025-07-26,False,
W002408,MP0359,Poonam Mehta,Andhra Pradesh,Andhra Pradesh PC-2,Andhra Pradesh District 1,Drinking Water Supply,"Drinking Water Supply near Temple Road #44, Andhra Pradesh PC-2",District Rural Dev. Agency,843120,2026-03-08,Completed,2026-06-10,False,
W002409,MP0359,Poonam Mehta,Andhra Pradesh,Andhra Pradesh PC-2,Andhra Pradesh District 1,Irrigation Canal,"Irrigation Canal in Sector 4 #88, Andhra Pradesh PC-2",Municipal Corporation,2132537,2025-01-24,Completed,2025-09-10,False,
W002410,MP0359,Poonam Mehta,Andhra Pradesh,Andhra Pradesh PC-2,Andhra Pradesh District 1,Community Hall,"Community Hall in Sector 4 #279, Andhra Pradesh PC-2",Zilla Panchayat,2141827,2024-09-30,Completed,2025-03-19,False,
W002411,MP0359,Poonam Mehta,Andhra Pradesh,Andhra Pradesh PC-2,Andhra Pradesh District 1,Drainage/Sewage,"Drainage/Sewage near Railway Crossing #594, Andhra Pradesh PC-2",State Water Board,660777,2025-05-26,Completed,2025-09-04,False,
W002412,MP0359,Poonam Mehta,Andhra Pradesh,Andhra Pradesh PC-2,Andhra Pradesh District 1,Health Sub-Centre Upgrade,"Health Sub-Centre Upgrade near Govt School #888, Andhra Pradesh PC-2",Zilla Panchayat,1027903,2024-10-03,Completed,2025-01-21,False,
W002413,MP0360,Kiran Kumar,Andhra Pradesh,Andhra Pradesh PC-3,Andhra Pradesh District 1,Drainage/Sewage,"Drainage/Sewage at Colony Gate #6, Andhra Pradesh PC-3",Rural Engineering Services,639990,2026-06-05,Ongoing,,False,
W002414,MP0360,Kiran Kumar,Andhra Pradesh,Andhra Pradesh PC-3,Andhra Pradesh District 1,Drainage/Sewage,"Drainage/Sewage at Main Chowk #998, Andhra Pradesh PC-3",Rural Engineering Services,772535,2025-12-04,Completed,2026-03-02,False,
W002415,MP0360,Kiran Kumar,Andhra Pradesh,Andhra Pradesh PC-3,Andhra Pradesh District 1,Drinking Water Supply,"Drinking Water Supply near Temple Road #296, Andhra Pradesh PC-3",State Electricity Board,676151,2025-01-23,Completed,2025-04-25,False,
W002416,MP0360,Kiran Kumar,Andhra Pradesh,Andhra Pradesh PC-3,Andhra Pradesh District 1,Irrigation Canal,"Irrigation Canal at Ward 3 #397, Andhra Pradesh PC-3",Block Development Office,1975923,2025-06-12,Completed,2026-01-28,False,
W002417,MP0360,Kiran Kumar,Andhra Pradesh,Andhra Pradesh PC-3,Andhra Pradesh District 1,Streetlight Installation,"Streetlight Installation at Colony Gate #737, Andhra Pradesh PC-3",Municipal Corporation,307081,2025-12-01,Completed,2026-01-14,False,
W002418,MP0360,Kiran Kumar,Andhra Pradesh,Andhra Pradesh PC-3,Andhra Pradesh District 1,Drinking Water Supply,"Drinking Water Supply in Sector 4 #669, Andhra Pradesh PC-3",State Electricity Board,812572,2026-02-05,Completed,2026-06-06,False,
W002419,MP0360,Kiran Kumar,Andhra Pradesh,Andhra Pradesh PC-3,Andhra Pradesh District 1,Road Construction/Repair,"Road Construction/Repair near Bus Stand #85, Andhra Pradesh PC-3",Zilla Panchayat,1077893,2026-02-08,Ongoing,,False,
W002420,MP0360,Kiran Kumar,Andhra Pradesh,Andhra Pradesh PC-3,Andhra Pradesh District 1,Health Sub-Centre Upgrade,"Health Sub-Centre Upgrade at Ward 3 #738, Andhra Pradesh PC-3",PWD Division,1060676,2025-04-21,Completed,2025-10-04,False,
W002421,MP0361,Naresh Yadav,Andhra Pradesh,Andhra Pradesh PC-4,Andhra Pradesh District 1,Public Toilet Complex,"Public Toilet Complex in Ward 7 #519, Andhra Pradesh PC-4",Block Development Office,420094,2025-10-23,Completed,2025-12-22,False,
W002422,MP0361,Naresh Yadav,Andhra Pradesh,Andhra Pradesh PC-4,Andhra Pradesh District 1,Streetlight Installation,"Streetlight Installation in Ward 7 #522, Andhra Pradesh PC-4",Municipal Corporation,372016,2025-11-30,Completed,2026-01-04,False,
W002423,MP0361,Naresh Yadav,Andhra Pradesh,Andhra Pradesh PC-4,Andhra Pradesh District 1,Road Construction/Repair,"Road Construction/Repair near Bus Stand #578, Andhra Pradesh PC-4",PWD Division,1235603,2025-04-19,Completed,2025-10-03,False,
W002424,MP0361,Naresh Yadav,Andhra Pradesh,Andhra Pradesh PC-4,Andhra Pradesh District 1,Drinking Water Supply,"Drinking Water Supply at Market Road #976, Andhra Pradesh PC-4",State Water Board,783148,2025-05-09,Completed,2025-07-07,False,
W002425,MP0361,Naresh Yadav,Andhra Pradesh,Andhra Pradesh PC-4,Andhra Pradesh District 1,Drinking Water Supply,"Drinking Water Supply at Colony Gate #388, Andhra Pradesh PC-4",State Water Board,645959,2025-08-23,Completed,2025-11-25,False,
W002426,MP0361,Naresh Yadav,Andhra Pradesh,Andhra Pradesh PC-4,Andhra Pradesh District 1,Drinking Water Supply,"Drinking Water Supply in Ward 12 #404, Andhra Pradesh PC-4",Rural Engineering Services,875537,2025-07-17,Completed,2025-10-12,False,
W002427,MP0361,Naresh Yadav,Andhra Pradesh,Andhra Pradesh PC-4,Andhra Pradesh District 1,Community Hall,"Community Hall in Ward 7 #739, Andhra Pradesh PC-4",State Water Board,2319753,2024-12-30,Completed,2025-06-17,False,
W002428,MP0362,Sunita Mishra,Andhra Pradesh,Andhra Pradesh PC-5,Andhra Pradesh District 2,Road Construction/Repair,"Road Construction/Repair at Colony Gate #233, Andhra Pradesh PC-5",Municipal Corporation,1527017,2025-01-23,Completed,2025-05-13,False,
W002429,MP0362,Sunita Mishra,Andhra Pradesh,Andhra Pradesh PC-5,Andhra Pradesh District 2,Drainage/Sewage,"Drainage/Sewage near Bus Stand #144, Andhra Pradesh PC-5",District Rural Dev. Agency,776307,2025-09-01,Completed,2025-11-30,False,
W002430,MP0362,Sunita Mishra,Andhra Pradesh,Andhra Pradesh PC-5,Andhra Pradesh District 2,Streetlight Installation,"Streetlight Installation near Primary Health Centre #937, Andhra Pradesh PC-5",PWD Division,324863,2025-03-28,Completed,2025-05-04,False,
W002431,MP0362,Sunita Mishra,Andhra Pradesh,Andhra Pradesh PC-5,Andhra Pradesh District 2,Drainage/Sewage,"Drainage/Sewage near Primary Health Centre #594, Andhra Pradesh PC-5",State Water Board,692981,2024-10-02,Completed,2024-12-14,False,
W002432,MP0362,Sunita Mishra,Andhra Pradesh,Andhra Pradesh PC-5,Andhra Pradesh District 2,Community Hall,"Community Hall at Village Entry Point #425, Andhra Pradesh PC-5",Rural Engineering Services,1953996,2025-08-11,Completed,2026-03-14,False,
W002433,MP0362,Sunita Mishra,Andhra Pradesh,Andhra Pradesh PC-5,Andhra Pradesh District 2,Community Hall,"Community Hall near Temple Road #735, Andhra Pradesh PC-5",Municipal Corporation,2072880,2024-12-24,Completed,2025-06-19,False,
W002434,MP0363,Rajesh Deshmukh,Andhra Pradesh,Andhra Pradesh PC-6,Andhra Pradesh District 2,Health Sub-Centre Upgrade,"Health Sub-Centre Upgrade at Market Road #264, Andhra Pradesh PC-6",Municipal Corporation,1074914,2025-08-05,Completed,2025-12-17,False,
W002435,MP0363,Rajesh Deshmukh,Andhra Pradesh,Andhra Pradesh PC-6,Andhra Pradesh District 2,Irrigation Canal,"Irrigation Canal at Main Chowk #610, Andhra Pradesh PC-6",Rural Engineering Services,1507307,2026-05-07,Ongoing,,False,
W002436,MP0363,Rajesh Deshmukh,Andhra Pradesh,Andhra Pradesh PC-6,Andhra Pradesh District 2,Drainage/Sewage,"Drainage/Sewage near Bus Depot #741, Andhra Pradesh PC-6",State Water Board,771120,2024-09-28,Completed,2024-12-29,False,
W002437,MP0363,Rajesh Deshmukh,Andhra Pradesh,Andhra Pradesh PC-6,Andhra Pradesh District 2,Road Construction/Repair,"Road Construction/Repair at Ward 3 #212, Andhra Pradesh PC-6",Zilla Panchayat,1244515,2026-01-21,Completed,2026-06-14,False,
W002438,MP0363,Rajesh Deshmukh,Andhra Pradesh,Andhra Pradesh PC-6,Andhra Pradesh District 2,Public Toilet Complex,"Public Toilet Complex near Bus Depot #189, Andhra Pradesh PC-6",Municipal Corporation,363164,2025-05-07,Completed,2025-06-27,False,
W002439,MP0364,Arun Patel,Andhra Pradesh,Andhra Pradesh PC-7,Andhra Pradesh District 2,Streetlight Installation,"Streetlight Installation near Bus Stand #909, Andhra Pradesh PC-7",Zilla Panchayat,333279,2025-05-11,Completed,2025-07-03,False,
W002440,MP0364,Arun Patel,Andhra Pradesh,Andhra Pradesh PC-7,Andhra Pradesh District 2,School Building/Classroom,"School Building/Classroom in Sector 4 #778, Andhra Pradesh PC-7",Municipal Corporation,1688951,2025-12-13,Completed,2026-05-17,False,
W002441,MP0364,Arun Patel,Andhra Pradesh,Andhra Pradesh PC-7,Andhra Pradesh District 2,Irrigation Canal,"Irrigation Canal in Sector 4 #137, Andhra Pradesh PC-7",State Electricity Board,2133119,2025-05-28,Completed,2025-10-11,False,
W002442,MP0364,Arun Patel,Andhra Pradesh,Andhra Pradesh PC-7,Andhra Pradesh District 2,Community Hall,"Community Hall at Main Chowk #475, Andhra Pradesh PC-7",State Electricity Board,1490575,2025-03-13,Completed,2025-09-11,False,
W002443,MP0364,Arun Patel,Andhra Pradesh,Andhra Pradesh PC-7,Andhra Pradesh District 2,Anganwadi Centre,"Anganwadi Centre at Market Road #822, Andhra Pradesh PC-7",State Water Board,703213,2025-04-11,Completed,2025-08-03,False,
W002444,MP0364,Arun Patel,Andhra Pradesh,Andhra Pradesh PC-7,Andhra Pradesh District 2,Community Hall,"Community Hall near Govt School #804, Andhra Pradesh PC-7",State Electricity Board,1884294,2025-07-15,Completed,2026-02-27,False,
W002445,MP0365,Satish Kumar,Andhra Pradesh,Andhra Pradesh PC-8,Andhra Pradesh District 2,Health Sub-Centre Upgrade,"Health Sub-Centre Upgrade at Village Entry Point #861, Andhra Pradesh PC-8",Block Development Office,1092320,2025-04-03,Completed,2025-09-17,False,
W002446,MP0365,Satish Kumar,Andhra Pradesh,Andhra Pradesh PC-8,Andhra Pradesh District 2,Community Hall,"Community Hall in Ward 7 #718, Andhra Pradesh PC-8",Block Development Office,1861398,2026-04-28,Ongoing,,False,
W002447,MP0365,Satish Kumar,Andhra Pradesh,Andhra Pradesh PC-8,Andhra Pradesh District 2,Health Sub-Centre Upgrade,"Health Sub-Centre Upgrade near Govt School #635, Andhra Pradesh PC-8",State Water Board,966338,2026-01-15,Ongoing,,False,
W002448,MP0365,Satish Kumar,Andhra Pradesh,Andhra Pradesh PC-8,Andhra Pradesh District 2,School Building/Classroom,"School Building/Classroom in Ward 7 #713, Andhra Pradesh PC-8",District Rural Dev. Agency,1496923,2024-12-12,Completed,2025-06-14,False,
W002449,MP0365,Satish Kumar,Andhra Pradesh,Andhra Pradesh PC-8,Andhra Pradesh District 2,Public Toilet Complex,"Public Toilet Complex near Bus Stand #223, Andhra Pradesh PC-8",State Electricity Board,429553,2025-05-12,Completed,2025-07-09,False,
W002450,MP0366,Naresh Iyer,Andhra Pradesh,Andhra Pradesh PC-9,Andhra Pradesh District 3,Irrigation Canal,"Irrigation Canal in Ward 7 #514, Andhra Pradesh PC-9",Zilla Panchayat,1484543,2024-11-08,Completed,2025-03-28,False,
W002451,MP0366,Naresh Iyer,Andhra Pradesh,Andhra Pradesh PC-9,Andhra Pradesh District 3,Drainage/Sewage,"Drainage/Sewage near Railway Crossing #518, Andhra Pradesh PC-9",Zilla Panchayat,750449,2025-06-30,Completed,2025-09-22,False,
W002452,MP0366,Naresh Iyer,Andhra Pradesh,Andhra Pradesh PC-9,Andhra Pradesh District 3,Community Hall,"Community Hall near Govt School #861, Andhra Pradesh PC-9",Zilla Panchayat,2118553,2025-08-23,Completed,2026-03-01,False,
W002453,MP0366,Naresh Iyer,Andhra Pradesh,Andhra Pradesh PC-9,Andhra Pradesh District 3,Health Sub-Centre Upgrade,"Health Sub-Centre Upgrade near Bus Depot #85, Andhra Pradesh PC-9",Municipal Corporation,1107544,2026-05-16,Ongoing,,False,
W002454,MP0366,Naresh Iyer,Andhra Pradesh,Andhra Pradesh PC-9,Andhra Pradesh District 3,Drinking Water Supply,"Drinking Water Supply near Govt School #422, Andhra Pradesh PC-9",Municipal Corporation,756586,2024-12-07,Completed,2025-03-31,False,
W002455,MP0367,Kavita Rathore,Andhra Pradesh,Andhra Pradesh PC-10,Andhra Pradesh District 3,Drinking Water Supply,"Drinking Water Supply near Primary Health Centre #168, Andhra Pradesh PC-10",Rural Engineering Services,654977,2025-04-19,Completed,2025-06-19,False,
W002456,MP0367,Kavita Rathore,Andhra Pradesh,Andhra Pradesh PC-10,Andhra Pradesh District 3,Anganwadi Centre,"Anganwadi Centre near Bus Stand #839, Andhra Pradesh PC-10",Rural Engineering Services,687971,2024-12-22,Completed,2025-03-08,False,
W002457,MP0367,Kavita Rathore,Andhra Pradesh,Andhra Pradesh PC-10,Andhra Pradesh District 3,Streetlight Installation,"Streetlight Installation near Bus Stand #145, Andhra Pradesh PC-10",Zilla Panchayat,315181,2026-03-09,Completed,2026-04-17,False,
W002458,MP0367,Kavita Rathore,Andhra Pradesh,Andhra Pradesh PC-10,Andhra Pradesh District 3,Anganwadi Centre,"Anganwadi Centre in Ward 7 #535, Andhra Pradesh PC-10",District Rural Dev. Agency,541419,2025-05-30,Completed,2025-11-02,False,
W002459,MP0367,Kavita Rathore,Andhra Pradesh,Andhra Pradesh PC-10,Andhra Pradesh District 3,Streetlight Installation,"Streetlight Installation at Ward 3 #971, Andhra Pradesh PC-10",Zilla Panchayat,329837,2026-02-20,Completed,2026-03-23,False,
W002460,MP0367,Kavita Rathore,Andhra Pradesh,Andhra Pradesh PC-10,Andhra Pradesh District 3,Drainage/Sewage,"Drainage/Sewage near Primary Health Centre #972, Andhra Pradesh PC-10",Block Development Office,717686,2025-03-20,Completed,2025-06-11,False,
W002461,MP0368,Harish Barman,Andhra Pradesh,Andhra Pradesh PC-11,Andhra Pradesh District 3,Anganwadi Centre,"Anganwadi Centre near Panchayat Bhavan #272, Andhra Pradesh PC-11",Municipal Corporation,591428,2026-06-03,Ongoing,,False,
W002462,MP0368,Harish Barman,Andhra Pradesh,Andhra Pradesh PC-11,Andhra Pradesh District 3,Public Toilet Complex,"Public Toilet Complex in Ward 7 #543, Andhra Pradesh PC-11",District Rural Dev. Agency,320240,2025-06-19,Completed,2025-08-29,False,
W002463,MP0368,Harish Barman,Andhra Pradesh,Andhra Pradesh PC-11,Andhra Pradesh District 3,Drinking Water Supply,"Drinking Water Supply near Community Centre #787, Andhra Pradesh PC-11",State Electricity Board,840217,2025-09-13,Completed,2025-12-03,False,
W002464,MP0368,Harish Barman,Andhra Pradesh,Andhra Pradesh PC-11,Andhra Pradesh District 3,School Building/Classroom,"School Building/Classroom at Ward 3 #32, Andhra Pradesh PC-11",Municipal Corporation,1322940,2024-12-20,Completed,2025-07-17,False,
W002465,MP0369,Yogesh Reddy,Andhra Pradesh,Andhra Pradesh PC-12,Andhra Pradesh District 3,Public Toilet Complex,"Public Toilet Complex at Main Chowk #25, Andhra Pradesh PC-12",PWD Division,409723,2025-07-30,Completed,2025-09-29,False,
W002466,MP0369,Yogesh Reddy,Andhra Pradesh,Andhra Pradesh PC-12,Andhra Pradesh District 3,Drinking Water Supply,"Drinking Water Supply at Ward 3 #452, Andhra Pradesh PC-12",Block Development Office,734286,2025-05-14,Completed,2025-08-28,False,
W002467,MP0369,Yogesh Reddy,Andhra Pradesh,Andhra Pradesh PC-12,Andhra Pradesh District 3,Community Hall,"Community Hall near Community Centre #207, Andhra Pradesh PC-12",District Rural Dev. Agency,2502209,2025-09-14,Completed,2026-03-14,False,
W002468,MP0369,Yogesh Reddy,Andhra Pradesh,Andhra Pradesh PC-12,Andhra Pradesh District 3,Community Hall,"Community Hall at Colony Gate #910, Andhra Pradesh PC-12",State Electricity Board,2174979,2025-04-01,Completed,2025-10-23,False,
W002469,MP0369,Yogesh Reddy,Andhra Pradesh,Andhra Pradesh PC-12,Andhra Pradesh District 3,Drinking Water Supply,"Drinking Water Supply at Market Road #426, Andhra Pradesh PC-12",Block Development Office,992794,2025-09-19,Completed,2025-11-20,False,
W002470,MP0369,Yogesh Reddy,Andhra Pradesh,Andhra Pradesh PC-12,Andhra Pradesh District 3,Health Sub-Centre Upgrade,"Health Sub-Centre Upgrade near Temple Road #24, Andhra Pradesh PC-12",Municipal Corporation,1165653,2025-05-19,Completed,2025-11-16,False,
W002471,MP0370,Rajesh Chatterjee,Andhra Pradesh,Andhra Pradesh PC-13,Andhra Pradesh District 4,Health Sub-Centre Upgrade,"Health Sub-Centre Upgrade at Ward 3 #914, Andhra Pradesh PC-13",State Electricity Board,1207073,2026-04-06,Ongoing,,False,
W002472,MP0370,Rajesh Chatterjee,Andhra Pradesh,Andhra Pradesh PC-13,Andhra Pradesh District 4,Community Hall,"Community Hall near Temple Road #825, Andhra Pradesh PC-13",State Water Board,1945777,2025-12-25,Completed,2026-07-08,False,
W002473,MP0370,Rajesh Chatterjee,Andhra Pradesh,Andhra Pradesh PC-13,Andhra Pradesh District 4,Community Hall,"Community Hall near Govt School #997, Andhra Pradesh PC-13",Municipal Corporation,2147848,2025-01-20,Completed,2025-08-31,False,
W002474,MP0370,Rajesh Chatterjee,Andhra Pradesh,Andhra Pradesh PC-13,Andhra Pradesh District 4,Public Toilet Complex,"Public Toilet Complex near Panchayat Bhavan #454, Andhra Pradesh PC-13",Municipal Corporation,373238,2025-06-19,Completed,2025-08-29,False,
W002475,MP0371,Kiran Gupta,Andhra Pradesh,Andhra Pradesh PC-14,Andhra Pradesh District 4,Anganwadi Centre,"Anganwadi Centre near Railway Crossing #249, Andhra Pradesh PC-14",Block Development Office,562635,2025-07-24,Completed,2025-11-13,False,
W002476,MP0371,Kiran Gupta,Andhra Pradesh,Andhra Pradesh PC-14,Andhra Pradesh District 4,School Building/Classroom,"School Building/Classroom near Primary Health Centre #680, Andhra Pradesh PC-14",Block Development Office,1598673,2025-09-02,Completed,2026-03-05,False,
W002477,MP0371,Kiran Gupta,Andhra Pradesh,Andhra Pradesh PC-14,Andhra Pradesh District 4,Streetlight Installation,"Streetlight Installation at Ward 3 #650, Andhra Pradesh PC-14",Zilla Panchayat,422423,2026-01-20,Completed,2026-03-10,False,
W002478,MP0371,Kiran Gupta,Andhra Pradesh,Andhra Pradesh PC-14,Andhra Pradesh District 4,Irrigation Canal,"Irrigation Canal near Railway Crossing #969, Andhra Pradesh PC-14",Rural Engineering Services,1630761,2025-02-08,Completed,2025-08-01,False,
W002479,MP0371,Kiran Gupta,Andhra Pradesh,Andhra Pradesh PC-14,Andhra Pradesh District 4,Streetlight Installation,"Streetlight Installation at Market Road #246, Andhra Pradesh PC-14",PWD Division,280233,2026-01-09,Completed,2026-02-21,False,
W002480,MP0371,Kiran Gupta,Andhra Pradesh,Andhra Pradesh PC-14,Andhra Pradesh District 4,School Building/Classroom,"School Building/Classroom in Ward 12 #349, Andhra Pradesh PC-14",State Electricity Board,1668942,2025-07-19,Completed,2026-02-26,False,
W002481,MP0372,Arun Kulkarni,Andhra Pradesh,Andhra Pradesh PC-15,Andhra Pradesh District 4,School Building/Classroom,"School Building/Classroom at Village Entry Point #69, Andhra Pradesh PC-15",State Water Board,1131373,2025-01-27,Completed,2025-08-29,False,
W002482,MP0372,Arun Kulkarni,Andhra Pradesh,Andhra Pradesh PC-15,Andhra Pradesh District 4,Community Hall,"Community Hall near Railway Crossing #792, Andhra Pradesh PC-15",State Water Board,1499492,2024-12-27,Completed,2025-05-24,False,
W002483,MP0372,Arun Kulkarni,Andhra Pradesh,Andhra Pradesh PC-15,Andhra Pradesh District 4,Road Construction/Repair,"Road Construction/Repair near Community Centre #762, Andhra Pradesh PC-15",Rural Engineering Services,1080109,2025-11-30,Completed,2026-03-30,False,
W002484,MP0372,Arun Kulkarni,Andhra Pradesh,Andhra Pradesh PC-15,Andhra Pradesh District 4,Road Construction/Repair,"Road Construction/Repair in Ward 12 #29, Andhra Pradesh PC-15",State Electricity Board,1229964,2025-03-29,Completed,2025-08-10,False,
W002485,MP0372,Arun Kulkarni,Andhra Pradesh,Andhra Pradesh PC-15,Andhra Pradesh District 4,Road Construction/Repair,"Road Construction/Repair in Ward 7 #665, Andhra Pradesh PC-15",District Rural Dev. Agency,1132367,2025-08-11,Completed,2025-12-12,False,
W002486,MP0372,Arun Kulkarni,Andhra Pradesh,Andhra Pradesh PC-15,Andhra Pradesh District 4,Health Sub-Centre Upgrade,"Health Sub-Centre Upgrade at Village Entry Point #291, Andhra Pradesh PC-15",PWD Division,1003992,2026-05-11,Ongoing,,False,
W002487,MP0372,Arun Kulkarni,Andhra Pradesh,Andhra Pradesh PC-15,Andhra Pradesh District 4,Community Hall,"Community Hall near Railway Crossing #792, Andhra Pradesh PC-15 (Phase II)",State Water Board,2093103,2025-02-02,Sanctioned,,True,duplicate_work
W002488,MP0373,Kiran Naidu,Andhra Pradesh,Andhra Pradesh PC-16,Andhra Pradesh District 4,School Building/Classroom,"School Building/Classroom near Community Centre #677, Andhra Pradesh PC-16",State Water Board,1564846,2026-01-15,Completed,2026-06-05,False,
W002489,MP0373,Kiran Naidu,Andhra Pradesh,Andhra Pradesh PC-16,Andhra Pradesh District 4,School Building/Classroom,"School Building/Classroom at Market Road #144, Andhra Pradesh PC-16",State Electricity Board,1374498,2026-03-07,Ongoing,,False,
W002490,MP0373,Kiran Naidu,Andhra Pradesh,Andhra Pradesh PC-16,Andhra Pradesh District 4,Irrigation Canal,"Irrigation Canal near Community Centre #263, Andhra Pradesh PC-16",Municipal Corporation,2052043,2024-09-06,Completed,2025-02-27,False,
W002491,MP0373,Kiran Naidu,Andhra Pradesh,Andhra Pradesh PC-16,Andhra Pradesh District 4,Road Construction/Repair,"Road Construction/Repair near Community Centre #36, Andhra Pradesh PC-16",District Rural Dev. Agency,1034415,2024-09-21,Completed,2025-02-26,False,
W002492,MP0373,Kiran Naidu,Andhra Pradesh,Andhra Pradesh PC-16,Andhra Pradesh District 4,Streetlight Installation,"Streetlight Installation at Colony Gate #922, Andhra Pradesh PC-16",State Water Board,316875,2025-10-15,Completed,2025-12-09,False,
W002493,MP0373,Kiran Naidu,Andhra Pradesh,Andhra Pradesh PC-16,Andhra Pradesh District 4,Health Sub-Centre Upgrade,"Health Sub-Centre Upgrade near Panchayat Bhavan #103, Andhra Pradesh PC-16",Block Development Office,982376,2025-05-12,Completed,2025-09-21,False,
W002494,MP0374,Lata Pillai,Andhra Pradesh,Andhra Pradesh PC-17,Andhra Pradesh District 5,Road Construction/Repair,"Road Construction/Repair near Railway Crossing #612, Andhra Pradesh PC-17",Municipal Corporation,1110735,2025-12-28,Completed,2026-03-28,False,
W002495,MP0374,Lata Pillai,Andhra Pradesh,Andhra Pradesh PC-17,Andhra Pradesh District 5,Road Construction/Repair,"Road Construction/Repair near Panchayat Bhavan #506, Andhra Pradesh PC-17",PWD Division,1448017,2025-07-19,Completed,2025-12-24,False,
W002496,MP0374,Lata Pillai,Andhra Pradesh,Andhra Pradesh PC-17,Andhra Pradesh District 5,Road Construction/Repair,"Road Construction/Repair near Bus Stand #873, Andhra Pradesh PC-17",Rural Engineering Services,1307025,2025-01-10,Completed,2025-05-22,False,
W002497,MP0374,Lata Pillai,Andhra Pradesh,Andhra Pradesh PC-17,Andhra Pradesh District 5,School Building/Classroom,"School Building/Classroom at Ward 3 #936, Andhra Pradesh PC-17",State Electricity Board,1888724,2025-06-19,Completed,2025-10-27,False,
W002498,MP0375,Sanjeev Mondal,Andhra Pradesh,Andhra Pradesh PC-18,Andhra Pradesh District 5,Community Hall,"Community Hall near Bus Depot #341, Andhra Pradesh PC-18",District Rural Dev. Agency,1793853,2024-09-24,Completed,2025-05-19,False,
W002499,MP0375,Sanjeev Mondal,Andhra Pradesh,Andhra Pradesh PC-18,Andhra Pradesh District 5,Drinking Water Supply,"Drinking Water Supply in Ward 7 #741, Andhra Pradesh PC-18",District Rural Dev. Agency,850020,2024-12-21,Completed,2025-04-02,False,
W002500,MP0375,Sanjeev Mondal,Andhra Pradesh,Andhra Pradesh PC-18,Andhra Pradesh District 5,School Building/Classroom,"School Building/Classroom near Temple Road #108, Andhra Pradesh PC-18",State Water Board,1407879,2026-01-13,Completed,2026-07-16,False,
W002501,MP0375,Sanjeev Mondal,Andhra Pradesh,Andhra Pradesh PC-18,Andhra Pradesh District 5,School Building/Classroom,"School Building/Classroom near Panchayat Bhavan #610, Andhra Pradesh PC-18",Municipal Corporation,2032087,2025-02-14,Completed,2025-07-26,False,
W002502,MP0375,Sanjeev Mondal,Andhra Pradesh,Andhra Pradesh PC-18,Andhra Pradesh District 5,Public Toilet Complex,"Public Toilet Complex at Village Entry Point #762, Andhra Pradesh PC-18",Zilla Panchayat,377928,2024-10-27,Completed,2025-01-21,False,
W002503,MP0375,Sanjeev Mondal,Andhra Pradesh,Andhra Pradesh PC-18,Andhra Pradesh District 5,Public Toilet Complex,"Public Toilet Complex near Panchayat Bhavan #451, Andhra Pradesh PC-18",District Rural Dev. Agency,400000,2026-04-07,Completed,2026-04-11,True,impossible_speed
W002504,MP0376,Usha Roy,Andhra Pradesh,Andhra Pradesh PC-19,Andhra Pradesh District 5,Drainage/Sewage,"Drainage/Sewage at Village Entry Point #595, Andhra Pradesh PC-19",PWD Division,816205,2025-07-25,Completed,2025-11-09,False,
W002505,MP0376,Usha Roy,Andhra Pradesh,Andhra Pradesh PC-19,Andhra Pradesh District 5,Health Sub-Centre Upgrade,"Health Sub-Centre Upgrade at Main Chowk #121, Andhra Pradesh PC-19",PWD Division,924087,2025-08-11,Completed,2026-01-29,False,
W002506,MP0376,Usha Roy,Andhra Pradesh,Andhra Pradesh PC-19,Andhra Pradesh District 5,Drinking Water Supply,"Drinking Water Supply in Sector 4 #610, Andhra Pradesh PC-19",Zilla Panchayat,906485,2025-07-17,Completed,2025-10-30,False,
W002507,MP0376,Usha Roy,Andhra Pradesh,Andhra Pradesh PC-19,Andhra Pradesh District 5,Irrigation Canal,"Irrigation Canal near Railway Crossing #242, Andhra Pradesh PC-19",Municipal Corporation,1736683,2026-06-09,Ongoing,,False,
W002508,MP0376,Usha Roy,Andhra Pradesh,Andhra Pradesh PC-19,Andhra Pradesh District 5,Public Toilet Complex,"Public Toilet Complex at Main Chowk #583, Andhra Pradesh PC-19",Zilla Panchayat,405591,2025-06-25,Completed,2025-08-21,False,
W002509,MP0376,Usha Roy,Andhra Pradesh,Andhra Pradesh PC-19,Andhra Pradesh District 5,Drainage/Sewage,"Drainage/Sewage in Sector 4 #916, Andhra Pradesh PC-19",Block Development Office,988103,2025-08-12,Completed,2025-11-28,False,
W002510,MP0376,Usha Roy,Andhra Pradesh,Andhra Pradesh PC-19,Andhra Pradesh District 5,Drainage/Sewage,"Drainage/Sewage near Govt School #67, Andhra Pradesh PC-19",Rural Engineering Services,511706,2025-08-15,Completed,2025-12-13,False,
W002511,MP0377,Kishore Nair,Andhra Pradesh,Andhra Pradesh PC-20,Andhra Pradesh District 5,Road Construction/Repair,"Road Construction/Repair near Govt School #367, Andhra Pradesh PC-20",State Electricity Board,1175547,2025-09-06,Completed,2026-03-01,False,
W002512,MP0377,Kishore Nair,Andhra Pradesh,Andhra Pradesh PC-20,Andhra Pradesh District 5,Drinking Water Supply,"Drinking Water Supply near Govt School #212, Andhra Pradesh PC-20",PWD Division,978654,2024-10-06,Completed,2024-12-17,False,
W002513,MP0377,Kishore Nair,Andhra Pradesh,Andhra Pradesh PC-20,Andhra Pradesh District 5,Streetlight Installation,"Streetlight Installation near Bus Stand #544, Andhra Pradesh PC-20",District Rural Dev. Agency,354224,2025-01-24,Completed,2025-03-24,False,
W002514,MP0377,Kishore Nair,Andhra Pradesh,Andhra Pradesh PC-20,Andhra Pradesh District 5,Drinking Water Supply,"Drinking Water Supply at Ward 3 #118, Andhra Pradesh PC-20",District Rural Dev. Agency,866389,2025-02-02,Completed,2025-05-15,False,
W002515,MP0377,Kishore Nair,Andhra Pradesh,Andhra Pradesh PC-20,Andhra Pradesh District 5,Community Hall,"Community Hall in Ward 7 #538, Andhra Pradesh PC-20",PWD Division,1799482,2025-01-14,Completed,2025-08-08,False,
W002516,MP0378,Vikram Pillai,Andhra Pradesh,Andhra Pradesh PC-21,Andhra Pradesh District 6,Anganwadi Centre,"Anganwadi Centre at Colony Gate #120, Andhra Pradesh PC-21",District Rural Dev. Agency,600583,2026-05-10,Completed,2026-08-03,False,
W002517,MP0378,Vikram Pillai,Andhra Pradesh,Andhra Pradesh PC-21,Andhra Pradesh District 6,Health Sub-Centre Upgrade,"Health Sub-Centre Upgrade near Primary Health Centre #547, Andhra Pradesh PC-21",Municipal Corporation,1064082,2025-12-19,Completed,2026-07-12,False,
W002518,MP0378,Vikram Pillai,Andhra Pradesh,Andhra Pradesh PC-21,Andhra Pradesh District 6,Public Toilet Complex,"Public Toilet Complex at Ward 3 #801, Andhra Pradesh PC-21",District Rural Dev. Agency,428554,2026-01-18,Completed,2026-03-26,False,
W002519,MP0378,Vikram Pillai,Andhra Pradesh,Andhra Pradesh PC-21,Andhra Pradesh District 6,Irrigation Canal,"Irrigation Canal in Sector 4 #528, Andhra Pradesh PC-21",State Water Board,2421411,2025-08-15,Completed,2026-02-28,False,
W002520,MP0379,Raj Naidu,Andhra Pradesh,Andhra Pradesh PC-22,Andhra Pradesh District 6,Public Toilet Complex,"Public Toilet Complex at Market Road #452, Andhra Pradesh PC-22",Rural Engineering Services,404801,2025-05-26,Completed,2025-07-19,False,
W002521,MP0379,Raj Naidu,Andhra Pradesh,Andhra Pradesh PC-22,Andhra Pradesh District 6,School Building/Classroom,"School Building/Classroom at Main Chowk #401, Andhra Pradesh PC-22",Rural Engineering Services,1460441,2025-01-18,Completed,2025-07-04,False,
W002522,MP0379,Raj Naidu,Andhra Pradesh,Andhra Pradesh PC-22,Andhra Pradesh District 6,Irrigation Canal,"Irrigation Canal in Ward 12 #534, Andhra Pradesh PC-22",State Water Board,1895874,2025-01-22,Completed,2025-08-02,False,
W002523,MP0379,Raj Naidu,Andhra Pradesh,Andhra Pradesh PC-22,Andhra Pradesh District 6,School Building/Classroom,"School Building/Classroom at Main Chowk #416, Andhra Pradesh PC-22",Rural Engineering Services,1537870,2025-08-01,Completed,2026-01-04,False,
W002524,MP0379,Raj Naidu,Andhra Pradesh,Andhra Pradesh PC-22,Andhra Pradesh District 6,School Building/Classroom,"School Building/Classroom near Bus Depot #590, Andhra Pradesh PC-22",PWD Division,1741241,2025-03-17,Completed,2025-08-20,False,
W002525,MP0379,Raj Naidu,Andhra Pradesh,Andhra Pradesh PC-22,Andhra Pradesh District 6,Irrigation Canal,"Irrigation Canal near Panchayat Bhavan #63, Andhra Pradesh PC-22",Block Development Office,1361879,2026-02-04,Completed,2026-07-25,False,
W002526,MP0380,Mahesh Barman,Andhra Pradesh,Andhra Pradesh PC-23,Andhra Pradesh District 6,Community Hall,"Community Hall at Village Entry Point #311, Andhra Pradesh PC-23",District Rural Dev. Agency,1509262,2025-08-30,Completed,2026-03-17,False,
W002527,MP0380,Mahesh Barman,Andhra Pradesh,Andhra Pradesh PC-23,Andhra Pradesh District 6,Drinking Water Supply,"Drinking Water Supply in Ward 7 #722, Andhra Pradesh PC-23",Zilla Panchayat,721901,2025-04-20,Completed,2025-07-21,False,
W002528,MP0380,Mahesh Barman,Andhra Pradesh,Andhra Pradesh PC-23,Andhra Pradesh District 6,Road Construction/Repair,"Road Construction/Repair at Village Entry Point #854, Andhra Pradesh PC-23",Municipal Corporation,1290178,2025-09-05,Completed,2026-02-19,False,
W002529,MP0380,Mahesh Barman,Andhra Pradesh,Andhra Pradesh PC-23,Andhra Pradesh District 6,Streetlight Installation,"Streetlight Installation at Colony Gate #867, Andhra Pradesh PC-23",Municipal Corporation,275826,2025-12-30,Completed,2026-02-15,False,
W002530,MP0380,Mahesh Barman,Andhra Pradesh,Andhra Pradesh PC-23,Andhra Pradesh District 6,Road Construction/Repair,"Road Construction/Repair near Community Centre #167, Andhra Pradesh PC-23",State Water Board,1259280,2026-02-24,Ongoing,,False,
W002531,MP0380,Mahesh Barman,Andhra Pradesh,Andhra Pradesh PC-23,Andhra Pradesh District 6,Health Sub-Centre Upgrade,"Health Sub-Centre Upgrade at Village Entry Point #279, Andhra Pradesh PC-23",State Water Board,1175438,2026-01-19,Completed,2026-05-24,False,
W002532,MP0381,Ashok Chatterjee,Andhra Pradesh,Andhra Pradesh PC-24,Andhra Pradesh District 6,Drinking Water Supply,"Drinking Water Supply near Railway Crossing #15, Andhra Pradesh PC-24",Block Development Office,716650,2025-07-17,Completed,2025-10-27,False,
W002533,MP0381,Ashok Chatterjee,Andhra Pradesh,Andhra Pradesh PC-24,Andhra Pradesh District 6,Public Toilet Complex,"Public Toilet Complex near Bus Depot #372, Andhra Pradesh PC-24",Municipal Corporation,451905,2025-01-23,Completed,2025-04-03,False,
W002534,MP0381,Ashok Chatterjee,Andhra Pradesh,Andhra Pradesh PC-24,Andhra Pradesh District 6,Drainage/Sewage,"Drainage/Sewage near Panchayat Bhavan #210, Andhra Pradesh PC-24",Rural Engineering Services,834725,2026-01-27,Completed,2026-04-27,False,
W002535,MP0381,Ashok Chatterjee,Andhra Pradesh,Andhra Pradesh PC-24,Andhra Pradesh District 6,Drainage/Sewage,"Drainage/Sewage near Primary Health Centre #260, Andhra Pradesh PC-24",State Water Board,694652,2025-01-29,Completed,2025-04-10,False,
W002536,MP0381,Ashok Chatterjee,Andhra Pradesh,Andhra Pradesh PC-24,Andhra Pradesh District 6,Drainage/Sewage,"Drainage/Sewage at Village Entry Point #186, Andhra Pradesh PC-24",State Water Board,676331,2025-09-17,Completed,2025-12-31,False,
W002537,MP0381,Ashok Chatterjee,Andhra Pradesh,Andhra Pradesh PC-24,Andhra Pradesh District 6,Irrigation Canal,"Irrigation Canal at Colony Gate #905, Andhra Pradesh PC-24",Block Development Office,1871851,2024-11-18,Completed,2025-06-03,False,
W002538,MP0381,Ashok Chatterjee,Andhra Pradesh,Andhra Pradesh PC-24,Andhra Pradesh District 6,School Building/Classroom,"School Building/Classroom near Govt School #705, Andhra Pradesh PC-24",Zilla Panchayat,1868567,2025-05-21,Completed,2025-11-05,False,
W002539,MP0381,Ashok Chatterjee,Andhra Pradesh,Andhra Pradesh PC-24,Andhra Pradesh District 6,Irrigation Canal,"Irrigation Canal near Panchayat Bhavan #546, Andhra Pradesh PC-24",Zilla Panchayat,2068463,2025-08-31,Completed,2026-07-26,False,
W002540,MP0382,Neelam Mondal,Andhra Pradesh,Andhra Pradesh PC-25,Andhra Pradesh District 7,Drainage/Sewage,"Drainage/Sewage in Ward 12 #572, Andhra Pradesh PC-25",Municipal Corporation,743577,2024-08-27,Completed,2024-12-03,False,
W002541,MP0382,Neelam Mondal,Andhra Pradesh,Andhra Pradesh PC-25,Andhra Pradesh District 7,Health Sub-Centre Upgrade,"Health Sub-Centre Upgrade near Govt School #614, Andhra Pradesh PC-25",State Electricity Board,1081097,2025-07-22,Completed,2026-02-18,False,
W002542,MP0382,Neelam Mondal,Andhra Pradesh,Andhra Pradesh PC-25,Andhra Pradesh District 7,Road Construction/Repair,"Road Construction/Repair near Govt School #311, Andhra Pradesh PC-25",State Water Board,1233173,2025-03-17,Completed,2025-09-13,False,
W002543,MP0382,Neelam Mondal,Andhra Pradesh,Andhra Pradesh PC-25,Andhra Pradesh District 7,Road Construction/Repair,"Road Construction/Repair in Ward 12 #882, Andhra Pradesh PC-25",Block Development Office,1169893,2025-09-27,Completed,2026-03-26,False,
W002544,MP0382,Neelam Mondal,Andhra Pradesh,Andhra Pradesh PC-25,Andhra Pradesh District 7,School Building/Classroom,"School Building/Classroom near Temple Road #544, Andhra Pradesh PC-25",PWD Division,1862806,2025-09-26,Ongoing,,False,
W002545,MP0382,Neelam Mondal,Andhra Pradesh,Andhra Pradesh PC-25,Andhra Pradesh District 7,Health Sub-Centre Upgrade,"Health Sub-Centre Upgrade near Primary Health Centre #652, Andhra Pradesh PC-25",State Water Board,1055540,2025-03-18,Completed,2025-09-23,False,
W002546,MP0382,Neelam Mondal,Andhra Pradesh,Andhra Pradesh PC-25,Andhra Pradesh District 7,Public Toilet Complex,"Public Toilet Complex in Ward 12 #759, Andhra Pradesh PC-25",Zilla Panchayat,435109,2025-08-19,Completed,2025-10-19,False,
W002547,MP0383,Prakash Mishra,Odisha,Odisha PC-1,Odisha District 1,Streetlight Installation,"Streetlight Installation near Bus Depot #854, Odisha PC-1",State Water Board,343606,2025-05-11,Completed,2025-06-12,False,
W002548,MP0383,Prakash Mishra,Odisha,Odisha PC-1,Odisha District 1,Drinking Water Supply,"Drinking Water Supply at Village Entry Point #971, Odisha PC-1",Block Development Office,963444,2025-04-24,Completed,2025-07-18,False,
W002549,MP0383,Prakash Mishra,Odisha,Odisha PC-1,Odisha District 1,Community Hall,"Community Hall in Ward 7 #256, Odisha PC-1",Municipal Corporation,2053764,2026-07-08,Ongoing,,False,
W002550,MP0383,Prakash Mishra,Odisha,Odisha PC-1,Odisha District 1,School Building/Classroom,"School Building/Classroom in Sector 4 #565, Odisha PC-1",State Water Board,1341546,2024-07-08,Completed,2024-12-10,False,
W002551,MP0384,Arun Gaikwad,Odisha,Odisha PC-2,Odisha District 1,Road Construction/Repair,"Road Construction/Repair near Railway Crossing #56, Odisha PC-2",District Rural Dev. Agency,1254300,2025-11-02,Completed,2026-05-17,False,
W002552,MP0384,Arun Gaikwad,Odisha,Odisha PC-2,Odisha District 1,Anganwadi Centre,"Anganwadi Centre at Colony Gate #969, Odisha PC-2",State Electricity Board,598488,2024-11-08,Completed,2025-02-09,False,
W002553,MP0384,Arun Gaikwad,Odisha,Odisha PC-2,Odisha District 1,Anganwadi Centre,"Anganwadi Centre near Govt School #698, Odisha PC-2",State Electricity Board,602644,2025-04-21,Completed,2025-07-24,False,
W002554,MP0384,Arun Gaikwad,Odisha,Odisha PC-2,Odisha District 1,Public Toilet Complex,"Public Toilet Complex near Railway Crossing #464, Odisha PC-2",District Rural Dev. Agency,371705,2025-04-04,Completed,2025-05-28,False,
W002555,MP0384,Arun Gaikwad,Odisha,Odisha PC-2,Odisha District 1,Irrigation Canal,"Irrigation Canal at Colony Gate #622, Odisha PC-2",State Water Board,1852784,2025-06-25,Completed,2026-01-07,False,
W002556,MP0384,Arun Gaikwad,Odisha,Odisha PC-2,Odisha District 1,Irrigation Canal,"Irrigation Canal at Ward 3 #78, Odisha PC-2",Municipal Corporation,1617754,2025-03-16,Completed,2025-11-19,False,
W002557,MP0384,Arun Gaikwad,Odisha,Odisha PC-2,Odisha District 1,Anganwadi Centre,"Anganwadi Centre near Temple Road #909, Odisha PC-2",District Rural Dev. Agency,555930,2026-03-06,Completed,2026-07-20,False,
W002558,MP0385,Kavita Roy,Odisha,Odisha PC-3,Odisha District 1,Anganwadi Centre,"Anganwadi Centre near Bus Depot #145, Odisha PC-3",Zilla Panchayat,506599,2025-04-18,Completed,2025-07-23,False,
W002559,MP0385,Kavita Roy,Odisha,Odisha PC-3,Odisha District 1,Road Construction/Repair,"Road Construction/Repair in Ward 12 #888, Odisha PC-3",PWD Division,1112912,2025-06-22,Completed,2025-11-30,False,
W002560,MP0385,Kavita Roy,Odisha,Odisha PC-3,Odisha District 1,Road Construction/Repair,"Road Construction/Repair near Railway Crossing #556, Odisha PC-3",Municipal Corporation,1154949,2024-07-07,Completed,2024-12-29,False,
W002561,MP0385,Kavita Roy,Odisha,Odisha PC-3,Odisha District 1,Road Construction/Repair,"Road Construction/Repair in Ward 12 #120, Odisha PC-3",District Rural Dev. Agency,1188218,2025-07-13,Completed,2025-11-25,False,
W002562,MP0385,Kavita Roy,Odisha,Odisha PC-3,Odisha District 1,School Building/Classroom,"School Building/Classroom near Panchayat Bhavan #656, Odisha PC-3",State Water Board,1504688,2025-01-19,Completed,2025-05-21,False,
W002563,MP0385,Kavita Roy,Odisha,Odisha PC-3,Odisha District 1,Streetlight Installation,"Streetlight Installation at Village Entry Point #547, Odisha PC-3",Rural Engineering Services,310830,2025-02-24,Completed,2025-03-27,False,
W002564,MP0385,Kavita Roy,Odisha,Odisha PC-3,Odisha District 1,Community Hall,"Community Hall in Ward 7 #544, Odisha PC-3",Rural Engineering Services,1764367,2025-03-19,Completed,2025-08-05,False,
W002565,MP0386,Geeta Kulkarni,Odisha,Odisha PC-4,Odisha District 1,Community Hall,"Community Hall near Panchayat Bhavan #925, Odisha PC-4",Municipal Corporation,2284602,2025-06-29,Completed,2025-11-18,False,
W002566,MP0386,Geeta Kulkarni,Odisha,Odisha PC-4,Odisha District 1,Health Sub-Centre Upgrade,"Health Sub-Centre Upgrade at Village Entry Point #159, Odisha PC-4",PWD Division,1196217,2025-08-14,Completed,2026-02-07,False,
W002567,MP0386,Geeta Kulkarni,Odisha,Odisha PC-4,Odisha District 1,Community Hall,"Community Hall near Community Centre #224, Odisha PC-4",State Electricity Board,1690989,2025-01-03,Completed,2025-07-15,False,
W002568,MP0386,Geeta Kulkarni,Odisha,Odisha PC-4,Odisha District 1,School Building/Classroom,"School Building/Classroom at Ward 3 #330, Odisha PC-4",District Rural Dev. Agency,1486603,2026-04-07,Ongoing,,False,
W002569,MP0386,Geeta Kulkarni,Odisha,Odisha PC-4,Odisha District 1,Drinking Water Supply,"Drinking Water Supply near Govt School #264, Odisha PC-4",State Electricity Board,636401,2024-10-29,Completed,2025-02-19,False,
W002570,MP0386,Geeta Kulkarni,Odisha,Odisha PC-4,Odisha District 1,Community Hall,"Community Hall in Ward 12 #557, Odisha PC-4",State Water Board,2000000,2024-06-29,Ongoing,,True,stuck_ongoing
W002571,MP0387,Suresh Pandey,Odisha,Odisha PC-5,Odisha District 2,Public Toilet Complex,"Public Toilet Complex at Ward 3 #186, Odisha PC-5",District Rural Dev. Agency,427328,2025-11-23,Completed,2026-01-13,False,
W002572,MP0387,Suresh Pandey,Odisha,Odisha PC-5,Odisha District 2,School Building/Classroom,"School Building/Classroom near Temple Road #106, Odisha PC-5",Rural Engineering Services,1253381,2025-04-05,Completed,2025-10-09,False,
W002573,MP0387,Suresh Pandey,Odisha,Odisha PC-5,Odisha District 2,Public Toilet Complex,"Public Toilet Complex near Panchayat Bhavan #493, Odisha PC-5",Municipal Corporation,331782,2025-12-13,Completed,2026-02-18,False,
W002574,MP0387,Suresh Pandey,Odisha,Odisha PC-5,Odisha District 2,Anganwadi Centre,"Anganwadi Centre at Colony Gate #277, Odisha PC-5",State Water Board,677038,2026-01-05,Completed,2026-04-24,False,
W002575,MP0387,Suresh Pandey,Odisha,Odisha PC-5,Odisha District 2,Road Construction/Repair,"Road Construction/Repair at Market Road #377, Odisha PC-5",Municipal Corporation,1262915,2026-04-03,Ongoing,,False,
W002576,MP0387,Suresh Pandey,Odisha,Odisha PC-5,Odisha District 2,Drainage/Sewage,"Drainage/Sewage near Bus Stand #613, Odisha PC-5",State Water Board,707190,2025-10-18,Completed,2026-02-10,False,
W002577,MP0387,Suresh Pandey,Odisha,Odisha PC-5,Odisha District 2,Drainage/Sewage,"Drainage/Sewage at Village Entry Point #865, Odisha PC-5",State Electricity Board,589918,2025-07-18,Completed,2025-10-21,False,
W002578,MP0388,Usha Gaikwad,Odisha,Odisha PC-6,Odisha District 2,Community Hall,"Community Hall at Village Entry Point #815, Odisha PC-6",Municipal Corporation,2219172,2025-08-20,Completed,2026-02-26,False,
W002579,MP0388,Usha Gaikwad,Odisha,Odisha PC-6,Odisha District 2,Anganwadi Centre,"Anganwadi Centre near Temple Road #431, Odisha PC-6",State Water Board,652677,2025-07-15,Completed,2025-09-17,False,
W002580,MP0388,Usha Gaikwad,Odisha,Odisha PC-6,Odisha District 2,Drainage/Sewage,"Drainage/Sewage at Ward 3 #213, Odisha PC-6",Rural Engineering Services,673783,2025-08-14,Completed,2025-11-25,False,
W002581,MP0388,Usha Gaikwad,Odisha,Odisha PC-6,Odisha District 2,Irrigation Canal,"Irrigation Canal at Village Entry Point #416, Odisha PC-6",Municipal Corporation,1730692,2025-01-28,Completed,2025-11-01,False,
W002582,MP0388,Usha Gaikwad,Odisha,Odisha PC-6,Odisha District 2,Drainage/Sewage,"Drainage/Sewage near Community Centre #760, Odisha PC-6",Municipal Corporation,760035,2026-04-29,Completed,2026-08-07,False,
W002583,MP0389,Vinod Rao,Odisha,Odisha PC-7,Odisha District 2,Anganwadi Centre,"Anganwadi Centre in Ward 7 #920, Odisha PC-7",State Electricity Board,746857,2025-08-03,Completed,2025-11-28,False,
W002584,MP0389,Vinod Rao,Odisha,Odisha PC-7,Odisha District 2,Irrigation Canal,"Irrigation Canal at Village Entry Point #762, Odisha PC-7",District Rural Dev. Agency,1862325,2026-05-22,Ongoing,,False,
W002585,MP0389,Vinod Rao,Odisha,Odisha PC-7,Odisha District 2,Irrigation Canal,"Irrigation Canal at Colony Gate #201, Odisha PC-7",Municipal Corporation,1729014,2024-10-02,Completed,2025-04-25,False,
W002586,MP0389,Vinod Rao,Odisha,Odisha PC-7,Odisha District 2,Irrigation Canal,"Irrigation Canal at Village Entry Point #585, Odisha PC-7",Rural Engineering Services,1677775,2026-06-04,Ongoing,,False,
W002587,MP0389,Vinod Rao,Odisha,Odisha PC-7,Odisha District 2,Streetlight Installation,"Streetlight Installation in Sector 4 #706, Odisha PC-7",District Rural Dev. Agency,276217,2025-01-15,Completed,2025-03-07,False,
W002588,MP0389,Vinod Rao,Odisha,Odisha PC-7,Odisha District 2,Health Sub-Centre Upgrade,"Health Sub-Centre Upgrade at Colony Gate #638, Odisha PC-7",State Electricity Board,1059000,2025-12-10,Completed,2026-06-30,False,
W002589,MP0390,Kiran Patel,Odisha,Odisha PC-8,Odisha District 2,Drainage/Sewage,"Drainage/Sewage at Village Entry Point #386, Odisha PC-8",District Rural Dev. Agency,909441,2025-06-17,Completed,2025-09-30,False,
W002590,MP0390,Kiran Patel,Odisha,Odisha PC-8,Odisha District 2,Drainage/Sewage,"Drainage/Sewage near Community Centre #7, Odisha PC-8",Rural Engineering Services,671065,2024-08-01,Completed,2024-10-27,False,
W002591,MP0390,Kiran Patel,Odisha,Odisha PC-8,Odisha District 2,Drainage/Sewage,"Drainage/Sewage near Primary Health Centre #266, Odisha PC-8",Zilla Panchayat,812910,2025-10-21,Completed,2026-03-02,False,
W002592,MP0390,Kiran Patel,Odisha,Odisha PC-8,Odisha District 2,Streetlight Installation,"Streetlight Installation near Bus Stand #413, Odisha PC-8",Rural Engineering Services,259702,2025-05-20,Completed,2025-06-27,False,
W002593,MP0390,Kiran Patel,Odisha,Odisha PC-8,Odisha District 2,Public Toilet Complex,"Public Toilet Complex near Temple Road #911, Odisha PC-8",Zilla Panchayat,525272,2024-09-20,Completed,2024-11-29,False,
W002594,MP0390,Kiran Patel,Odisha,Odisha PC-8,Odisha District 2,Streetlight Installation,"Streetlight Installation at Village Entry Point #697, Odisha PC-8",State Water Board,334592,2025-02-05,Completed,2025-03-21,False,
W002595,MP0390,Kiran Patel,Odisha,Odisha PC-8,Odisha District 2,Health Sub-Centre Upgrade,"Health Sub-Centre Upgrade at Village Entry Point #687, Odisha PC-8",Block Development Office,888915,2026-02-14,Completed,2026-05-16,False,
W002596,MP0390,Kiran Patel,Odisha,Odisha PC-8,Odisha District 2,Public Toilet Complex,"Public Toilet Complex in Sector 4 #102, Odisha PC-8",State Water Board,400000,2024-06-05,Ongoing,,True,stuck_ongoing
W002597,MP0391,Manoj Mishra,Odisha,Odisha PC-9,Odisha District 3,Community Hall,"Community Hall in Ward 12 #953, Odisha PC-9",PWD Division,2124834,2025-02-23,Completed,2025-11-27,False,
W002598,MP0391,Manoj Mishra,Odisha,Odisha PC-9,Odisha District 3,Anganwadi Centre,"Anganwadi Centre in Ward 12 #961, Odisha PC-9",Municipal Corporation,513781,2025-04-22,Completed,2025-09-05,False,
W002599,MP0391,Manoj Mishra,Odisha,Odisha PC-9,Odisha District 3,Drainage/Sewage,"Drainage/Sewage in Ward 7 #691, Odisha PC-9",PWD Division,858682,2025-08-30,Completed,2025-11-14,False,
W002600,MP0391,Manoj Mishra,Odisha,Odisha PC-9,Odisha District 3,Public Toilet Complex,"Public Toilet Complex near Railway Crossing #105, Odisha PC-9",Block Development Office,411904,2024-09-24,Completed,2024-11-23,False,
W002601,MP0391,Manoj Mishra,Odisha,Odisha PC-9,Odisha District 3,Streetlight Installation,"Streetlight Installation near Community Centre #980, Odisha PC-9",PWD Division,355285,2026-01-29,Completed,2026-03-06,False,
W002602,MP0392,Sanjay Chatterjee,Odisha,Odisha PC-10,Odisha District 3,Road Construction/Repair,"Road Construction/Repair near Govt School #190, Odisha PC-10",PWD Division,1155244,2026-06-30,Ongoing,,False,
W002603,MP0392,Sanjay Chatterjee,Odisha,Odisha PC-10,Odisha District 3,Health Sub-Centre Upgrade,"Health Sub-Centre Upgrade in Sector 4 #919, Odisha PC-10",State Water Board,969361,2026-06-09,Ongoing,,False,
W002604,MP0392,Sanjay Chatterjee,Odisha,Odisha PC-10,Odisha District 3,Health Sub-Centre Upgrade,"Health Sub-Centre Upgrade in Ward 12 #554, Odisha PC-10",State Electricity Board,1082499,2025-09-08,Completed,2026-01-31,False,
W002605,MP0392,Sanjay Chatterjee,Odisha,Odisha PC-10,Odisha District 3,Irrigation Canal,"Irrigation Canal near Community Centre #121, Odisha PC-10",Municipal Corporation,1755617,2025-03-24,Completed,2025-11-21,False,
W002606,MP0392,Sanjay Chatterjee,Odisha,Odisha PC-10,Odisha District 3,Community Hall,"Community Hall near Railway Crossing #314, Odisha PC-10",Zilla Panchayat,2109842,2025-08-23,Completed,2026-03-31,False,
W002607,MP0393,Sanjay Banerjee,Odisha,Odisha PC-11,Odisha District 3,School Building/Classroom,"School Building/Classroom at Market Road #203, Odisha PC-11",Zilla Panchayat,1297245,2026-02-17,Ongoing,,False,
W002608,MP0393,Sanjay Banerjee,Odisha,Odisha PC-11,Odisha District 3,Drinking Water Supply,"Drinking Water Supply in Sector 4 #343, Odisha PC-11",PWD Division,595849,2026-03-10,Completed,2026-05-28,False,
W002609,MP0393,Sanjay Banerjee,Odisha,Odisha PC-11,Odisha District 3,Streetlight Installation,"Streetlight Installation at Colony Gate #597, Odisha PC-11",Rural Engineering Services,246838,2025-02-07,Completed,2025-03-14,False,
W002610,MP0393,Sanjay Banerjee,Odisha,Odisha PC-11,Odisha District 3,Anganwadi Centre,"Anganwadi Centre in Ward 7 #348, Odisha PC-11",District Rural Dev. Agency,623453,2026-07-07,Ongoing,,False,
W002611,MP0393,Sanjay Banerjee,Odisha,Odisha PC-11,Odisha District 3,Drainage/Sewage,"Drainage/Sewage near Bus Stand #974, Odisha PC-11",PWD Division,565123,2025-12-19,Completed,2026-03-03,False,
W002612,MP0393,Sanjay Banerjee,Odisha,Odisha PC-11,Odisha District 3,Public Toilet Complex,"Public Toilet Complex at Colony Gate #973, Odisha PC-11",Zilla Panchayat,405091,2025-03-24,Completed,2025-05-06,False,
W002613,MP0394,Raj Rao,Odisha,Odisha PC-12,Odisha District 3,Community Hall,"Community Hall at Village Entry Point #870, Odisha PC-12",Zilla Panchayat,2386756,2026-02-11,Completed,2026-07-16,False,
W002614,MP0394,Raj Rao,Odisha,Odisha PC-12,Odisha District 3,Road Construction/Repair,"Road Construction/Repair near Panchayat Bhavan #81, Odisha PC-12",State Water Board,1143848,2026-02-12,Completed,2026-08-01,False,
W002615,MP0394,Raj Rao,Odisha,Odisha PC-12,Odisha District 3,School Building/Classroom,"School Building/Classroom near Bus Stand #565, Odisha PC-12",State Electricity Board,1551527,2026-02-26,Ongoing,,False,
W002616,MP0394,Raj Rao,Odisha,Odisha PC-12,Odisha District 3,School Building/Classroom,"School Building/Classroom in Ward 7 #528, Odisha PC-12",State Electricity Board,1583674,2025-07-09,Completed,2026-01-13,False,
W002617,MP0394,Raj Rao,Odisha,Odisha PC-12,Odisha District 3,School Building/Classroom,"School Building/Classroom near Govt School #306, Odisha PC-12",State Water Board,6471106,2026-01-07,Sanctioned,,True,cost_outlier
W002618,MP0395,Sanjeev Rao,Odisha,Odisha PC-13,Odisha District 4,Drinking Water Supply,"Drinking Water Supply near Primary Health Centre #340, Odisha PC-13",State Electricity Board,716652,2025-09-30,Completed,2025-11-28,False,
W002619,MP0395,Sanjeev Rao,Odisha,Odisha PC-13,Odisha District 4,Anganwadi Centre,"Anganwadi Centre near Railway Crossing #92, Odisha PC-13",Rural Engineering Services,581696,2024-10-07,Completed,2025-01-28,False,
W002620,MP0395,Sanjeev Rao,Odisha,Odisha PC-13,Odisha District 4,Drinking Water Supply,"Drinking Water Supply near Panchayat Bhavan #360, Odisha PC-13",District Rural Dev. Agency,792022,2025-08-24,Completed,2025-10-30,False,
W002621,MP0395,Sanjeev Rao,Odisha,Odisha PC-13,Odisha District 4,Public Toilet Complex,"Public Toilet Complex near Panchayat Bhavan #863, Odisha PC-13",Municipal Corporation,436152,2026-02-18,Completed,2026-03-25,False,
W002622,MP0395,Sanjeev Rao,Odisha,Odisha PC-13,Odisha District 4,Community Hall,"Community Hall near Govt School #27, Odisha PC-13",District Rural Dev. Agency,2562361,2025-11-05,Completed,2026-04-17,False,
W002623,MP0395,Sanjeev Rao,Odisha,Odisha PC-13,Odisha District 4,Public Toilet Complex,"Public Toilet Complex near Panchayat Bhavan #171, Odisha PC-13",Block Development Office,475681,2025-08-22,Completed,2025-10-02,False,
W002624,MP0395,Sanjeev Rao,Odisha,Odisha PC-13,Odisha District 4,Streetlight Installation,"Streetlight Installation near Railway Crossing #197, Odisha PC-13",Rural Engineering Services,300000,2024-06-18,Ongoing,,True,stuck_ongoing
W002625,MP0396,Vikram Mondal,Odisha,Odisha PC-14,Odisha District 4,Irrigation Canal,"Irrigation Canal at Main Chowk #136, Odisha PC-14",Municipal Corporation,1862681,2024-11-24,Completed,2025-07-04,False,
W002626,MP0396,Vikram Mondal,Odisha,Odisha PC-14,Odisha District 4,Drinking Water Supply,"Drinking Water Supply at Village Entry Point #426, Odisha PC-14",Zilla Panchayat,781183,2025-07-23,Completed,2025-10-23,False,
W002627,MP0396,Vikram Mondal,Odisha,Odisha PC-14,Odisha District 4,Anganwadi Centre,"Anganwadi Centre near Temple Road #259, Odisha PC-14",Rural Engineering Services,508997,2026-03-18,Completed,2026-07-23,False,
W002628,MP0396,Vikram Mondal,Odisha,Odisha PC-14,Odisha District 4,Health Sub-Centre Upgrade,"Health Sub-Centre Upgrade near Community Centre #397, Odisha PC-14",Block Development Office,1032492,2026-03-23,Completed,2026-07-05,False,
W002629,MP0396,Vikram Mondal,Odisha,Odisha PC-14,Odisha District 4,Drainage/Sewage,"Drainage/Sewage near Bus Stand #421, Odisha PC-14",State Water Board,681419,2025-12-28,Completed,2026-03-18,False,
W002630,MP0397,Harish Deshmukh,Odisha,Odisha PC-15,Odisha District 4,Community Hall,"Community Hall in Ward 12 #505, Odisha PC-15",Block Development Office,1474226,2025-05-10,Completed,2026-01-21,False,
W002631,MP0397,Harish Deshmukh,Odisha,Odisha PC-15,Odisha District 4,Health Sub-Centre Upgrade,"Health Sub-Centre Upgrade near Temple Road #592, Odisha PC-15",State Water Board,1318360,2025-10-24,Completed,2026-03-14,False,
W002632,MP0397,Harish Deshmukh,Odisha,Odisha PC-15,Odisha District 4,Health Sub-Centre Upgrade,"Health Sub-Centre Upgrade at Colony Gate #621, Odisha PC-15",State Water Board,1262885,2025-05-17,Completed,2025-11-17,False,
W002633,MP0397,Harish Deshmukh,Odisha,Odisha PC-15,Odisha District 4,School Building/Classroom,"School Building/Classroom near Bus Depot #550, Odisha PC-15",State Electricity Board,1532208,2025-05-17,Completed,2025-09-05,False,
W002634,MP0397,Harish Deshmukh,Odisha,Odisha PC-15,Odisha District 4,Anganwadi Centre,"Anganwadi Centre near Govt School #165, Odisha PC-15",State Electricity Board,620918,2024-06-03,Completed,2024-08-31,False,
W002635,MP0397,Harish Deshmukh,Odisha,Odisha PC-15,Odisha District 4,Anganwadi Centre,"Anganwadi Centre in Sector 4 #845, Odisha PC-15",State Electricity Board,646941,2026-03-24,Completed,2026-06-18,False,
W002636,MP0397,Harish Deshmukh,Odisha,Odisha PC-15,Odisha District 4,Streetlight Installation,"Streetlight Installation at Market Road #132, Odisha PC-15",Zilla Panchayat,307369,2025-05-13,Completed,2025-06-23,False,
W002637,MP0397,Harish Deshmukh,Odisha,Odisha PC-15,Odisha District 4,Public Toilet Complex,"Public Toilet Complex at Village Entry Point #280, Odisha PC-15",Municipal Corporation,426784,2025-02-26,Completed,2025-04-22,False,
W002638,MP0397,Harish Deshmukh,Odisha,Odisha PC-15,Odisha District 4,Drinking Water Supply,"Drinking Water Supply near Bus Depot #913, Odisha PC-15",PWD Division,616896,2026-05-02,Completed,2026-08-16,False,
W002639,MP0398,Ravi Mishra,Odisha,Odisha PC-16,Odisha District 4,Community Hall,"Community Hall at Colony Gate #774, Odisha PC-16",Rural Engineering Services,2112137,2026-05-17,Ongoing,,False,
W002640,MP0398,Ravi Mishra,Odisha,Odisha PC-16,Odisha District 4,Drainage/Sewage,"Drainage/Sewage at Ward 3 #218, Odisha PC-16",State Electricity Board,616600,2024-10-07,Completed,2025-01-02,False,
W002641,MP0398,Ravi Mishra,Odisha,Odisha PC-16,Odisha District 4,Streetlight Installation,"Streetlight Installation near Bus Depot #650, Odisha PC-16",Municipal Corporation,399770,2026-03-16,Completed,2026-04-29,False,
W002642,MP0398,Ravi Mishra,Odisha,Odisha PC-16,Odisha District 4,Road Construction/Repair,"Road Construction/Repair at Village Entry Point #615, Odisha PC-16",Zilla Panchayat,1120210,2025-07-29,Completed,2025-11-16,False,
W002643,MP0398,Ravi Mishra,Odisha,Odisha PC-16,Odisha District 4,Drinking Water Supply,"Drinking Water Supply near Community Centre #127, Odisha PC-16",State Water Board,815203,2025-05-27,Completed,2025-09-12,False,
W002644,MP0398,Ravi Mishra,Odisha,Odisha PC-16,Odisha District 4,Community Hall,"Community Hall in Sector 4 #768, Odisha PC-16",Block Development Office,2398072,2025-02-01,Completed,2025-06-17,False,
W002645,MP0398,Ravi Mishra,Odisha,Odisha PC-16,Odisha District 4,Road Construction/Repair,"Road Construction/Repair near Panchayat Bhavan #997, Odisha PC-16",Municipal Corporation,989962,2025-04-10,Completed,2025-09-22,False,
W002646,MP0398,Ravi Mishra,Odisha,Odisha PC-16,Odisha District 4,Road Construction/Repair,"Road Construction/Repair near Railway Crossing #468, Odisha PC-16",Rural Engineering Services,1357467,2025-08-16,Completed,2025-11-18,False,
W002647,MP0398,Ravi Mishra,Odisha,Odisha PC-16,Odisha District 4,Public Toilet Complex,"Public Toilet Complex at Market Road #901, Odisha PC-16",Rural Engineering Services,423337,2025-05-19,Completed,2025-07-21,False,
W002648,MP0399,Neelam Gaikwad,Odisha,Odisha PC-17,Odisha District 5,Health Sub-Centre Upgrade,"Health Sub-Centre Upgrade at Market Road #162, Odisha PC-17",District Rural Dev. Agency,793459,2024-11-26,Completed,2025-05-06,False,
W002649,MP0399,Neelam Gaikwad,Odisha,Odisha PC-17,Odisha District 5,Drainage/Sewage,"Drainage/Sewage at Main Chowk #964, Odisha PC-17",Block Development Office,801135,2024-10-22,Completed,2024-12-08,False,
W002650,MP0399,Neelam Gaikwad,Odisha,Odisha PC-17,Odisha District 5,Road Construction/Repair,"Road Construction/Repair at Colony Gate #22, Odisha PC-17",District Rural Dev. Agency,1366190,2025-11-23,Completed,2026-04-30,False,
W002651,MP0399,Neelam Gaikwad,Odisha,Odisha PC-17,Odisha District 5,Drinking Water Supply,"Drinking Water Supply near Primary Health Centre #129, Odisha PC-17",Block Development Office,730383,2024-08-24,Completed,2024-11-14,False,
W002652,MP0399,Neelam Gaikwad,Odisha,Odisha PC-17,Odisha District 5,Drainage/Sewage,"Drainage/Sewage near Govt School #158, Odisha PC-17",Block Development Office,849409,2024-11-13,Completed,2025-04-04,False,
W002653,MP0399,Neelam Gaikwad,Odisha,Odisha PC-17,Odisha District 5,Health Sub-Centre Upgrade,"Health Sub-Centre Upgrade near Railway Crossing #207, Odisha PC-17",District Rural Dev. Agency,1099558,2024-08-30,Completed,2025-01-07,False,
W002654,MP0400,Naresh Barman,Odisha,Odisha PC-18,Odisha District 5,Health Sub-Centre Upgrade,"Health Sub-Centre Upgrade near Primary Health Centre #937, Odisha PC-18",District Rural Dev. Agency,918620,2025-10-11,Completed,2026-03-23,False,
W002655,MP0400,Naresh Barman,Odisha,Odisha PC-18,Odisha District 5,Irrigation Canal,"Irrigation Canal near Community Centre #129, Odisha PC-18",District Rural Dev. Agency,2216371,2025-06-13,Completed,2026-01-12,False,
W002656,MP0400,Naresh Barman,Odisha,Odisha PC-18,Odisha District 5,Streetlight Installation,"Streetlight Installation in Ward 12 #471, Odisha PC-18",District Rural Dev. Agency,354022,2025-06-21,Completed,2025-08-04,False,
W002657,MP0400,Naresh Barman,Odisha,Odisha PC-18,Odisha District 5,Community Hall,"Community Hall in Sector 4 #213, Odisha PC-18",District Rural Dev. Agency,2054075,2026-01-30,Ongoing,,False,
W002658,MP0400,Naresh Barman,Odisha,Odisha PC-18,Odisha District 5,Anganwadi Centre,"Anganwadi Centre in Ward 12 #324, Odisha PC-18",PWD Division,714272,2025-10-09,Completed,2026-01-21,False,
W002659,MP0400,Naresh Barman,Odisha,Odisha PC-18,Odisha District 5,Drainage/Sewage,"Drainage/Sewage at Colony Gate #594, Odisha PC-18",PWD Division,768535,2024-10-20,Completed,2025-02-14,False,
W002660,MP0400,Naresh Barman,Odisha,Odisha PC-18,Odisha District 5,Anganwadi Centre,"Anganwadi Centre at Village Entry Point #959, Odisha PC-18",Block Development Office,656048,2024-10-14,Completed,2025-01-30,False,
W002661,MP0400,Naresh Barman,Odisha,Odisha PC-18,Odisha District 5,School Building/Classroom,"School Building/Classroom near Railway Crossing #815, Odisha PC-18",Municipal Corporation,1478611,2025-12-04,Completed,2026-05-22,False,
W002662,MP0400,Naresh Barman,Odisha,Odisha PC-18,Odisha District 5,Health Sub-Centre Upgrade,"Health Sub-Centre Upgrade near Bus Stand #909, Odisha PC-18",State Water Board,1109286,2025-05-16,Completed,2025-11-25,False,
W002663,MP0400,Naresh Barman,Odisha,Odisha PC-18,Odisha District 5,School Building/Classroom,"School Building/Classroom in Ward 7 #218, Odisha PC-18",State Water Board,1500000,2024-06-19,Ongoing,,True,stuck_ongoing
W002664,MP0401,Neelam Patel,Odisha,Odisha PC-19,Odisha District 5,Irrigation Canal,"Irrigation Canal near Community Centre #176, Odisha PC-19",Block Development Office,1810995,2025-03-30,Completed,2025-10-23,False,
W002665,MP0401,Neelam Patel,Odisha,Odisha PC-19,Odisha District 5,School Building/Classroom,"School Building/Classroom near Bus Stand #386, Odisha PC-19",State Electricity Board,1428862,2026-04-08,Completed,2026-07-30,False,
W002666,MP0401,Neelam Patel,Odisha,Odisha PC-19,Odisha District 5,Public Toilet Complex,"Public Toilet Complex near Govt School #556, Odisha PC-19",Municipal Corporation,346714,2025-04-28,Completed,2025-07-07,False,
W002667,MP0401,Neelam Patel,Odisha,Odisha PC-19,Odisha District 5,Community Hall,"Community Hall near Railway Crossing #206, Odisha PC-19",Municipal Corporation,2142648,2025-09-13,Completed,2026-02-06,False,
W002668,MP0401,Neelam Patel,Odisha,Odisha PC-19,Odisha District 5,Community Hall,"Community Hall at Market Road #531, Odisha PC-19",State Electricity Board,1819121,2025-09-19,Completed,2026-04-10,False,
W002669,MP0401,Neelam Patel,Odisha,Odisha PC-19,Odisha District 5,Streetlight Installation,"Streetlight Installation at Main Chowk #989, Odisha PC-19",Zilla Panchayat,273517,2026-04-18,Completed,2026-05-17,False,
W002670,MP0401,Neelam Patel,Odisha,Odisha PC-19,Odisha District 5,Public Toilet Complex,"Public Toilet Complex near Bus Stand #930, Odisha PC-19",District Rural Dev. Agency,370909,2025-10-23,Completed,2025-12-31,False,
W002671,MP0401,Neelam Patel,Odisha,Odisha PC-19,Odisha District 5,Irrigation Canal,"Irrigation Canal near Railway Crossing #235, Odisha PC-19",State Electricity Board,1668120,2026-05-06,Completed,2026-08-20,False,
W002672,MP0402,Rekha Naidu,Odisha,Odisha PC-20,Odisha District 5,Health Sub-Centre Upgrade,"Health Sub-Centre Upgrade near Temple Road #645, Odisha PC-20",Block Development Office,915477,2025-09-21,Completed,2026-02-17,False,
W002673,MP0402,Rekha Naidu,Odisha,Odisha PC-20,Odisha District 5,Anganwadi Centre,"Anganwadi Centre near Community Centre #773, Odisha PC-20",State Electricity Board,380515,2025-08-12,Completed,2025-11-09,False,
W002674,MP0402,Rekha Naidu,Odisha,Odisha PC-20,Odisha District 5,Road Construction/Repair,"Road Construction/Repair near Community Centre #273, Odisha PC-20",Rural Engineering Services,1641789,2025-06-23,Completed,2025-09-16,False,
W002675,MP0402,Rekha Naidu,Odisha,Odisha PC-20,Odisha District 5,Drinking Water Supply,"Drinking Water Supply near Temple Road #393, Odisha PC-20",Zilla Panchayat,889085,2025-07-18,Completed,2025-11-01,False,
W002676,MP0402,Rekha Naidu,Odisha,Odisha PC-20,Odisha District 5,Drinking Water Supply,"Drinking Water Supply at Market Road #157, Odisha PC-20",Municipal Corporation,842887,2026-02-05,Completed,2026-04-23,False,
W002677,MP0402,Rekha Naidu,Odisha,Odisha PC-20,Odisha District 5,School Building/Classroom,"School Building/Classroom in Sector 4 #576, Odisha PC-20",State Water Board,1500000,2025-10-14,Completed,2025-10-16,True,impossible_speed
W002678,MP0403,Geeta Kumar,Odisha,Odisha PC-21,Odisha District 6,Road Construction/Repair,"Road Construction/Repair at Colony Gate #616, Odisha PC-21",District Rural Dev. Agency,1191942,2024-08-31,Completed,2024-12-27,False,
W002679,MP0403,Geeta Kumar,Odisha,Odisha PC-21,Odisha District 6,Community Hall,"Community Hall in Sector 4 #572, Odisha PC-21",Rural Engineering Services,2068572,2024-11-04,Completed,2025-05-17,False,
W002680,MP0403,Geeta Kumar,Odisha,Odisha PC-21,Odisha District 6,Health Sub-Centre Upgrade,"Health Sub-Centre Upgrade at Village Entry Point #980, Odisha PC-21",Rural Engineering Services,1081686,2025-07-06,Completed,2025-12-03,False,
W002681,MP0403,Geeta Kumar,Odisha,Odisha PC-21,Odisha District 6,Streetlight Installation,"Streetlight Installation near Panchayat Bhavan #380, Odisha PC-21",State Water Board,308726,2025-07-23,Completed,2025-08-27,False,
W002682,MP0403,Geeta Kumar,Odisha,Odisha PC-21,Odisha District 6,Streetlight Installation,"Streetlight Installation at Main Chowk #109, Odisha PC-21",State Water Board,284943,2025-04-23,Completed,2025-06-10,False,
W002683,MP0403,Geeta Kumar,Odisha,Odisha PC-21,Odisha District 6,Drinking Water Supply,"Drinking Water Supply near Primary Health Centre #324, Odisha PC-21",State Electricity Board,767238,2025-07-24,Completed,2025-11-15,False,
W002684,MP0403,Geeta Kumar,Odisha,Odisha PC-21,Odisha District 6,Drinking Water Supply,"Drinking Water Supply near Bus Stand #696, Odisha PC-21",State Electricity Board,895221,2025-05-15,Completed,2025-08-16,False,
W002685,MP0404,Rakesh Yadav,Kerala,Kerala PC-1,Kerala District 1,Road Construction/Repair,"Road Construction/Repair at Ward 3 #975, Kerala PC-1",Rural Engineering Services,1014983,2025-02-03,Completed,2025-07-08,False,
W002686,MP0404,Rakesh Yadav,Kerala,Kerala PC-1,Kerala District 1,Drinking Water Supply,"Drinking Water Supply near Bus Stand #443, Kerala PC-1",Rural Engineering Services,1021417,2025-11-06,Completed,2026-02-07,False,
W002687,MP0404,Rakesh Yadav,Kerala,Kerala PC-1,Kerala District 1,Road Construction/Repair,"Road Construction/Repair in Ward 12 #805, Kerala PC-1",Block Development Office,952300,2026-03-13,Ongoing,,False,
W002688,MP0404,Rakesh Yadav,Kerala,Kerala PC-1,Kerala District 1,Streetlight Installation,"Streetlight Installation near Community Centre #618, Kerala PC-1",State Electricity Board,384633,2025-06-17,Completed,2025-08-11,False,
W002689,MP0404,Rakesh Yadav,Kerala,Kerala PC-1,Kerala District 1,Drinking Water Supply,"Drinking Water Supply at Village Entry Point #544, Kerala PC-1",Block Development Office,885736,2025-07-20,Completed,2025-10-15,False,
W002690,MP0404,Rakesh Yadav,Kerala,Kerala PC-1,Kerala District 1,School Building/Classroom,"School Building/Classroom in Sector 4 #23, Kerala PC-1",Zilla Panchayat,1682545,2025-06-21,Completed,2025-11-27,False,
W002691,MP0405,Rajesh Bhatt,Kerala,Kerala PC-2,Kerala District 1,Irrigation Canal,"Irrigation Canal near Bus Stand #904, Kerala PC-2",Municipal Corporation,1732203,2026-04-09,Ongoing,,False,
W002692,MP0405,Rajesh Bhatt,Kerala,Kerala PC-2,Kerala District 1,Road Construction/Repair,"Road Construction/Repair near Primary Health Centre #941, Kerala PC-2",Rural Engineering Services,1102906,2024-10-09,Completed,2025-02-25,False,
W002693,MP0405,Rajesh Bhatt,Kerala,Kerala PC-2,Kerala District 1,Community Hall,"Community Hall at Market Road #996, Kerala PC-2",State Water Board,2591183,2024-10-02,Completed,2025-07-25,False,
W002694,MP0405,Rajesh Bhatt,Kerala,Kerala PC-2,Kerala District 1,Road Construction/Repair,"Road Construction/Repair near Govt School #109, Kerala PC-2",PWD Division,1198179,2025-04-17,Completed,2025-08-24,False,
W002695,MP0405,Rajesh Bhatt,Kerala,Kerala PC-2,Kerala District 1,Streetlight Installation,"Streetlight Installation at Colony Gate #829, Kerala PC-2",State Electricity Board,260698,2025-08-19,Completed,2025-10-01,False,
W002696,MP0405,Rajesh Bhatt,Kerala,Kerala PC-2,Kerala District 1,School Building/Classroom,"School Building/Classroom in Ward 12 #46, Kerala PC-2",PWD Division,1338883,2025-02-26,Completed,2025-07-24,False,
W002697,MP0405,Rajesh Bhatt,Kerala,Kerala PC-2,Kerala District 1,Public Toilet Complex,"Public Toilet Complex near Primary Health Centre #763, Kerala PC-2",Block Development Office,346153,2026-02-16,Completed,2026-04-10,False,
W002698,MP0405,Rajesh Bhatt,Kerala,Kerala PC-2,Kerala District 1,Community Hall,"Community Hall at Market Road #718, Kerala PC-2",State Electricity Board,2244777,2025-12-20,Completed,2026-06-08,False,
W002699,MP0406,Ashok Roy,Kerala,Kerala PC-3,Kerala District 1,Irrigation Canal,"Irrigation Canal at Ward 3 #876, Kerala PC-3",Zilla Panchayat,1895680,2025-01-03,Completed,2025-04-21,False,
W002700,MP0406,Ashok Roy,Kerala,Kerala PC-3,Kerala District 1,Drinking Water Supply,"Drinking Water Supply near Panchayat Bhavan #730, Kerala PC-3",Zilla Panchayat,913773,2025-03-25,Completed,2025-05-24,False,
W002701,MP0406,Ashok Roy,Kerala,Kerala PC-3,Kerala District 1,Health Sub-Centre Upgrade,"Health Sub-Centre Upgrade in Sector 4 #229, Kerala PC-3",Rural Engineering Services,1129623,2025-06-04,Completed,2025-10-08,False,
W002702,MP0406,Ashok Roy,Kerala,Kerala PC-3,Kerala District 1,Irrigation Canal,"Irrigation Canal near Govt School #809, Kerala PC-3",State Water Board,1560550,2025-07-11,Completed,2026-04-12,False,
W002703,MP0406,Ashok Roy,Kerala,Kerala PC-3,Kerala District 1,Health Sub-Centre Upgrade,"Health Sub-Centre Upgrade near Bus Stand #481, Kerala PC-3",District Rural Dev. Agency,1175813,2026-06-04,Ongoing,,False,
W002704,MP0407,Shobha Kulkarni,Kerala,Kerala PC-4,Kerala District 1,Health Sub-Centre Upgrade,"Health Sub-Centre Upgrade near Bus Depot #802, Kerala PC-4",PWD Division,1013288,2025-11-04,Completed,2026-03-08,False,
W002705,MP0407,Shobha Kulkarni,Kerala,Kerala PC-4,Kerala District 1,Road Construction/Repair,"Road Construction/Repair near Railway Crossing #600, Kerala PC-4",Rural Engineering Services,1513979,2025-07-16,Completed,2026-02-28,False,
W002706,MP0407,Shobha Kulkarni,Kerala,Kerala PC-4,Kerala District 1,Road Construction/Repair,"Road Construction/Repair near Community Centre #274, Kerala PC-4",State Electricity Board,1061903,2024-11-22,Completed,2025-03-21,False,
W002707,MP0407,Shobha Kulkarni,Kerala,Kerala PC-4,Kerala District 1,Public Toilet Complex,"Public Toilet Complex at Main Chowk #910, Kerala PC-4",State Water Board,426896,2026-01-17,Completed,2026-03-15,False,
W002708,MP0407,Shobha Kulkarni,Kerala,Kerala PC-4,Kerala District 1,Anganwadi Centre,"Anganwadi Centre near Railway Crossing #548, Kerala PC-4",PWD Division,617862,2026-03-02,Completed,2026-07-13,False,
W002709,MP0407,Shobha Kulkarni,Kerala,Kerala PC-4,Kerala District 1,School Building/Classroom,"School Building/Classroom in Sector 4 #628, Kerala PC-4",Block Development Office,1435579,2025-02-08,Completed,2025-09-19,False,
W002710,MP0407,Shobha Kulkarni,Kerala,Kerala PC-4,Kerala District 1,Health Sub-Centre Upgrade,"Health Sub-Centre Upgrade at Colony Gate #957, Kerala PC-4",Rural Engineering Services,1024282,2024-11-24,Completed,2025-05-30,False,
W002711,MP0407,Shobha Kulkarni,Kerala,Kerala PC-4,Kerala District 1,Health Sub-Centre Upgrade,"Health Sub-Centre Upgrade near Temple Road #465, Kerala PC-4",Zilla Panchayat,1034702,2026-03-23,Completed,2026-07-13,False,
W002712,MP0407,Shobha Kulkarni,Kerala,Kerala PC-4,Kerala District 1,School Building/Classroom,"School Building/Classroom at Market Road #134, Kerala PC-4",Block Development Office,1500000,2026-02-19,Completed,2026-02-25,True,impossible_speed
W002713,MP0408,Ashish Mehta,Kerala,Kerala PC-5,Kerala District 2,Road Construction/Repair,"Road Construction/Repair at Colony Gate #287, Kerala PC-5",State Electricity Board,1252483,2024-11-08,Completed,2025-03-15,False,
W002714,MP0408,Ashish Mehta,Kerala,Kerala PC-5,Kerala District 2,Drainage/Sewage,"Drainage/Sewage near Panchayat Bhavan #377, Kerala PC-5",Rural Engineering Services,655473,2026-04-15,Completed,2026-08-23,False,
W002715,MP0408,Ashish Mehta,Kerala,Kerala PC-5,Kerala District 2,Irrigation Canal,"Irrigation Canal in Ward 12 #677, Kerala PC-5",District Rural Dev. Agency,1983816,2025-01-01,Completed,2025-09-12,False,
W002716,MP0408,Ashish Mehta,Kerala,Kerala PC-5,Kerala District 2,Streetlight Installation,"Streetlight Installation near Panchayat Bhavan #674, Kerala PC-5",Zilla Panchayat,290775,2025-10-08,Completed,2025-11-30,False,
W002717,MP0408,Ashish Mehta,Kerala,Kerala PC-5,Kerala District 2,Community Hall,"Community Hall at Ward 3 #133, Kerala PC-5",District Rural Dev. Agency,1965847,2025-09-30,Completed,2026-05-13,False,
W002718,MP0408,Ashish Mehta,Kerala,Kerala PC-5,Kerala District 2,Irrigation Canal,"Irrigation Canal near Bus Depot #10, Kerala PC-5",State Water Board,1532170,2026-07-29,Ongoing,,False,
W002719,MP0408,Ashish Mehta,Kerala,Kerala PC-5,Kerala District 2,Anganwadi Centre,"Anganwadi Centre near Community Centre #931, Kerala PC-5",State Electricity Board,525227,2024-09-12,Completed,2024-12-12,False,
W002720,MP0408,Ashish Mehta,Kerala,Kerala PC-5,Kerala District 2,Drinking Water Supply,"Drinking Water Supply near Temple Road #232, Kerala PC-5",Zilla Panchayat,923646,2025-03-06,Completed,2025-05-29,False,
W002721,MP0408,Ashish Mehta,Kerala,Kerala PC-5,Kerala District 2,Community Hall,"Community Hall near Bus Depot #301, Kerala PC-5",Rural Engineering Services,1655984,2025-06-27,Completed,2025-12-07,False,
W002722,MP0409,Sunita Mehta,Kerala,Kerala PC-6,Kerala District 2,Streetlight Installation,"Streetlight Installation near Primary Health Centre #174, Kerala PC-6",State Water Board,324560,2025-01-24,Completed,2025-03-07,False,
W002723,MP0409,Sunita Mehta,Kerala,Kerala PC-6,Kerala District 2,Streetlight Installation,"Streetlight Installation at Main Chowk #14, Kerala PC-6",Rural Engineering Services,216837,2026-02-05,Completed,2026-03-24,False,
W002724,MP0409,Sunita Mehta,Kerala,Kerala PC-6,Kerala District 2,Drainage/Sewage,"Drainage/Sewage at Market Road #565, Kerala PC-6",Zilla Panchayat,931770,2025-11-18,Completed,2026-02-22,False,
W002725,MP0409,Sunita Mehta,Kerala,Kerala PC-6,Kerala District 2,School Building/Classroom,"School Building/Classroom at Colony Gate #475, Kerala PC-6",State Water Board,1967125,2025-07-08,Completed,2026-03-21,False,
W002726,MP0409,Sunita Mehta,Kerala,Kerala PC-6,Kerala District 2,Road Construction/Repair,"Road Construction/Repair at Village Entry Point #342, Kerala PC-6",Rural Engineering Services,1257437,2025-06-03,Completed,2025-09-18,False,
W002727,MP0409,Sunita Mehta,Kerala,Kerala PC-6,Kerala District 2,Drainage/Sewage,"Drainage/Sewage at Market Road #565, Kerala PC-6 (Phase II)",Zilla Panchayat,708998,2025-12-12,Sanctioned,,True,duplicate_work
W002728,MP0410,Ravi Gaikwad,Kerala,Kerala PC-7,Kerala District 2,Community Hall,"Community Hall near Govt School #325, Kerala PC-7",Zilla Panchayat,1859367,2025-03-26,Completed,2025-10-24,False,
W002729,MP0410,Ravi Gaikwad,Kerala,Kerala PC-7,Kerala District 2,Road Construction/Repair,"Road Construction/Repair in Ward 7 #334, Kerala PC-7",Rural Engineering Services,958621,2026-03-23,Ongoing,,False,
W002730,MP0410,Ravi Gaikwad,Kerala,Kerala PC-7,Kerala District 2,Community Hall,"Community Hall at Ward 3 #900, Kerala PC-7",State Electricity Board,1864253,2025-11-22,Completed,2026-05-26,False,
W002731,MP0410,Ravi Gaikwad,Kerala,Kerala PC-7,Kerala District 2,Community Hall,"Community Hall at Main Chowk #964, Kerala PC-7",State Water Board,1817766,2025-12-07,Completed,2026-08-02,False,
W002732,MP0410,Ravi Gaikwad,Kerala,Kerala PC-7,Kerala District 2,Community Hall,"Community Hall near Railway Crossing #384, Kerala PC-7",Municipal Corporation,2176091,2025-08-05,Completed,2025-12-18,False,
W002733,MP0410,Ravi Gaikwad,Kerala,Kerala PC-7,Kerala District 2,Health Sub-Centre Upgrade,"Health Sub-Centre Upgrade near Bus Stand #120, Kerala PC-7",Zilla Panchayat,1024109,2025-05-08,Completed,2025-10-21,False,
W002734,MP0410,Ravi Gaikwad,Kerala,Kerala PC-7,Kerala District 2,Streetlight Installation,"Streetlight Installation in Ward 7 #896, Kerala PC-7",State Electricity Board,255710,2025-05-01,Completed,2025-05-26,False,
W002735,MP0410,Ravi Gaikwad,Kerala,Kerala PC-7,Kerala District 2,Anganwadi Centre,"Anganwadi Centre near Bus Depot #473, Kerala PC-7",Block Development Office,665659,2025-03-01,Completed,2025-05-13,False,
W002736,MP0410,Ravi Gaikwad,Kerala,Kerala PC-7,Kerala District 2,Community Hall,"Community Hall in Sector 4 #257, Kerala PC-7",District Rural Dev. Agency,2267614,2026-01-15,Completed,2026-07-24,False,
W002737,MP0411,Harish Roy,Kerala,Kerala PC-8,Kerala District 2,Drinking Water Supply,"Drinking Water Supply in Ward 12 #101, Kerala PC-8",Rural Engineering Services,1006410,2025-11-05,Completed,2026-02-02,False,
W002738,MP0411,Harish Roy,Kerala,Kerala PC-8,Kerala District 2,Road Construction/Repair,"Road Construction/Repair near Panchayat Bhavan #186, Kerala PC-8",Rural Engineering Services,1463515,2025-06-11,Completed,2025-11-15,False,
W002739,MP0411,Harish Roy,Kerala,Kerala PC-8,Kerala District 2,School Building/Classroom,"School Building/Classroom at Colony Gate #205, Kerala PC-8",PWD Division,1405209,2025-09-26,Completed,2026-05-29,False,
W002740,MP0411,Harish Roy,Kerala,Kerala PC-8,Kerala District 2,Drinking Water Supply,"Drinking Water Supply at Main Chowk #694, Kerala PC-8",Municipal Corporation,797730,2025-07-01,Completed,2025-09-08,False,
W002741,MP0412,Kiran Rao,Kerala,Kerala PC-9,Kerala District 3,School Building/Classroom,"School Building/Classroom at Ward 3 #570, Kerala PC-9",District Rural Dev. Agency,1265260,2026-04-04,Ongoing,,False,
W002742,MP0412,Kiran Rao,Kerala,Kerala PC-9,Kerala District 3,Streetlight Installation,"Streetlight Installation in Ward 12 #647, Kerala PC-9",Zilla Panchayat,281491,2025-01-12,Completed,2025-03-12,False,
W002743,MP0412,Kiran Rao,Kerala,Kerala PC-9,Kerala District 3,Drinking Water Supply,"Drinking Water Supply in Sector 4 #371, Kerala PC-9",Rural Engineering Services,682354,2025-01-11,Completed,2025-05-11,False,
W002744,MP0412,Kiran Rao,Kerala,Kerala PC-9,Kerala District 3,Streetlight Installation,"Streetlight Installation near Bus Depot #968, Kerala PC-9",District Rural Dev. Agency,319763,2025-06-08,Completed,2025-07-26,False,
W002745,MP0412,Kiran Rao,Kerala,Kerala PC-9,Kerala District 3,Health Sub-Centre Upgrade,"Health Sub-Centre Upgrade near Community Centre #756, Kerala PC-9",State Electricity Board,924339,2025-12-30,Ongoing,,False,
W002746,MP0412,Kiran Rao,Kerala,Kerala PC-9,Kerala District 3,Drainage/Sewage,"Drainage/Sewage near Bus Stand #787, Kerala PC-9",Block Development Office,595337,2025-07-30,Completed,2025-11-25,False,
W002747,MP0413,Geeta Banerjee,Kerala,Kerala PC-10,Kerala District 3,Irrigation Canal,"Irrigation Canal in Sector 4 #508, Kerala PC-10",Block Development Office,1761995,2024-12-27,Completed,2025-07-23,False,
W002748,MP0413,Geeta Banerjee,Kerala,Kerala PC-10,Kerala District 3,Anganwadi Centre,"Anganwadi Centre near Railway Crossing #437, Kerala PC-10",Zilla Panchayat,522221,2025-05-31,Completed,2025-09-27,False,
W002749,MP0413,Geeta Banerjee,Kerala,Kerala PC-10,Kerala District 3,Irrigation Canal,"Irrigation Canal at Colony Gate #540, Kerala PC-10",District Rural Dev. Agency,1744688,2025-02-26,Completed,2025-11-08,False,
W002750,MP0413,Geeta Banerjee,Kerala,Kerala PC-10,Kerala District 3,Public Toilet Complex,"Public Toilet Complex at Ward 3 #788, Kerala PC-10",PWD Division,331162,2025-02-23,Completed,2025-04-12,False,
W002751,MP0414,Anita Banerjee,Kerala,Kerala PC-11,Kerala District 3,Community Hall,"Community Hall in Ward 7 #157, Kerala PC-11",Municipal Corporation,1586763,2025-06-30,Completed,2025-11-16,False,
W002752,MP0414,Anita Banerjee,Kerala,Kerala PC-11,Kerala District 3,Community Hall,"Community Hall near Railway Crossing #344, Kerala PC-11",Rural Engineering Services,2235343,2026-01-16,Completed,2026-06-26,False,
W002753,MP0414,Anita Banerjee,Kerala,Kerala PC-11,Kerala District 3,School Building/Classroom,"School Building/Classroom near Community Centre #952, Kerala PC-11",Zilla Panchayat,1634684,2025-08-31,Completed,2026-02-16,False,
W002754,MP0414,Anita Banerjee,Kerala,Kerala PC-11,Kerala District 3,Drainage/Sewage,"Drainage/Sewage near Bus Depot #782, Kerala PC-11",State Electricity Board,383859,2026-02-08,Completed,2026-06-17,False,
W002755,MP0414,Anita Banerjee,Kerala,Kerala PC-11,Kerala District 3,Health Sub-Centre Upgrade,"Health Sub-Centre Upgrade near Railway Crossing #66, Kerala PC-11",State Electricity Board,996777,2026-02-06,Ongoing,,False,
W002756,MP0414,Anita Banerjee,Kerala,Kerala PC-11,Kerala District 3,Road Construction/Repair,"Road Construction/Repair near Panchayat Bhavan #743, Kerala PC-11",PWD Division,891086,2025-05-26,Completed,2025-09-26,False,
W002757,MP0415,Anita Sharma,Kerala,Kerala PC-12,Kerala District 3,Community Hall,"Community Hall at Ward 3 #184, Kerala PC-12",State Electricity Board,2122761,2025-12-28,Completed,2026-08-11,False,
W002758,MP0415,Anita Sharma,Kerala,Kerala PC-12,Kerala District 3,Public Toilet Complex,"Public Toilet Complex at Market Road #725, Kerala PC-12",Block Development Office,386623,2025-01-23,Completed,2025-03-17,False,
W002759,MP0415,Anita Sharma,Kerala,Kerala PC-12,Kerala District 3,Streetlight Installation,"Streetlight Installation in Ward 12 #180, Kerala PC-12",District Rural Dev. Agency,341669,2025-05-06,Completed,2025-06-19,False,
W002760,MP0415,Anita Sharma,Kerala,Kerala PC-12,Kerala District 3,School Building/Classroom,"School Building/Classroom in Ward 12 #890, Kerala PC-12",Zilla Panchayat,1373013,2025-11-30,Completed,2026-04-29,False,
W002761,MP0415,Anita Sharma,Kerala,Kerala PC-12,Kerala District 3,Streetlight Installation,"Streetlight Installation in Sector 4 #67, Kerala PC-12",PWD Division,289373,2025-04-25,Completed,2025-06-06,False,
W002762,MP0416,Neelam Chauhan,Kerala,Kerala PC-13,Kerala District 4,Community Hall,"Community Hall near Primary Health Centre #56, Kerala PC-13",Block Development Office,1795402,2024-11-09,Completed,2025-05-09,False,
W002763,MP0416,Neelam Chauhan,Kerala,Kerala PC-13,Kerala District 4,Health Sub-Centre Upgrade,"Health Sub-Centre Upgrade in Ward 12 #961, Kerala PC-13",Municipal Corporation,1132897,2025-05-08,Completed,2025-09-08,False,
W002764,MP0416,Neelam Chauhan,Kerala,Kerala PC-13,Kerala District 4,Road Construction/Repair,"Road Construction/Repair at Ward 3 #904, Kerala PC-13",Municipal Corporation,1141227,2025-09-26,Completed,2026-01-28,False,
W002765,MP0416,Neelam Chauhan,Kerala,Kerala PC-13,Kerala District 4,School Building/Classroom,"School Building/Classroom near Temple Road #872, Kerala PC-13",State Electricity Board,1408082,2025-08-16,Completed,2026-03-02,False,
W002766,MP0416,Neelam Chauhan,Kerala,Kerala PC-13,Kerala District 4,Drinking Water Supply,"Drinking Water Supply near Primary Health Centre #172, Kerala PC-13",State Water Board,832627,2025-12-30,Completed,2026-03-23,False,
W002767,MP0416,Neelam Chauhan,Kerala,Kerala PC-13,Kerala District 4,School Building/Classroom,"School Building/Classroom near Temple Road #151, Kerala PC-13",Municipal Corporation,1748449,2025-03-30,Completed,2025-08-23,False,
W002768,MP0416,Neelam Chauhan,Kerala,Kerala PC-13,Kerala District 4,Road Construction/Repair,"Road Construction/Repair at Ward 3 #835, Kerala PC-13",State Electricity Board,1495827,2025-03-04,Completed,2025-08-04,False,
W002769,MP0417,Rakesh Iyer,Kerala,Kerala PC-14,Kerala District 4,Community Hall,"Community Hall near Community Centre #257, Kerala PC-14",State Electricity Board,2226804,2025-10-07,Completed,2026-03-29,False,
W002770,MP0417,Rakesh Iyer,Kerala,Kerala PC-14,Kerala District 4,Road Construction/Repair,"Road Construction/Repair near Bus Depot #351, Kerala PC-14",Block Development Office,1186230,2026-01-18,Completed,2026-08-11,False,
W002771,MP0417,Rakesh Iyer,Kerala,Kerala PC-14,Kerala District 4,Anganwadi Centre,"Anganwadi Centre near Railway Crossing #767, Kerala PC-14",District Rural Dev. Agency,596659,2024-06-28,Completed,2024-10-06,False,
W002772,MP0417,Rakesh Iyer,Kerala,Kerala PC-14,Kerala District 4,Drinking Water Supply,"Drinking Water Supply at Main Chowk #732, Kerala PC-14",Municipal Corporation,701310,2025-12-13,Completed,2026-04-15,False,
W002773,MP0417,Rakesh Iyer,Kerala,Kerala PC-14,Kerala District 4,Drinking Water Supply,"Drinking Water Supply near Bus Stand #225, Kerala PC-14",Zilla Panchayat,1094345,2025-08-28,Completed,2025-11-04,False,
W002774,MP0417,Rakesh Iyer,Kerala,Kerala PC-14,Kerala District 4,Streetlight Installation,"Streetlight Installation in Ward 12 #961, Kerala PC-14",District Rural Dev. Agency,307363,2024-11-29,Completed,2025-01-08,False,
W002775,MP0417,Rakesh Iyer,Kerala,Kerala PC-14,Kerala District 4,School Building/Classroom,"School Building/Classroom at Village Entry Point #795, Kerala PC-14",State Electricity Board,1421858,2025-11-29,Completed,2026-03-14,False,
W002776,MP0417,Rakesh Iyer,Kerala,Kerala PC-14,Kerala District 4,Drainage/Sewage,"Drainage/Sewage near Railway Crossing #364, Kerala PC-14",Municipal Corporation,677717,2024-11-21,Completed,2025-01-28,False,
W002777,MP0418,Kavita Gaikwad,Kerala,Kerala PC-15,Kerala District 4,Irrigation Canal,"Irrigation Canal near Primary Health Centre #335, Kerala PC-15",Municipal Corporation,1847011,2025-06-22,Completed,2026-01-02,False,
W002778,MP0418,Kavita Gaikwad,Kerala,Kerala PC-15,Kerala District 4,Drinking Water Supply,"Drinking Water Supply in Ward 12 #633, Kerala PC-15",Rural Engineering Services,983346,2024-11-15,Completed,2025-01-09,False,
W002779,MP0418,Kavita Gaikwad,Kerala,Kerala PC-15,Kerala District 4,Irrigation Canal,"Irrigation Canal near Temple Road #381, Kerala PC-15",PWD Division,2128444,2025-03-12,Completed,2026-01-17,False,
W002780,MP0418,Kavita Gaikwad,Kerala,Kerala PC-15,Kerala District 4,Anganwadi Centre,"Anganwadi Centre in Sector 4 #843, Kerala PC-15",Municipal Corporation,684088,2025-10-27,Completed,2026-01-24,False,
W002781,MP0418,Kavita Gaikwad,Kerala,Kerala PC-15,Kerala District 4,Community Hall,"Community Hall near Primary Health Centre #608, Kerala PC-15",District Rural Dev. Agency,1826839,2025-05-05,Completed,2025-09-17,False,
W002782,MP0418,Kavita Gaikwad,Kerala,Kerala PC-15,Kerala District 4,Streetlight Installation,"Streetlight Installation near Community Centre #664, Kerala PC-15",PWD Division,272219,2025-04-02,Completed,2025-05-26,False,
W002783,MP0418,Kavita Gaikwad,Kerala,Kerala PC-15,Kerala District 4,Irrigation Canal,"Irrigation Canal at Main Chowk #989, Kerala PC-15",State Electricity Board,1732237,2026-04-22,Ongoing,,False,
W002784,MP0418,Kavita Gaikwad,Kerala,Kerala PC-15,Kerala District 4,Road Construction/Repair,"Road Construction/Repair near Panchayat Bhavan #849, Kerala PC-15",Block Development Office,1307050,2025-03-18,Completed,2025-08-07,False,
W002785,MP0419,Usha Yadav,Kerala,Kerala PC-16,Kerala District 4,Drainage/Sewage,"Drainage/Sewage near Govt School #235, Kerala PC-16",Block Development Office,747467,2025-12-31,Completed,2026-04-05,False,
W002786,MP0419,Usha Yadav,Kerala,Kerala PC-16,Kerala District 4,Streetlight Installation,"Streetlight Installation near Temple Road #648, Kerala PC-16",State Water Board,352398,2024-12-20,Completed,2025-02-15,False,
W002787,MP0419,Usha Yadav,Kerala,Kerala PC-16,Kerala District 4,Community Hall,"Community Hall near Bus Stand #215, Kerala PC-16",Zilla Panchayat,2176118,2026-01-25,Completed,2026-08-07,False,
W002788,MP0419,Usha Yadav,Kerala,Kerala PC-16,Kerala District 4,Irrigation Canal,"Irrigation Canal near Primary Health Centre #548, Kerala PC-16",Municipal Corporation,1719520,2026-02-08,Ongoing,,False,
W002789,MP0419,Usha Yadav,Kerala,Kerala PC-16,Kerala District 4,Streetlight Installation,"Streetlight Installation at Market Road #207, Kerala PC-16",State Electricity Board,280552,2025-10-12,Completed,2025-11-24,False,
W002790,MP0419,Usha Yadav,Kerala,Kerala PC-16,Kerala District 4,Drinking Water Supply,"Drinking Water Supply at Village Entry Point #635, Kerala PC-16",Block Development Office,912112,2025-07-19,Completed,2025-09-10,False,
W002791,MP0419,Usha Yadav,Kerala,Kerala PC-16,Kerala District 4,Drinking Water Supply,"Drinking Water Supply in Sector 4 #550, Kerala PC-16",Municipal Corporation,743056,2024-10-06,Completed,2025-01-01,False,
W002792,MP0419,Usha Yadav,Kerala,Kerala PC-16,Kerala District 4,Drainage/Sewage,"Drainage/Sewage at Colony Gate #411, Kerala PC-16",State Water Board,660487,2026-05-10,Completed,2026-07-24,False,
W002793,MP0419,Usha Yadav,Kerala,Kerala PC-16,Kerala District 4,Public Toilet Complex,"Public Toilet Complex near Community Centre #693, Kerala PC-16",State Electricity Board,415696,2025-02-22,Completed,2025-05-04,False,
W002794,MP0420,Rekha Gaikwad,Kerala,Kerala PC-17,Kerala District 5,Health Sub-Centre Upgrade,"Health Sub-Centre Upgrade near Community Centre #37, Kerala PC-17",Block Development Office,959526,2025-07-28,Completed,2026-01-06,False,
W002795,MP0420,Rekha Gaikwad,Kerala,Kerala PC-17,Kerala District 5,Drainage/Sewage,"Drainage/Sewage near Temple Road #651, Kerala PC-17",State Water Board,703548,2025-01-19,Completed,2025-06-04,False,
W002796,MP0420,Rekha Gaikwad,Kerala,Kerala PC-17,Kerala District 5,Irrigation Canal,"Irrigation Canal in Ward 7 #128, Kerala PC-17",State Water Board,1788531,2025-09-02,Ongoing,,False,
W002797,MP0420,Rekha Gaikwad,Kerala,Kerala PC-17,Kerala District 5,Irrigation Canal,"Irrigation Canal in Sector 4 #786, Kerala PC-17",State Electricity Board,1430861,2025-12-11,Completed,2026-06-01,False,
W002798,MP0421,Ashish Bhatt,Kerala,Kerala PC-18,Kerala District 5,Public Toilet Complex,"Public Toilet Complex near Panchayat Bhavan #974, Kerala PC-18",Municipal Corporation,307005,2025-12-08,Completed,2026-02-17,False,
W002799,MP0421,Ashish Bhatt,Kerala,Kerala PC-18,Kerala District 5,Drinking Water Supply,"Drinking Water Supply at Colony Gate #304, Kerala PC-18",Zilla Panchayat,796239,2025-02-17,Completed,2025-05-17,False,
W002800,MP0421,Ashish Bhatt,Kerala,Kerala PC-18,Kerala District 5,Drainage/Sewage,"Drainage/Sewage near Bus Depot #37, Kerala PC-18",Block Development Office,848183,2025-04-05,Completed,2025-06-20,False,
W002801,MP0421,Ashish Bhatt,Kerala,Kerala PC-18,Kerala District 5,Road Construction/Repair,"Road Construction/Repair near Bus Stand #816, Kerala PC-18",Zilla Panchayat,1218429,2025-08-13,Completed,2025-12-12,False,
W002802,MP0421,Ashish Bhatt,Kerala,Kerala PC-18,Kerala District 5,Public Toilet Complex,"Public Toilet Complex at Market Road #679, Kerala PC-18",Zilla Panchayat,394754,2026-02-11,Completed,2026-04-22,False,
W002803,MP0421,Ashish Bhatt,Kerala,Kerala PC-18,Kerala District 5,School Building/Classroom,"School Building/Classroom near Bus Depot #755, Kerala PC-18",Rural Engineering Services,1270120,2025-06-19,Completed,2025-12-16,False,
W002804,MP0422,Rajesh Verma,Kerala,Kerala PC-19,Kerala District 5,Road Construction/Repair,"Road Construction/Repair at Colony Gate #330, Kerala PC-19",State Water Board,987334,2025-05-15,Completed,2025-09-18,False,
W002805,MP0422,Rajesh Verma,Kerala,Kerala PC-19,Kerala District 5,Irrigation Canal,"Irrigation Canal at Ward 3 #874, Kerala PC-19",District Rural Dev. Agency,1624538,2025-01-08,Completed,2025-07-19,False,
W002806,MP0422,Rajesh Verma,Kerala,Kerala PC-19,Kerala District 5,Irrigation Canal,"Irrigation Canal in Ward 12 #443, Kerala PC-19",Zilla Panchayat,1685933,2025-08-23,Completed,2026-05-23,False,
W002807,MP0422,Rajesh Verma,Kerala,Kerala PC-19,Kerala District 5,Streetlight Installation,"Streetlight Installation in Ward 7 #35, Kerala PC-19",District Rural Dev. Agency,309763,2024-06-30,Completed,2024-07-30,False,
W002808,MP0422,Rajesh Verma,Kerala,Kerala PC-19,Kerala District 5,Community Hall,"Community Hall near Panchayat Bhavan #76, Kerala PC-19",Municipal Corporation,2443434,2025-01-24,Completed,2025-07-20,False,
W002809,MP0422,Rajesh Verma,Kerala,Kerala PC-19,Kerala District 5,Community Hall,"Community Hall at Ward 3 #695, Kerala PC-19",Zilla Panchayat,2310295,2025-10-11,Completed,2026-07-03,False,
W002810,MP0422,Rajesh Verma,Kerala,Kerala PC-19,Kerala District 5,Drinking Water Supply,"Drinking Water Supply near Primary Health Centre #661, Kerala PC-19",Zilla Panchayat,867263,2026-07-18,Ongoing,,False,
W002811,MP0422,Rajesh Verma,Kerala,Kerala PC-19,Kerala District 5,Road Construction/Repair,"Road Construction/Repair near Govt School #678, Kerala PC-19",PWD Division,1207366,2026-02-07,Completed,2026-07-18,False,
W002812,MP0423,Raj Reddy,Kerala,Kerala PC-20,Kerala District 5,Anganwadi Centre,"Anganwadi Centre near Bus Stand #417, Kerala PC-20",Municipal Corporation,533838,2025-09-15,Completed,2026-01-01,False,
W002813,MP0423,Raj Reddy,Kerala,Kerala PC-20,Kerala District 5,Road Construction/Repair,"Road Construction/Repair near Panchayat Bhavan #623, Kerala PC-20",District Rural Dev. Agency,1009793,2025-06-24,Completed,2025-11-07,False,
W002814,MP0423,Raj Reddy,Kerala,Kerala PC-20,Kerala District 5,Drinking Water Supply,"Drinking Water Supply at Market Road #670, Kerala PC-20",PWD Division,684727,2025-05-09,Completed,2025-08-26,False,
W002815,MP0423,Raj Reddy,Kerala,Kerala PC-20,Kerala District 5,Road Construction/Repair,"Road Construction/Repair near Panchayat Bhavan #555, Kerala PC-20",Municipal Corporation,1170274,2025-08-17,Completed,2025-11-27,False,
W002816,MP0424,Kishore Barman,Telangana,Telangana PC-1,Telangana District 1,School Building/Classroom,"School Building/Classroom at Main Chowk #759, Telangana PC-1",PWD Division,1717695,2024-10-30,Completed,2025-04-14,False,
W002817,MP0424,Kishore Barman,Telangana,Telangana PC-1,Telangana District 1,Health Sub-Centre Upgrade,"Health Sub-Centre Upgrade in Ward 12 #65, Telangana PC-1",Block Development Office,896700,2026-01-21,Completed,2026-06-08,False,
W002818,MP0424,Kishore Barman,Telangana,Telangana PC-1,Telangana District 1,Drainage/Sewage,"Drainage/Sewage at Village Entry Point #596, Telangana PC-1",District Rural Dev. Agency,627245,2025-09-20,Completed,2026-01-10,False,
W002819,MP0424,Kishore Barman,Telangana,Telangana PC-1,Telangana District 1,Public Toilet Complex,"Public Toilet Complex in Ward 12 #716, Telangana PC-1",State Electricity Board,368405,2025-01-27,Completed,2025-03-07,False,
W002820,MP0424,Kishore Barman,Telangana,Telangana PC-1,Telangana District 1,Anganwadi Centre,"Anganwadi Centre near Bus Depot #157, Telangana PC-1",State Electricity Board,668994,2024-12-05,Completed,2025-03-18,False,
W002821,MP0424,Kishore Barman,Telangana,Telangana PC-1,Telangana District 1,Road Construction/Repair,"Road Construction/Repair near Primary Health Centre #72, Telangana PC-1",PWD Division,1169025,2025-11-15,Completed,2026-04-16,False,
W002822,MP0424,Kishore Barman,Telangana,Telangana PC-1,Telangana District 1,Drainage/Sewage,"Drainage/Sewage at Main Chowk #827, Telangana PC-1",State Water Board,689236,2025-12-16,Completed,2026-03-22,False,
W002823,MP0425,Kishore Bhatt,Telangana,Telangana PC-2,Telangana District 1,Community Hall,"Community Hall near Temple Road #202, Telangana PC-2",Municipal Corporation,2642243,2025-04-18,Completed,2026-01-09,False,
W002824,MP0425,Kishore Bhatt,Telangana,Telangana PC-2,Telangana District 1,Public Toilet Complex,"Public Toilet Complex at Village Entry Point #110, Telangana PC-2",State Water Board,369712,2024-11-11,Completed,2025-01-09,False,
W002825,MP0425,Kishore Bhatt,Telangana,Telangana PC-2,Telangana District 1,Health Sub-Centre Upgrade,"Health Sub-Centre Upgrade at Main Chowk #593, Telangana PC-2",PWD Division,776653,2025-03-19,Completed,2025-09-12,False,
W002826,MP0425,Kishore Bhatt,Telangana,Telangana PC-2,Telangana District 1,Anganwadi Centre,"Anganwadi Centre near Panchayat Bhavan #719, Telangana PC-2",Rural Engineering Services,554229,2025-07-04,Completed,2025-10-09,False,
W002827,MP0425,Kishore Bhatt,Telangana,Telangana PC-2,Telangana District 1,Health Sub-Centre Upgrade,"Health Sub-Centre Upgrade at Colony Gate #841, Telangana PC-2",State Electricity Board,1164974,2025-10-27,Completed,2026-03-31,False,
W002828,MP0425,Kishore Bhatt,Telangana,Telangana PC-2,Telangana District 1,Road Construction/Repair,"Road Construction/Repair near Bus Depot #207, Telangana PC-2",Rural Engineering Services,1183289,2025-12-11,Completed,2026-04-29,False,
W002829,MP0425,Kishore Bhatt,Telangana,Telangana PC-2,Telangana District 1,Community Hall,"Community Hall near Panchayat Bhavan #453, Telangana PC-2",State Electricity Board,1630408,2024-07-15,Completed,2025-01-28,False,
W002830,MP0425,Kishore Bhatt,Telangana,Telangana PC-2,Telangana District 1,School Building/Classroom,"School Building/Classroom in Sector 4 #971, Telangana PC-2",Municipal Corporation,1537224,2025-04-24,Completed,2025-11-13,False,
W002831,MP0425,Kishore Bhatt,Telangana,Telangana PC-2,Telangana District 1,Streetlight Installation,"Streetlight Installation near Panchayat Bhavan #660, Telangana PC-2",State Electricity Board,300000,2026-02-10,Completed,2026-02-12,True,impossible_speed
W002832,MP0426,Geeta Joshi,Telangana,Telangana PC-3,Telangana District 1,Road Construction/Repair,"Road Construction/Repair near Primary Health Centre #428, Telangana PC-3",State Electricity Board,901595,2025-10-04,Completed,2026-03-18,False,
W002833,MP0426,Geeta Joshi,Telangana,Telangana PC-3,Telangana District 1,Road Construction/Repair,"Road Construction/Repair in Ward 7 #635, Telangana PC-3",State Water Board,941610,2025-06-15,Completed,2025-11-23,False,
W002834,MP0426,Geeta Joshi,Telangana,Telangana PC-3,Telangana District 1,Anganwadi Centre,"Anganwadi Centre near Temple Road #167, Telangana PC-3",District Rural Dev. Agency,464641,2024-08-02,Completed,2024-10-21,False,
W002835,MP0426,Geeta Joshi,Telangana,Telangana PC-3,Telangana District 1,Road Construction/Repair,"Road Construction/Repair near Railway Crossing #589, Telangana PC-3",Block Development Office,1035985,2025-06-29,Completed,2025-10-26,False,
W002836,MP0426,Geeta Joshi,Telangana,Telangana PC-3,Telangana District 1,Health Sub-Centre Upgrade,"Health Sub-Centre Upgrade at Colony Gate #256, Telangana PC-3",District Rural Dev. Agency,1011998,2025-09-03,Completed,2026-02-17,False,
W002837,MP0426,Geeta Joshi,Telangana,Telangana PC-3,Telangana District 1,Anganwadi Centre,"Anganwadi Centre near Temple Road #272, Telangana PC-3",State Electricity Board,709273,2026-04-14,Completed,2026-07-14,False,
W002838,MP0426,Geeta Joshi,Telangana,Telangana PC-3,Telangana District 1,School Building/Classroom,"School Building/Classroom in Ward 7 #306, Telangana PC-3",Rural Engineering Services,1661704,2026-05-14,Ongoing,,False,
W002839,MP0427,Harish Iyer,Telangana,Telangana PC-4,Telangana District 1,Irrigation Canal,"Irrigation Canal near Bus Depot #793, Telangana PC-4",Block Development Office,1960277,2025-02-26,Completed,2025-10-11,False,
W002840,MP0427,Harish Iyer,Telangana,Telangana PC-4,Telangana District 1,School Building/Classroom,"School Building/Classroom in Ward 12 #477, Telangana PC-4",Municipal Corporation,1951618,2025-06-12,Completed,2025-12-22,False,
W002841,MP0427,Harish Iyer,Telangana,Telangana PC-4,Telangana District 1,Anganwadi Centre,"Anganwadi Centre near Community Centre #994, Telangana PC-4",State Electricity Board,624371,2025-12-08,Completed,2026-02-28,False,
W002842,MP0427,Harish Iyer,Telangana,Telangana PC-4,Telangana District 1,Health Sub-Centre Upgrade,"Health Sub-Centre Upgrade in Sector 4 #855, Telangana PC-4",Rural Engineering Services,1092198,2025-01-02,Completed,2025-05-16,False,
W002843,MP0427,Harish Iyer,Telangana,Telangana PC-4,Telangana District 1,Public Toilet Complex,"Public Toilet Complex at Market Road #856, Telangana PC-4",Block Development Office,449828,2026-04-12,Completed,2026-05-19,False,
W002844,MP0427,Harish Iyer,Telangana,Telangana PC-4,Telangana District 1,Road Construction/Repair,"Road Construction/Repair near Temple Road #893, Telangana PC-4",Zilla Panchayat,1007116,2025-05-05,Completed,2025-10-17,False,
W002845,MP0427,Harish Iyer,Telangana,Telangana PC-4,Telangana District 1,Health Sub-Centre Upgrade,"Health Sub-Centre Upgrade at Village Entry Point #697, Telangana PC-4",Rural Engineering Services,1000000,2024-06-09,Ongoing,,True,stuck_ongoing
W002846,MP0428,Manoj Yadav,Telangana,Telangana PC-5,Telangana District 2,Health Sub-Centre Upgrade,"Health Sub-Centre Upgrade at Village Entry Point #516, Telangana PC-5",Zilla Panchayat,1091425,2026-05-27,Ongoing,,False,
W002847,MP0428,Manoj Yadav,Telangana,Telangana PC-5,Telangana District 2,Road Construction/Repair,"Road Construction/Repair in Ward 7 #809, Telangana PC-5",State Water Board,1432571,2025-10-15,Completed,2026-02-05,False,
W002848,MP0428,Manoj Yadav,Telangana,Telangana PC-5,Telangana District 2,Anganwadi Centre,"Anganwadi Centre near Panchayat Bhavan #383, Telangana PC-5",Municipal Corporation,662745,2026-06-16,Ongoing,,False,
W002849,MP0428,Manoj Yadav,Telangana,Telangana PC-5,Telangana District 2,Drainage/Sewage,"Drainage/Sewage near Bus Stand #859, Telangana PC-5",Rural Engineering Services,849561,2025-05-24,Completed,2025-08-31,False,
W002850,MP0428,Manoj Yadav,Telangana,Telangana PC-5,Telangana District 2,Anganwadi Centre,"Anganwadi Centre in Sector 4 #566, Telangana PC-5",Rural Engineering Services,602043,2025-03-06,Completed,2025-07-18,False,
W002851,MP0428,Manoj Yadav,Telangana,Telangana PC-5,Telangana District 2,School Building/Classroom,"School Building/Classroom in Ward 12 #315, Telangana PC-5",District Rural Dev. Agency,1581695,2026-06-24,Ongoing,,False,
W002852,MP0428,Manoj Yadav,Telangana,Telangana PC-5,Telangana District 2,Community Hall,"Community Hall near Community Centre #738, Telangana PC-5",PWD Division,2169222,2025-12-10,Completed,2026-08-18,False,
W002853,MP0428,Manoj Yadav,Telangana,Telangana PC-5,Telangana District 2,Road Construction/Repair,"Road Construction/Repair in Ward 12 #261, Telangana PC-5",Rural Engineering Services,1163020,2026-02-05,Completed,2026-07-03,False,
W002854,MP0429,Yogesh Patel,Telangana,Telangana PC-6,Telangana District 2,Public Toilet Complex,"Public Toilet Complex at Colony Gate #193, Telangana PC-6",PWD Division,312982,2025-09-28,Completed,2025-12-04,False,
W002855,MP0429,Yogesh Patel,Telangana,Telangana PC-6,Telangana District 2,Health Sub-Centre Upgrade,"Health Sub-Centre Upgrade at Colony Gate #54, Telangana PC-6",Rural Engineering Services,885732,2026-03-07,Completed,2026-08-26,False,
W002856,MP0429,Yogesh Patel,Telangana,Telangana PC-6,Telangana District 2,School Building/Classroom,"School Building/Classroom at Main Chowk #47, Telangana PC-6",State Electricity Board,1599964,2026-04-09,Ongoing,,False,
W002857,MP0429,Yogesh Patel,Telangana,Telangana PC-6,Telangana District 2,Anganwadi Centre,"Anganwadi Centre in Ward 7 #994, Telangana PC-6",State Water Board,526063,2025-08-22,Completed,2025-11-17,False,
W002858,MP0429,Yogesh Patel,Telangana,Telangana PC-6,Telangana District 2,School Building/Classroom,"School Building/Classroom in Ward 7 #855, Telangana PC-6",Rural Engineering Services,1509459,2025-10-27,Completed,2026-03-26,False,
W002859,MP0429,Yogesh Patel,Telangana,Telangana PC-6,Telangana District 2,Anganwadi Centre,"Anganwadi Centre at Main Chowk #162, Telangana PC-6",Municipal Corporation,327687,2025-07-12,Completed,2025-10-25,False,
W002860,MP0429,Yogesh Patel,Telangana,Telangana PC-6,Telangana District 2,Road Construction/Repair,"Road Construction/Repair near Community Centre #234, Telangana PC-6",PWD Division,1387341,2025-12-11,Completed,2026-06-10,False,
W002861,MP0429,Yogesh Patel,Telangana,Telangana PC-6,Telangana District 2,Drinking Water Supply,"Drinking Water Supply in Ward 7 #198, Telangana PC-6",State Electricity Board,690731,2026-04-22,Completed,2026-06-10,False,
W002862,MP0429,Yogesh Patel,Telangana,Telangana PC-6,Telangana District 2,Road Construction/Repair,"Road Construction/Repair in Ward 7 #878, Telangana PC-6",State Water Board,1200000,2026-06-17,Completed,2026-06-20,True,impossible_speed
W002863,MP0430,Manoj Kumar,Telangana,Telangana PC-7,Telangana District 2,Community Hall,"Community Hall near Bus Stand #704, Telangana PC-7",District Rural Dev. Agency,1714238,2025-04-11,Completed,2025-10-19,False,
W002864,MP0430,Manoj Kumar,Telangana,Telangana PC-7,Telangana District 2,School Building/Classroom,"School Building/Classroom in Ward 12 #921, Telangana PC-7",District Rural Dev. Agency,1822738,2026-04-22,Ongoing,,False,
W002865,MP0430,Manoj Kumar,Telangana,Telangana PC-7,Telangana District 2,Community Hall,"Community Hall at Ward 3 #735, Telangana PC-7",State Water Board,1895607,2025-06-15,Completed,2026-02-16,False,
W002866,MP0430,Manoj Kumar,Telangana,Telangana PC-7,Telangana District 2,Community Hall,"Community Hall near Temple Road #389, Telangana PC-7",Zilla Panchayat,2162932,2025-06-14,Completed,2025-12-21,False,
W002867,MP0430,Manoj Kumar,Telangana,Telangana PC-7,Telangana District 2,Irrigation Canal,"Irrigation Canal near Community Centre #456, Telangana PC-7",PWD Division,1696578,2025-08-30,Completed,2026-05-21,False,
W002868,MP0430,Manoj Kumar,Telangana,Telangana PC-7,Telangana District 2,Public Toilet Complex,"Public Toilet Complex near Govt School #632, Telangana PC-7",State Electricity Board,379567,2026-03-23,Completed,2026-05-30,False,
W002869,MP0430,Manoj Kumar,Telangana,Telangana PC-7,Telangana District 2,Road Construction/Repair,"Road Construction/Repair near Community Centre #404, Telangana PC-7",Rural Engineering Services,1336792,2026-02-04,Completed,2026-06-01,False,
W002870,MP0431,Rajesh Pandey,Telangana,Telangana PC-8,Telangana District 2,Road Construction/Repair,"Road Construction/Repair near Govt School #596, Telangana PC-8",Municipal Corporation,1243363,2025-06-26,Completed,2026-01-11,False,
W002871,MP0431,Rajesh Pandey,Telangana,Telangana PC-8,Telangana District 2,Community Hall,"Community Hall in Sector 4 #343, Telangana PC-8",Block Development Office,2086752,2025-03-05,Completed,2025-10-12,False,
W002872,MP0431,Rajesh Pandey,Telangana,Telangana PC-8,Telangana District 2,Streetlight Installation,"Streetlight Installation in Ward 12 #594, Telangana PC-8",Municipal Corporation,259796,2026-01-17,Completed,2026-02-28,False,
W002873,MP0431,Rajesh Pandey,Telangana,Telangana PC-8,Telangana District 2,Irrigation Canal,"Irrigation Canal near Panchayat Bhavan #9, Telangana PC-8",Zilla Panchayat,2188387,2025-08-02,Completed,2026-04-09,False,
W002874,MP0431,Rajesh Pandey,Telangana,Telangana PC-8,Telangana District 2,Anganwadi Centre,"Anganwadi Centre in Ward 7 #27, Telangana PC-8",District Rural Dev. Agency,501772,2025-07-10,Completed,2025-11-04,False,
W002875,MP0431,Rajesh Pandey,Telangana,Telangana PC-8,Telangana District 2,Health Sub-Centre Upgrade,"Health Sub-Centre Upgrade in Ward 12 #433, Telangana PC-8",District Rural Dev. Agency,781683,2024-10-04,Completed,2025-04-20,False,
W002876,MP0431,Rajesh Pandey,Telangana,Telangana PC-8,Telangana District 2,Public Toilet Complex,"Public Toilet Complex at Colony Gate #337, Telangana PC-8",State Electricity Board,447530,2025-02-11,Completed,2025-03-30,False,
W002877,MP0431,Rajesh Pandey,Telangana,Telangana PC-8,Telangana District 2,Community Hall,"Community Hall at Ward 3 #225, Telangana PC-8",State Electricity Board,2111199,2025-02-01,Completed,2025-09-25,False,
W002878,MP0431,Rajesh Pandey,Telangana,Telangana PC-8,Telangana District 2,Health Sub-Centre Upgrade,"Health Sub-Centre Upgrade in Ward 12 #79, Telangana PC-8",Zilla Panchayat,1050015,2025-11-19,Completed,2026-06-02,False,
W002879,MP0432,Sanjeev Mehta,Telangana,Telangana PC-9,Telangana District 3,Irrigation Canal,"Irrigation Canal near Panchayat Bhavan #621, Telangana PC-9",Zilla Panchayat,1088812,2025-05-03,Completed,2025-12-10,False,
W002880,MP0432,Sanjeev Mehta,Telangana,Telangana PC-9,Telangana District 3,School Building/Classroom,"School Building/Classroom at Village Entry Point #586, Telangana PC-9",Rural Engineering Services,1886758,2025-08-11,Completed,2026-04-08,False,
W002881,MP0432,Sanjeev Mehta,Telangana,Telangana PC-9,Telangana District 3,Community Hall,"Community Hall in Ward 7 #241, Telangana PC-9",Rural Engineering Services,1633560,2025-03-14,Completed,2025-10-20,False,
W002882,MP0432,Sanjeev Mehta,Telangana,Telangana PC-9,Telangana District 3,Irrigation Canal,"Irrigation Canal at Ward 3 #329, Telangana PC-9",Block Development Office,1916795,2025-07-22,Completed,2026-03-18,False,
W002883,MP0432,Sanjeev Mehta,Telangana,Telangana PC-9,Telangana District 3,Drainage/Sewage,"Drainage/Sewage near Primary Health Centre #488, Telangana PC-9",PWD Division,652733,2025-12-07,Completed,2026-03-28,False,
W002884,MP0432,Sanjeev Mehta,Telangana,Telangana PC-9,Telangana District 3,Drainage/Sewage,"Drainage/Sewage near Panchayat Bhavan #938, Telangana PC-9",District Rural Dev. Agency,851642,2024-09-11,Completed,2025-01-21,False,
W002885,MP0432,Sanjeev Mehta,Telangana,Telangana PC-9,Telangana District 3,Drinking Water Supply,"Drinking Water Supply at Ward 3 #968, Telangana PC-9",State Electricity Board,773886,2025-10-02,Completed,2025-11-11,False,
W002886,MP0432,Sanjeev Mehta,Telangana,Telangana PC-9,Telangana District 3,School Building/Classroom,"School Building/Classroom at Main Chowk #176, Telangana PC-9",PWD Division,1448342,2025-11-07,Completed,2026-04-17,False,
W002887,MP0432,Sanjeev Mehta,Telangana,Telangana PC-9,Telangana District 3,Streetlight Installation,"Streetlight Installation in Sector 4 #392, Telangana PC-9",PWD Division,281961,2025-05-26,Completed,2025-06-26,False,
W002888,MP0433,Kavita Nair,Telangana,Telangana PC-10,Telangana District 3,Road Construction/Repair,"Road Construction/Repair at Market Road #913, Telangana PC-10",PWD Division,1126943,2025-06-10,Completed,2025-11-07,False,
W002889,MP0433,Kavita Nair,Telangana,Telangana PC-10,Telangana District 3,School Building/Classroom,"School Building/Classroom at Main Chowk #663, Telangana PC-10",Zilla Panchayat,1493114,2025-06-25,Completed,2025-12-18,False,
W002890,MP0433,Kavita Nair,Telangana,Telangana PC-10,Telangana District 3,Public Toilet Complex,"Public Toilet Complex near Panchayat Bhavan #326, Telangana PC-10",State Electricity Board,296621,2025-02-11,Completed,2025-04-27,False,
W002891,MP0433,Kavita Nair,Telangana,Telangana PC-10,Telangana District 3,School Building/Classroom,"School Building/Classroom at Colony Gate #316, Telangana PC-10",PWD Division,1749548,2025-11-19,Completed,2026-06-11,False,
W002892,MP0433,Kavita Nair,Telangana,Telangana PC-10,Telangana District 3,Road Construction/Repair,"Road Construction/Repair at Village Entry Point #580, Telangana PC-10",District Rural Dev. Agency,1318160,2025-07-21,Completed,2026-01-18,False,
W002893,MP0433,Kavita Nair,Telangana,Telangana PC-10,Telangana District 3,Drinking Water Supply,"Drinking Water Supply in Ward 7 #488, Telangana PC-10",Zilla Panchayat,910307,2026-07-09,Ongoing,,False,
W002894,MP0433,Kavita Nair,Telangana,Telangana PC-10,Telangana District 3,School Building/Classroom,"School Building/Classroom near Railway Crossing #308, Telangana PC-10",PWD Division,1592755,2026-01-03,Completed,2026-06-30,False,
W002895,MP0433,Kavita Nair,Telangana,Telangana PC-10,Telangana District 3,Health Sub-Centre Upgrade,"Health Sub-Centre Upgrade near Govt School #56, Telangana PC-10",Zilla Panchayat,787449,2026-05-08,Ongoing,,False,
W002896,MP0434,Neelam Rathore,Telangana,Telangana PC-11,Telangana District 3,Public Toilet Complex,"Public Toilet Complex near Govt School #674, Telangana PC-11",PWD Division,434412,2025-12-16,Completed,2026-03-04,False,
W002897,MP0434,Neelam Rathore,Telangana,Telangana PC-11,Telangana District 3,Irrigation Canal,"Irrigation Canal in Ward 7 #95, Telangana PC-11",Block Development Office,1821126,2025-05-19,Completed,2026-01-31,False,
W002898,MP0434,Neelam Rathore,Telangana,Telangana PC-11,Telangana District 3,Drinking Water Supply,"Drinking Water Supply near Temple Road #547, Telangana PC-11",PWD Division,746812,2024-10-23,Completed,2025-01-07,False,
W002899,MP0434,Neelam Rathore,Telangana,Telangana PC-11,Telangana District 3,Community Hall,"Community Hall near Govt School #624, Telangana PC-11",Rural Engineering Services,2543333,2025-02-15,Completed,2025-07-03,False,
W002900,MP0434,Neelam Rathore,Telangana,Telangana PC-11,Telangana District 3,Anganwadi Centre,"Anganwadi Centre in Ward 7 #280, Telangana PC-11",State Electricity Board,526046,2025-11-26,Completed,2026-02-24,False,
W002901,MP0435,Sunita Iyer,Telangana,Telangana PC-12,Telangana District 3,Drinking Water Supply,"Drinking Water Supply at Market Road #117, Telangana PC-12",State Water Board,996055,2026-01-13,Completed,2026-04-11,False,
W002902,MP0435,Sunita Iyer,Telangana,Telangana PC-12,Telangana District 3,Anganwadi Centre,"Anganwadi Centre in Ward 7 #845, Telangana PC-12",Block Development Office,639213,2025-05-20,Completed,2025-08-07,False,
W002903,MP0435,Sunita Iyer,Telangana,Telangana PC-12,Telangana District 3,Health Sub-Centre Upgrade,"Health Sub-Centre Upgrade near Panchayat Bhavan #704, Telangana PC-12",Municipal Corporation,781245,2026-02-17,Ongoing,,False,
W002904,MP0435,Sunita Iyer,Telangana,Telangana PC-12,Telangana District 3,Anganwadi Centre,"Anganwadi Centre near Primary Health Centre #20, Telangana PC-12",PWD Division,606481,2026-06-28,Ongoing,,False,
W002905,MP0435,Sunita Iyer,Telangana,Telangana PC-12,Telangana District 3,Anganwadi Centre,"Anganwadi Centre near Railway Crossing #529, Telangana PC-12",State Electricity Board,657756,2025-05-17,Completed,2025-08-06,False,
W002906,MP0435,Sunita Iyer,Telangana,Telangana PC-12,Telangana District 3,Drinking Water Supply,"Drinking Water Supply near Govt School #468, Telangana PC-12",Block Development Office,838050,2024-12-23,Completed,2025-03-24,False,
W002907,MP0435,Sunita Iyer,Telangana,Telangana PC-12,Telangana District 3,Community Hall,"Community Hall near Panchayat Bhavan #963, Telangana PC-12",Municipal Corporation,2136195,2025-09-24,Completed,2026-03-03,False,
W002908,MP0435,Sunita Iyer,Telangana,Telangana PC-12,Telangana District 3,Irrigation Canal,"Irrigation Canal at Main Chowk #317, Telangana PC-12",State Electricity Board,1917171,2025-04-02,Completed,2025-12-10,False,
W002909,MP0435,Sunita Iyer,Telangana,Telangana PC-12,Telangana District 3,Streetlight Installation,"Streetlight Installation near Govt School #276, Telangana PC-12",State Electricity Board,246813,2025-08-17,Completed,2025-10-15,False,
W002910,MP0436,Usha Naidu,Telangana,Telangana PC-13,Telangana District 4,Community Hall,"Community Hall near Primary Health Centre #325, Telangana PC-13",State Electricity Board,2410762,2024-11-07,Completed,2025-06-07,False,
W002911,MP0436,Usha Naidu,Telangana,Telangana PC-13,Telangana District 4,Drinking Water Supply,"Drinking Water Supply near Panchayat Bhavan #328, Telangana PC-13",State Electricity Board,1022064,2025-03-26,Completed,2025-07-13,False,
W002912,MP0436,Usha Naidu,Telangana,Telangana PC-13,Telangana District 4,Streetlight Installation,"Streetlight Installation at Main Chowk #754, Telangana PC-13",PWD Division,282056,2025-02-24,Completed,2025-04-07,False,
W002913,MP0436,Usha Naidu,Telangana,Telangana PC-13,Telangana District 4,Road Construction/Repair,"Road Construction/Repair near Temple Road #237, Telangana PC-13",Rural Engineering Services,961863,2025-12-01,Completed,2026-04-03,False,
W002914,MP0436,Usha Naidu,Telangana,Telangana PC-13,Telangana District 4,Road Construction/Repair,"Road Construction/Repair at Colony Gate #173, Telangana PC-13",State Water Board,1384767,2025-07-16,Completed,2025-12-12,False,
W002915,MP0436,Usha Naidu,Telangana,Telangana PC-13,Telangana District 4,Drainage/Sewage,"Drainage/Sewage in Ward 12 #64, Telangana PC-13",Rural Engineering Services,754221,2024-09-17,Completed,2024-12-25,False,
W002916,MP0437,Satish Singh,Telangana,Telangana PC-14,Telangana District 4,Streetlight Installation,"Streetlight Installation at Market Road #953, Telangana PC-14",Rural Engineering Services,337566,2025-07-01,Completed,2025-08-21,False,
W002917,MP0437,Satish Singh,Telangana,Telangana PC-14,Telangana District 4,Public Toilet Complex,"Public Toilet Complex near Bus Depot #383, Telangana PC-14",Rural Engineering Services,348346,2024-09-11,Completed,2024-11-10,False,
W002918,MP0437,Satish Singh,Telangana,Telangana PC-14,Telangana District 4,Public Toilet Complex,"Public Toilet Complex near Govt School #549, Telangana PC-14",State Electricity Board,374105,2025-07-10,Completed,2025-09-08,False,
W002919,MP0437,Satish Singh,Telangana,Telangana PC-14,Telangana District 4,Community Hall,"Community Hall near Railway Crossing #920, Telangana PC-14",Rural Engineering Services,1797929,2025-06-05,Completed,2026-01-06,False,
W002920,MP0437,Satish Singh,Telangana,Telangana PC-14,Telangana District 4,Drainage/Sewage,"Drainage/Sewage near Panchayat Bhavan #461, Telangana PC-14",Rural Engineering Services,765331,2026-04-13,Completed,2026-06-30,False,
W002921,MP0437,Satish Singh,Telangana,Telangana PC-14,Telangana District 4,Irrigation Canal,"Irrigation Canal in Sector 4 #502, Telangana PC-14",State Water Board,2106059,2025-11-07,Completed,2026-04-29,False,
W002922,MP0437,Satish Singh,Telangana,Telangana PC-14,Telangana District 4,Health Sub-Centre Upgrade,"Health Sub-Centre Upgrade near Bus Depot #316, Telangana PC-14",PWD Division,914438,2024-11-24,Completed,2025-06-03,False,
W002923,MP0438,Ashok Das,Telangana,Telangana PC-15,Telangana District 4,School Building/Classroom,"School Building/Classroom in Ward 7 #19, Telangana PC-15",Rural Engineering Services,1628754,2025-08-13,Completed,2026-03-20,False,
W002924,MP0438,Ashok Das,Telangana,Telangana PC-15,Telangana District 4,School Building/Classroom,"School Building/Classroom near Railway Crossing #73, Telangana PC-15",Zilla Panchayat,1648437,2026-01-11,Ongoing,,False,
W002925,MP0438,Ashok Das,Telangana,Telangana PC-15,Telangana District 4,School Building/Classroom,"School Building/Classroom at Market Road #645, Telangana PC-15",Municipal Corporation,1629832,2025-11-24,Completed,2026-05-11,False,
W002926,MP0438,Ashok Das,Telangana,Telangana PC-15,Telangana District 4,Public Toilet Complex,"Public Toilet Complex at Village Entry Point #815, Telangana PC-15",State Water Board,271731,2026-05-21,Completed,2026-07-18,False,
W002927,MP0438,Ashok Das,Telangana,Telangana PC-15,Telangana District 4,Public Toilet Complex,"Public Toilet Complex near Temple Road #715, Telangana PC-15",District Rural Dev. Agency,434985,2024-09-05,Completed,2024-11-05,False,
W002928,MP0439,Ajay Rathore,Telangana,Telangana PC-16,Telangana District 4,School Building/Classroom,"School Building/Classroom at Ward 3 #370, Telangana PC-16",District Rural Dev. Agency,1616953,2025-01-18,Completed,2025-06-18,False,
W002929,MP0439,Ajay Rathore,Telangana,Telangana PC-16,Telangana District 4,Drinking Water Supply,"Drinking Water Supply near Panchayat Bhavan #873, Telangana PC-16",Municipal Corporation,704255,2024-11-25,Completed,2025-02-17,False,
W002930,MP0439,Ajay Rathore,Telangana,Telangana PC-16,Telangana District 4,Irrigation Canal,"Irrigation Canal at Village Entry Point #103, Telangana PC-16",Zilla Panchayat,1799174,2025-03-31,Completed,2025-11-01,False,
W002931,MP0439,Ajay Rathore,Telangana,Telangana PC-16,Telangana District 4,School Building/Classroom,"School Building/Classroom near Primary Health Centre #225, Telangana PC-16",State Electricity Board,1587520,2025-02-26,Completed,2025-08-26,False,
W002932,MP0439,Ajay Rathore,Telangana,Telangana PC-16,Telangana District 4,Anganwadi Centre,"Anganwadi Centre in Sector 4 #497, Telangana PC-16",PWD Division,479118,2025-07-16,Completed,2025-10-07,False,
W002933,MP0439,Ajay Rathore,Telangana,Telangana PC-16,Telangana District 4,Drainage/Sewage,"Drainage/Sewage near Temple Road #395, Telangana PC-16",Rural Engineering Services,852541,2025-03-18,Completed,2025-07-05,False,
W002934,MP0439,Ajay Rathore,Telangana,Telangana PC-16,Telangana District 4,Streetlight Installation,"Streetlight Installation at Ward 3 #372, Telangana PC-16",Municipal Corporation,264859,2025-08-23,Completed,2025-09-30,False,
W002935,MP0440,Ravi Deshmukh,Telangana,Telangana PC-17,Telangana District 5,Road Construction/Repair,"Road Construction/Repair in Sector 4 #92, Telangana PC-17",District Rural Dev. Agency,714013,2025-07-21,Completed,2025-11-25,False,
W002936,MP0440,Ravi Deshmukh,Telangana,Telangana PC-17,Telangana District 5,Road Construction/Repair,"Road Construction/Repair at Colony Gate #317, Telangana PC-17",Municipal Corporation,903469,2025-11-21,Completed,2026-05-14,False,
W002937,MP0440,Ravi Deshmukh,Telangana,Telangana PC-17,Telangana District 5,Public Toilet Complex,"Public Toilet Complex near Community Centre #89, Telangana PC-17",Block Development Office,475548,2025-04-03,Completed,2025-06-02,False,
W002938,MP0440,Ravi Deshmukh,Telangana,Telangana PC-17,Telangana District 5,Drainage/Sewage,"Drainage/Sewage at Colony Gate #396, Telangana PC-17",Rural Engineering Services,708341,2025-06-05,Completed,2025-09-10,False,
W002939,MP0441,Satish Rathore,Jharkhand,Jharkhand PC-1,Jharkhand District 1,Public Toilet Complex,"Public Toilet Complex near Govt School #615, Jharkhand PC-1",Block Development Office,457491,2025-08-02,Completed,2025-09-19,False,
W002940,MP0441,Satish Rathore,Jharkhand,Jharkhand PC-1,Jharkhand District 1,School Building/Classroom,"School Building/Classroom at Market Road #963, Jharkhand PC-1",State Water Board,1346536,2025-02-14,Completed,2025-09-08,False,
W002941,MP0441,Satish Rathore,Jharkhand,Jharkhand PC-1,Jharkhand District 1,Anganwadi Centre,"Anganwadi Centre at Ward 3 #816, Jharkhand PC-1",Rural Engineering Services,703388,2025-08-09,Completed,2025-11-16,False,
W002942,MP0441,Satish Rathore,Jharkhand,Jharkhand PC-1,Jharkhand District 1,Anganwadi Centre,"Anganwadi Centre in Ward 7 #35, Jharkhand PC-1",Rural Engineering Services,627695,2025-03-12,Completed,2025-06-10,False,
W002943,MP0441,Satish Rathore,Jharkhand,Jharkhand PC-1,Jharkhand District 1,Streetlight Installation,"Streetlight Installation near Panchayat Bhavan #286, Jharkhand PC-1",Rural Engineering Services,242431,2026-01-20,Completed,2026-02-09,False,
W002944,MP0441,Satish Rathore,Jharkhand,Jharkhand PC-1,Jharkhand District 1,Public Toilet Complex,"Public Toilet Complex at Village Entry Point #6, Jharkhand PC-1",PWD Division,490578,2025-07-24,Completed,2025-10-01,False,
W002945,MP0441,Satish Rathore,Jharkhand,Jharkhand PC-1,Jharkhand District 1,Public Toilet Complex,"Public Toilet Complex near Govt School #342, Jharkhand PC-1",Block Development Office,403221,2026-04-23,Completed,2026-06-20,False,
W002946,MP0441,Satish Rathore,Jharkhand,Jharkhand PC-1,Jharkhand District 1,School Building/Classroom,"School Building/Classroom near Temple Road #964, Jharkhand PC-1",District Rural Dev. Agency,1278763,2026-01-20,Completed,2026-08-10,False,
W002947,MP0441,Satish Rathore,Jharkhand,Jharkhand PC-1,Jharkhand District 1,School Building/Classroom,"School Building/Classroom near Temple Road #178, Jharkhand PC-1",Rural Engineering Services,1346604,2025-09-26,Completed,2026-02-25,False,
W002948,MP0442,Ramesh Yadav,Jharkhand,Jharkhand PC-2,Jharkhand District 1,Community Hall,"Community Hall at Main Chowk #66, Jharkhand PC-2",PWD Division,2085856,2026-04-07,Ongoing,,False,
W002949,MP0442,Ramesh Yadav,Jharkhand,Jharkhand PC-2,Jharkhand District 1,Public Toilet Complex,"Public Toilet Complex near Temple Road #938, Jharkhand PC-2",Municipal Corporation,418528,2025-06-14,Completed,2025-08-19,False,
W002950,MP0442,Ramesh Yadav,Jharkhand,Jharkhand PC-2,Jharkhand District 1,Drainage/Sewage,"Drainage/Sewage near Govt School #471, Jharkhand PC-2",Municipal Corporation,657439,2025-05-26,Completed,2025-09-12,False,
W002951,MP0442,Ramesh Yadav,Jharkhand,Jharkhand PC-2,Jharkhand District 1,Drainage/Sewage,"Drainage/Sewage at Market Road #645, Jharkhand PC-2",State Water Board,586954,2025-03-27,Completed,2025-07-30,False,
W002952,MP0442,Ramesh Yadav,Jharkhand,Jharkhand PC-2,Jharkhand District 1,School Building/Classroom,"School Building/Classroom near Bus Depot #828, Jharkhand PC-2",Municipal Corporation,1635449,2024-12-22,Completed,2025-06-07,False,
W002953,MP0442,Ramesh Yadav,Jharkhand,Jharkhand PC-2,Jharkhand District 1,Streetlight Installation,"Streetlight Installation at Market Road #45, Jharkhand PC-2",Municipal Corporation,312919,2025-05-12,Completed,2025-06-29,False,
W002954,MP0442,Ramesh Yadav,Jharkhand,Jharkhand PC-2,Jharkhand District 1,School Building/Classroom,"School Building/Classroom near Railway Crossing #443, Jharkhand PC-2",District Rural Dev. Agency,1367504,2025-11-07,Completed,2026-04-11,False,
W002955,MP0442,Ramesh Yadav,Jharkhand,Jharkhand PC-2,Jharkhand District 1,Drinking Water Supply,"Drinking Water Supply at Village Entry Point #132, Jharkhand PC-2",PWD Division,821838,2024-12-07,Completed,2025-01-30,False,
W002956,MP0443,Geeta Mondal,Jharkhand,Jharkhand PC-3,Jharkhand District 1,School Building/Classroom,"School Building/Classroom at Ward 3 #150, Jharkhand PC-3",State Water Board,1601990,2024-12-09,Completed,2025-06-15,False,
W002957,MP0443,Geeta Mondal,Jharkhand,Jharkhand PC-3,Jharkhand District 1,Drainage/Sewage,"Drainage/Sewage in Ward 7 #936, Jharkhand PC-3",Rural Engineering Services,731003,2025-09-27,Completed,2025-11-26,False,
W002958,MP0443,Geeta Mondal,Jharkhand,Jharkhand PC-3,Jharkhand District 1,Drinking Water Supply,"Drinking Water Supply at Village Entry Point #806, Jharkhand PC-3",District Rural Dev. Agency,671222,2026-03-16,Completed,2026-06-03,False,
W002959,MP0443,Geeta Mondal,Jharkhand,Jharkhand PC-3,Jharkhand District 1,Streetlight Installation,"Streetlight Installation at Ward 3 #968, Jharkhand PC-3",State Electricity Board,323989,2025-07-30,Completed,2025-09-19,False,
W002960,MP0443,Geeta Mondal,Jharkhand,Jharkhand PC-3,Jharkhand District 1,Health Sub-Centre Upgrade,"Health Sub-Centre Upgrade at Market Road #356, Jharkhand PC-3",Rural Engineering Services,826966,2025-06-14,Completed,2025-12-14,False,
W002961,MP0443,Geeta Mondal,Jharkhand,Jharkhand PC-3,Jharkhand District 1,School Building/Classroom,"School Building/Classroom near Bus Stand #808, Jharkhand PC-3",State Electricity Board,1622606,2025-11-18,Completed,2026-02-05,False,
W002962,MP0444,Amit Pandey,Jharkhand,Jharkhand PC-4,Jharkhand District 1,Health Sub-Centre Upgrade,"Health Sub-Centre Upgrade near Railway Crossing #298, Jharkhand PC-4",Rural Engineering Services,1171313,2025-02-19,Completed,2025-08-15,False,
W002963,MP0444,Amit Pandey,Jharkhand,Jharkhand PC-4,Jharkhand District 1,Anganwadi Centre,"Anganwadi Centre in Ward 7 #563, Jharkhand PC-4",State Electricity Board,661314,2025-04-16,Completed,2025-08-02,False,
W002964,MP0444,Amit Pandey,Jharkhand,Jharkhand PC-4,Jharkhand District 1,Streetlight Installation,"Streetlight Installation in Ward 12 #932, Jharkhand PC-4",State Water Board,250800,2026-05-31,Completed,2026-06-29,False,
W002965,MP0444,Amit Pandey,Jharkhand,Jharkhand PC-4,Jharkhand District 1,Drainage/Sewage,"Drainage/Sewage in Sector 4 #86, Jharkhand PC-4",Municipal Corporation,605861,2025-02-15,Completed,2025-04-22,False,
W002966,MP0444,Amit Pandey,Jharkhand,Jharkhand PC-4,Jharkhand District 1,Streetlight Installation,"Streetlight Installation at Ward 3 #978, Jharkhand PC-4",Zilla Panchayat,303324,2025-08-23,Completed,2025-09-30,False,
W002967,MP0444,Amit Pandey,Jharkhand,Jharkhand PC-4,Jharkhand District 1,Streetlight Installation,"Streetlight Installation near Bus Stand #738, Jharkhand PC-4",District Rural Dev. Agency,303952,2025-09-12,Completed,2025-10-22,False,
W002968,MP0444,Amit Pandey,Jharkhand,Jharkhand PC-4,Jharkhand District 1,Anganwadi Centre,"Anganwadi Centre in Sector 4 #197, Jharkhand PC-4",District Rural Dev. Agency,647054,2025-09-26,Completed,2026-01-31,False,
W002969,MP0445,Harish Das,Jharkhand,Jharkhand PC-5,Jharkhand District 2,Community Hall,"Community Hall near Bus Depot #70, Jharkhand PC-5",Rural Engineering Services,2401749,2025-07-29,Completed,2026-01-28,False,
W002970,MP0445,Harish Das,Jharkhand,Jharkhand PC-5,Jharkhand District 2,Irrigation Canal,"Irrigation Canal at Colony Gate #392, Jharkhand PC-5",Block Development Office,1596903,2025-04-21,Completed,2025-11-18,False,
W002971,MP0445,Harish Das,Jharkhand,Jharkhand PC-5,Jharkhand District 2,Drinking Water Supply,"Drinking Water Supply at Market Road #64, Jharkhand PC-5",Zilla Panchayat,839030,2024-09-11,Completed,2024-12-07,False,
W002972,MP0445,Harish Das,Jharkhand,Jharkhand PC-5,Jharkhand District 2,Road Construction/Repair,"Road Construction/Repair near Bus Depot #570, Jharkhand PC-5",Municipal Corporation,1294324,2024-11-27,Completed,2025-04-08,False,
W002973,MP0445,Harish Das,Jharkhand,Jharkhand PC-5,Jharkhand District 2,Public Toilet Complex,"Public Toilet Complex near Community Centre #403, Jharkhand PC-5",Rural Engineering Services,400574,2026-02-12,Completed,2026-04-12,False,
W002974,MP0445,Harish Das,Jharkhand,Jharkhand PC-5,Jharkhand District 2,Anganwadi Centre,"Anganwadi Centre in Ward 12 #528, Jharkhand PC-5",State Water Board,552605,2026-06-23,Ongoing,,False,
W002975,MP0445,Harish Das,Jharkhand,Jharkhand PC-5,Jharkhand District 2,Irrigation Canal,"Irrigation Canal at Colony Gate #392, Jharkhand PC-5 (Phase II)",Block Development Office,2013411,2025-05-12,Sanctioned,,True,duplicate_work
W002976,MP0446,Vikram Banerjee,Jharkhand,Jharkhand PC-6,Jharkhand District 2,Road Construction/Repair,"Road Construction/Repair in Sector 4 #820, Jharkhand PC-6",PWD Division,1054170,2025-11-25,Completed,2026-05-05,False,
W002977,MP0446,Vikram Banerjee,Jharkhand,Jharkhand PC-6,Jharkhand District 2,Community Hall,"Community Hall near Railway Crossing #968, Jharkhand PC-6",Zilla Panchayat,2180803,2025-06-30,Completed,2026-02-15,False,
W002978,MP0446,Vikram Banerjee,Jharkhand,Jharkhand PC-6,Jharkhand District 2,Health Sub-Centre Upgrade,"Health Sub-Centre Upgrade near Railway Crossing #567, Jharkhand PC-6",PWD Division,858477,2025-09-26,Completed,2026-02-15,False,
W002979,MP0446,Vikram Banerjee,Jharkhand,Jharkhand PC-6,Jharkhand District 2,Irrigation Canal,"Irrigation Canal in Ward 12 #100, Jharkhand PC-6",Rural Engineering Services,1952612,2025-06-06,Completed,2025-11-22,False,
W002980,MP0447,Mahesh Kulkarni,Jharkhand,Jharkhand PC-7,Jharkhand District 2,Irrigation Canal,"Irrigation Canal at Village Entry Point #445, Jharkhand PC-7",State Water Board,1685718,2025-05-17,Completed,2026-01-18,False,
W002981,MP0447,Mahesh Kulkarni,Jharkhand,Jharkhand PC-7,Jharkhand District 2,Public Toilet Complex,"Public Toilet Complex at Village Entry Point #417, Jharkhand PC-7",Block Development Office,493127,2025-02-03,Completed,2025-03-30,False,
W002982,MP0447,Mahesh Kulkarni,Jharkhand,Jharkhand PC-7,Jharkhand District 2,Community Hall,"Community Hall in Sector 4 #557, Jharkhand PC-7",PWD Division,2128797,2025-03-14,Completed,2025-10-19,False,
W002983,MP0447,Mahesh Kulkarni,Jharkhand,Jharkhand PC-7,Jharkhand District 2,Drainage/Sewage,"Drainage/Sewage at Main Chowk #259, Jharkhand PC-7",District Rural Dev. Agency,691711,2025-11-16,Completed,2026-04-04,False,
W002984,MP0448,Deepak Nair,Jharkhand,Jharkhand PC-8,Jharkhand District 2,Health Sub-Centre Upgrade,"Health Sub-Centre Upgrade in Ward 12 #923, Jharkhand PC-8",State Water Board,622524,2025-05-18,Completed,2025-10-03,False,
W002985,MP0448,Deepak Nair,Jharkhand,Jharkhand PC-8,Jharkhand District 2,Health Sub-Centre Upgrade,"Health Sub-Centre Upgrade near Temple Road #982, Jharkhand PC-8",District Rural Dev. Agency,1405834,2025-04-15,Completed,2025-08-24,False,
W002986,MP0448,Deepak Nair,Jharkhand,Jharkhand PC-8,Jharkhand District 2,Drainage/Sewage,"Drainage/Sewage at Ward 3 #752, Jharkhand PC-8",Zilla Panchayat,709602,2025-03-31,Completed,2025-06-30,False,
W002987,MP0448,Deepak Nair,Jharkhand,Jharkhand PC-8,Jharkhand District 2,Irrigation Canal,"Irrigation Canal at Village Entry Point #294, Jharkhand PC-8",PWD Division,1995340,2026-02-14,Ongoing,,False,
W002988,MP0449,Suresh Patel,Jharkhand,Jharkhand PC-9,Jharkhand District 3,Health Sub-Centre Upgrade,"Health Sub-Centre Upgrade at Ward 3 #558, Jharkhand PC-9",District Rural Dev. Agency,928179,2025-07-08,Completed,2025-12-25,False,
W002989,MP0449,Suresh Patel,Jharkhand,Jharkhand PC-9,Jharkhand District 3,Anganwadi Centre,"Anganwadi Centre near Community Centre #217, Jharkhand PC-9",PWD Division,515460,2025-09-20,Completed,2025-12-14,False,
W002990,MP0449,Suresh Patel,Jharkhand,Jharkhand PC-9,Jharkhand District 3,Community Hall,"Community Hall in Sector 4 #416, Jharkhand PC-9",Block Development Office,1964221,2026-07-07,Ongoing,,False,
W002991,MP0449,Suresh Patel,Jharkhand,Jharkhand PC-9,Jharkhand District 3,Health Sub-Centre Upgrade,"Health Sub-Centre Upgrade near Panchayat Bhavan #89, Jharkhand PC-9",Block Development Office,642175,2025-07-16,Completed,2025-12-05,False,
W002992,MP0450,Deepak Yadav,Jharkhand,Jharkhand PC-10,Jharkhand District 3,Health Sub-Centre Upgrade,"Health Sub-Centre Upgrade in Ward 7 #302, Jharkhand PC-10",District Rural Dev. Agency,1240368,2025-10-12,Completed,2026-02-21,False,
W002993,MP0450,Deepak Yadav,Jharkhand,Jharkhand PC-10,Jharkhand District 3,Streetlight Installation,"Streetlight Installation in Ward 12 #589, Jharkhand PC-10",Block Development Office,309274,2024-12-26,Completed,2025-02-02,False,
W002994,MP0450,Deepak Yadav,Jharkhand,Jharkhand PC-10,Jharkhand District 3,Drainage/Sewage,"Drainage/Sewage near Panchayat Bhavan #33, Jharkhand PC-10",State Water Board,753049,2024-10-26,Completed,2024-12-24,False,
W002995,MP0450,Deepak Yadav,Jharkhand,Jharkhand PC-10,Jharkhand District 3,Anganwadi Centre,"Anganwadi Centre near Temple Road #311, Jharkhand PC-10",State Electricity Board,547922,2025-06-28,Completed,2025-10-06,False,
W002996,MP0450,Deepak Yadav,Jharkhand,Jharkhand PC-10,Jharkhand District 3,School Building/Classroom,"School Building/Classroom near Panchayat Bhavan #863, Jharkhand PC-10",State Electricity Board,1629690,2025-03-04,Completed,2025-08-26,False,
W002997,MP0450,Deepak Yadav,Jharkhand,Jharkhand PC-10,Jharkhand District 3,Public Toilet Complex,"Public Toilet Complex near Bus Depot #50, Jharkhand PC-10",Rural Engineering Services,434497,2026-01-22,Completed,2026-03-25,False,
W002998,MP0451,Vinod Banerjee,Jharkhand,Jharkhand PC-11,Jharkhand District 3,Road Construction/Repair,"Road Construction/Repair near Primary Health Centre #940, Jharkhand PC-11",State Electricity Board,1189417,2025-03-23,Completed,2025-08-29,False,
W002999,MP0451,Vinod Banerjee,Jharkhand,Jharkhand PC-11,Jharkhand District 3,Irrigation Canal,"Irrigation Canal in Ward 7 #620, Jharkhand PC-11",Block Development Office,1655269,2025-10-27,Ongoing,,False,
W003000,MP0451,Vinod Banerjee,Jharkhand,Jharkhand PC-11,Jharkhand District 3,Road Construction/Repair,"Road Construction/Repair at Ward 3 #331, Jharkhand PC-11",PWD Division,1405754,2025-02-01,Completed,2025-06-27,False,
W003001,MP0451,Vinod Banerjee,Jharkhand,Jharkhand PC-11,Jharkhand District 3,Road Construction/Repair,"Road Construction/Repair at Village Entry Point #753, Jharkhand PC-11",District Rural Dev. Agency,1030108,2025-12-10,Completed,2026-06-11,False,
W003002,MP0452,Ramesh Kulkarni,Jharkhand,Jharkhand PC-12,Jharkhand District 3,Road Construction/Repair,"Road Construction/Repair at Market Road #142, Jharkhand PC-12",Municipal Corporation,1059140,2025-12-11,Completed,2026-05-16,False,
W003003,MP0452,Ramesh Kulkarni,Jharkhand,Jharkhand PC-12,Jharkhand District 3,Drainage/Sewage,"Drainage/Sewage in Sector 4 #127, Jharkhand PC-12",Block Development Office,513612,2025-10-04,Completed,2026-02-01,False,
W003004,MP0452,Ramesh Kulkarni,Jharkhand,Jharkhand PC-12,Jharkhand District 3,Streetlight Installation,"Streetlight Installation near Railway Crossing #318, Jharkhand PC-12",District Rural Dev. Agency,341776,2025-02-22,Completed,2025-04-25,False,
W003005,MP0452,Ramesh Kulkarni,Jharkhand,Jharkhand PC-12,Jharkhand District 3,Drinking Water Supply,"Drinking Water Supply near Govt School #125, Jharkhand PC-12",Rural Engineering Services,850104,2025-09-04,Completed,2026-01-11,False,
W003006,MP0452,Ramesh Kulkarni,Jharkhand,Jharkhand PC-12,Jharkhand District 3,Road Construction/Repair,"Road Construction/Repair near Community Centre #984, Jharkhand PC-12",Municipal Corporation,1188831,2025-06-04,Completed,2025-11-12,False,
W003007,MP0453,Vijay Rao,Jharkhand,Jharkhand PC-13,Jharkhand District 4,Irrigation Canal,"Irrigation Canal near Community Centre #964, Jharkhand PC-13",State Electricity Board,1887708,2025-11-23,Completed,2026-07-01,False,
W003008,MP0453,Vijay Rao,Jharkhand,Jharkhand PC-13,Jharkhand District 4,Road Construction/Repair,"Road Construction/Repair at Village Entry Point #262, Jharkhand PC-13",State Water Board,1327672,2025-05-30,Completed,2025-10-01,False,
W003009,MP0453,Vijay Rao,Jharkhand,Jharkhand PC-13,Jharkhand District 4,Streetlight Installation,"Streetlight Installation near Railway Crossing #194, Jharkhand PC-13",PWD Division,383917,2025-07-22,Completed,2025-09-08,False,
W003010,MP0453,Vijay Rao,Jharkhand,Jharkhand PC-13,Jharkhand District 4,Anganwadi Centre,"Anganwadi Centre near Primary Health Centre #914, Jharkhand PC-13",Zilla Panchayat,651617,2025-02-18,Completed,2025-06-12,False,
W003011,MP0453,Vijay Rao,Jharkhand,Jharkhand PC-13,Jharkhand District 4,Public Toilet Complex,"Public Toilet Complex near Panchayat Bhavan #301, Jharkhand PC-13",Zilla Panchayat,476507,2026-01-02,Completed,2026-02-27,False,
W003012,MP0454,Sanjeev Yadav,Jharkhand,Jharkhand PC-14,Jharkhand District 4,Anganwadi Centre,"Anganwadi Centre near Primary Health Centre #587, Jharkhand PC-14",Block Development Office,678044,2025-03-25,Completed,2025-05-30,False,
W003013,MP0454,Sanjeev Yadav,Jharkhand,Jharkhand PC-14,Jharkhand District 4,Drinking Water Supply,"Drinking Water Supply near Primary Health Centre #390, Jharkhand PC-14",Municipal Corporation,619873,2026-01-19,Completed,2026-04-26,False,
W003014,MP0454,Sanjeev Yadav,Jharkhand,Jharkhand PC-14,Jharkhand District 4,Drainage/Sewage,"Drainage/Sewage near Temple Road #743, Jharkhand PC-14",Municipal Corporation,744373,2025-06-16,Completed,2025-10-06,False,
W003015,MP0454,Sanjeev Yadav,Jharkhand,Jharkhand PC-14,Jharkhand District 4,Drinking Water Supply,"Drinking Water Supply at Village Entry Point #727, Jharkhand PC-14",PWD Division,959591,2026-02-11,Completed,2026-05-07,False,
W003016,MP0454,Sanjeev Yadav,Jharkhand,Jharkhand PC-14,Jharkhand District 4,Anganwadi Centre,"Anganwadi Centre near Primary Health Centre #905, Jharkhand PC-14",Zilla Panchayat,666280,2025-07-21,Completed,2025-11-18,False,
W003017,MP0454,Sanjeev Yadav,Jharkhand,Jharkhand PC-14,Jharkhand District 4,Community Hall,"Community Hall near Bus Stand #149, Jharkhand PC-14",Zilla Panchayat,2008172,2025-04-14,Completed,2025-10-09,False,
W003018,MP0454,Sanjeev Yadav,Jharkhand,Jharkhand PC-14,Jharkhand District 4,Public Toilet Complex,"Public Toilet Complex near Bus Stand #137, Jharkhand PC-14",State Water Board,360056,2026-06-23,Completed,2026-08-09,False,
W003019,MP0455,Kiran Kulkarni,Assam,Assam PC-1,Assam District 1,Streetlight Installation,"Streetlight Installation near Bus Depot #563, Assam PC-1",Block Development Office,290931,2025-09-08,Completed,2025-10-24,False,
W003020,MP0455,Kiran Kulkarni,Assam,Assam PC-1,Assam District 1,Community Hall,"Community Hall in Ward 7 #489, Assam PC-1",Block Development Office,2069112,2025-01-17,Completed,2025-08-10,False,
W003021,MP0455,Kiran Kulkarni,Assam,Assam PC-1,Assam District 1,Road Construction/Repair,"Road Construction/Repair near Panchayat Bhavan #83, Assam PC-1",State Electricity Board,1067603,2025-05-06,Completed,2025-10-27,False,
W003022,MP0455,Kiran Kulkarni,Assam,Assam PC-1,Assam District 1,Public Toilet Complex,"Public Toilet Complex at Main Chowk #909, Assam PC-1",State Electricity Board,319537,2025-10-14,Completed,2025-12-16,False,
W003023,MP0455,Kiran Kulkarni,Assam,Assam PC-1,Assam District 1,Public Toilet Complex,"Public Toilet Complex at Market Road #745, Assam PC-1",Municipal Corporation,514653,2025-09-10,Completed,2025-11-13,False,
W003024,MP0455,Kiran Kulkarni,Assam,Assam PC-1,Assam District 1,Drainage/Sewage,"Drainage/Sewage in Ward 12 #208, Assam PC-1",State Water Board,705095,2025-06-25,Completed,2025-09-08,False,
W003025,MP0455,Kiran Kulkarni,Assam,Assam PC-1,Assam District 1,Road Construction/Repair,"Road Construction/Repair near Panchayat Bhavan #81, Assam PC-1",Zilla Panchayat,1300597,2025-05-01,Completed,2025-08-22,False,
W003026,MP0455,Kiran Kulkarni,Assam,Assam PC-1,Assam District 1,Drinking Water Supply,"Drinking Water Supply at Ward 3 #43, Assam PC-1",PWD Division,953730,2024-11-06,Completed,2025-01-15,False,
W003027,MP0456,Ramesh Choudhary,Assam,Assam PC-2,Assam District 1,Road Construction/Repair,"Road Construction/Repair at Market Road #385, Assam PC-2",State Water Board,1356026,2025-07-02,Completed,2025-12-09,False,
W003028,MP0456,Ramesh Choudhary,Assam,Assam PC-2,Assam District 1,Drainage/Sewage,"Drainage/Sewage at Main Chowk #396, Assam PC-2",State Water Board,650570,2026-02-11,Completed,2026-05-31,False,
W003029,MP0456,Ramesh Choudhary,Assam,Assam PC-2,Assam District 1,Irrigation Canal,"Irrigation Canal near Govt School #284, Assam PC-2",District Rural Dev. Agency,1221663,2024-10-19,Completed,2025-05-12,False,
W003030,MP0456,Ramesh Choudhary,Assam,Assam PC-2,Assam District 1,Irrigation Canal,"Irrigation Canal near Temple Road #37, Assam PC-2",State Electricity Board,1814989,2025-10-20,Completed,2026-06-19,False,
W003031,MP0456,Ramesh Choudhary,Assam,Assam PC-2,Assam District 1,Public Toilet Complex,"Public Toilet Complex near Bus Stand #977, Assam PC-2",PWD Division,446182,2025-08-21,Completed,2025-10-16,False,
W003032,MP0456,Ramesh Choudhary,Assam,Assam PC-2,Assam District 1,Community Hall,"Community Hall near Govt School #150, Assam PC-2",PWD Division,1809486,2025-09-23,Completed,2026-05-11,False,
W003033,MP0456,Ramesh Choudhary,Assam,Assam PC-2,Assam District 1,Drinking Water Supply,"Drinking Water Supply in Ward 12 #234, Assam PC-2",PWD Division,887203,2025-05-24,Completed,2025-08-28,False,
W003034,MP0457,Rekha Rathore,Assam,Assam PC-3,Assam District 1,Health Sub-Centre Upgrade,"Health Sub-Centre Upgrade at Colony Gate #458, Assam PC-3",State Electricity Board,1065205,2025-12-29,Completed,2026-06-29,False,
W003035,MP0457,Rekha Rathore,Assam,Assam PC-3,Assam District 1,Road Construction/Repair,"Road Construction/Repair in Sector 4 #356, Assam PC-3",Block Development Office,1125155,2025-04-08,Completed,2025-08-30,False,
W003036,MP0457,Rekha Rathore,Assam,Assam PC-3,Assam District 1,Drainage/Sewage,"Drainage/Sewage in Ward 12 #68, Assam PC-3",Block Development Office,727238,2024-12-12,Completed,2025-04-06,False,
W003037,MP0457,Rekha Rathore,Assam,Assam PC-3,Assam District 1,School Building/Classroom,"School Building/Classroom at Market Road #390, Assam PC-3",Zilla Panchayat,1321417,2025-07-14,Completed,2025-12-23,False,
W003038,MP0457,Rekha Rathore,Assam,Assam PC-3,Assam District 1,Public Toilet Complex,"Public Toilet Complex at Colony Gate #716, Assam PC-3",Rural Engineering Services,401765,2025-08-25,Completed,2025-10-19,False,
W003039,MP0457,Rekha Rathore,Assam,Assam PC-3,Assam District 1,Drainage/Sewage,"Drainage/Sewage in Ward 12 #414, Assam PC-3",State Electricity Board,692078,2025-02-26,Completed,2025-06-05,False,
W003040,MP0457,Rekha Rathore,Assam,Assam PC-3,Assam District 1,Public Toilet Complex,"Public Toilet Complex near Primary Health Centre #890, Assam PC-3",State Water Board,437937,2025-01-31,Completed,2025-03-25,False,
W003041,MP0457,Rekha Rathore,Assam,Assam PC-3,Assam District 1,Road Construction/Repair,"Road Construction/Repair in Ward 7 #288, Assam PC-3",District Rural Dev. Agency,1293016,2025-09-27,Completed,2026-04-06,False,
W003042,MP0457,Rekha Rathore,Assam,Assam PC-3,Assam District 1,Health Sub-Centre Upgrade,"Health Sub-Centre Upgrade near Govt School #191, Assam PC-3",State Electricity Board,676781,2025-02-07,Completed,2025-08-26,False,
W003043,MP0458,Sanjay Rathore,Assam,Assam PC-4,Assam District 1,Drinking Water Supply,"Drinking Water Supply at Colony Gate #733, Assam PC-4",District Rural Dev. Agency,592186,2025-12-02,Completed,2026-03-11,False,
W003044,MP0458,Sanjay Rathore,Assam,Assam PC-4,Assam District 1,Irrigation Canal,"Irrigation Canal at Village Entry Point #534, Assam PC-4",District Rural Dev. Agency,1783389,2025-01-03,Completed,2025-08-30,False,
W003045,MP0458,Sanjay Rathore,Assam,Assam PC-4,Assam District 1,Health Sub-Centre Upgrade,"Health Sub-Centre Upgrade in Sector 4 #509, Assam PC-4",Zilla Panchayat,1122714,2025-08-04,Completed,2025-11-07,False,
W003046,MP0458,Sanjay Rathore,Assam,Assam PC-4,Assam District 1,Community Hall,"Community Hall near Community Centre #811, Assam PC-4",Rural Engineering Services,2299909,2025-01-20,Completed,2025-08-25,False,
W003047,MP0458,Sanjay Rathore,Assam,Assam PC-4,Assam District 1,Community Hall,"Community Hall near Temple Road #534, Assam PC-4",Zilla Panchayat,1648133,2026-06-16,Ongoing,,False,
W003048,MP0458,Sanjay Rathore,Assam,Assam PC-4,Assam District 1,Community Hall,"Community Hall in Ward 7 #319, Assam PC-4",Municipal Corporation,1738704,2025-02-20,Completed,2025-08-03,False,
W003049,MP0458,Sanjay Rathore,Assam,Assam PC-4,Assam District 1,Streetlight Installation,"Streetlight Installation at Village Entry Point #705, Assam PC-4",District Rural Dev. Agency,316992,2025-03-03,Completed,2025-04-17,False,
W003050,MP0459,Neelam Bhatt,Assam,Assam PC-5,Assam District 2,Irrigation Canal,"Irrigation Canal near Primary Health Centre #710, Assam PC-5",Block Development Office,1833441,2025-09-16,Completed,2026-02-13,False,
W003051,MP0459,Neelam Bhatt,Assam,Assam PC-5,Assam District 2,Irrigation Canal,"Irrigation Canal at Village Entry Point #628, Assam PC-5",Rural Engineering Services,1856850,2025-09-14,Completed,2026-06-06,False,
W003052,MP0459,Neelam Bhatt,Assam,Assam PC-5,Assam District 2,Public Toilet Complex,"Public Toilet Complex in Ward 12 #890, Assam PC-5",State Water Board,462901,2025-07-14,Completed,2025-08-28,False,
W003053,MP0459,Neelam Bhatt,Assam,Assam PC-5,Assam District 2,Community Hall,"Community Hall in Ward 7 #649, Assam PC-5",Zilla Panchayat,1494435,2026-05-05,Ongoing,,False,
W003054,MP0459,Neelam Bhatt,Assam,Assam PC-5,Assam District 2,Streetlight Installation,"Streetlight Installation near Bus Depot #239, Assam PC-5",Block Development Office,204631,2026-03-29,Completed,2026-05-12,False,
W003055,MP0459,Neelam Bhatt,Assam,Assam PC-5,Assam District 2,Road Construction/Repair,"Road Construction/Repair near Community Centre #1, Assam PC-5",PWD Division,998853,2025-10-20,Completed,2026-02-05,False,
W003056,MP0459,Neelam Bhatt,Assam,Assam PC-5,Assam District 2,Drainage/Sewage,"Drainage/Sewage near Govt School #891, Assam PC-5",Rural Engineering Services,595488,2025-09-19,Completed,2025-12-18,False,
W003057,MP0459,Neelam Bhatt,Assam,Assam PC-5,Assam District 2,Irrigation Canal,"Irrigation Canal near Community Centre #708, Assam PC-5",Zilla Panchayat,1828572,2024-08-29,Completed,2025-06-19,False,
W003058,MP0459,Neelam Bhatt,Assam,Assam PC-5,Assam District 2,Road Construction/Repair,"Road Construction/Repair at Colony Gate #979, Assam PC-5",Rural Engineering Services,1155636,2025-03-30,Completed,2025-11-17,False,
W003059,MP0460,Anil Deshmukh,Assam,Assam PC-6,Assam District 2,Irrigation Canal,"Irrigation Canal at Market Road #728, Assam PC-6",PWD Division,1038920,2024-10-07,Completed,2025-08-06,False,
W003060,MP0460,Anil Deshmukh,Assam,Assam PC-6,Assam District 2,Drainage/Sewage,"Drainage/Sewage near Panchayat Bhavan #429, Assam PC-6",Zilla Panchayat,731077,2025-03-26,Completed,2025-07-14,False,
W003061,MP0460,Anil Deshmukh,Assam,Assam PC-6,Assam District 2,Health Sub-Centre Upgrade,"Health Sub-Centre Upgrade near Bus Stand #473, Assam PC-6",Rural Engineering Services,990553,2025-09-24,Completed,2026-01-15,False,
W003062,MP0460,Anil Deshmukh,Assam,Assam PC-6,Assam District 2,Streetlight Installation,"Streetlight Installation near Railway Crossing #250, Assam PC-6",State Electricity Board,356202,2025-06-09,Completed,2025-07-23,False,
W003063,MP0460,Anil Deshmukh,Assam,Assam PC-6,Assam District 2,Streetlight Installation,"Streetlight Installation in Sector 4 #464, Assam PC-6",Rural Engineering Services,304234,2025-05-14,Completed,2025-07-05,False,
W003064,MP0460,Anil Deshmukh,Assam,Assam PC-6,Assam District 2,Drinking Water Supply,"Drinking Water Supply in Ward 12 #590, Assam PC-6",Block Development Office,750547,2025-09-25,Completed,2025-12-04,False,
W003065,MP0460,Anil Deshmukh,Assam,Assam PC-6,Assam District 2,Community Hall,"Community Hall near Bus Stand #662, Assam PC-6",Zilla Panchayat,2000000,2024-06-25,Ongoing,,True,stuck_ongoing
W003066,MP0461,Poonam Joshi,Assam,Assam PC-7,Assam District 2,Streetlight Installation,"Streetlight Installation in Ward 7 #567, Assam PC-7",Zilla Panchayat,302765,2025-05-22,Completed,2025-06-22,False,
W003067,MP0461,Poonam Joshi,Assam,Assam PC-7,Assam District 2,Irrigation Canal,"Irrigation Canal near Railway Crossing #423, Assam PC-7",Municipal Corporation,1646161,2025-12-07,Completed,2026-08-04,False,
W003068,MP0461,Poonam Joshi,Assam,Assam PC-7,Assam District 2,Road Construction/Repair,"Road Construction/Repair near Railway Crossing #2, Assam PC-7",Rural Engineering Services,778907,2025-03-16,Completed,2025-07-30,False,
W003069,MP0461,Poonam Joshi,Assam,Assam PC-7,Assam District 2,Road Construction/Repair,"Road Construction/Repair near Govt School #468, Assam PC-7",Zilla Panchayat,1186811,2025-01-07,Completed,2025-06-30,False,
W003070,MP0461,Poonam Joshi,Assam,Assam PC-7,Assam District 2,Anganwadi Centre,"Anganwadi Centre at Ward 3 #150, Assam PC-7",State Electricity Board,483866,2024-10-22,Completed,2025-02-03,False,
W003071,MP0461,Poonam Joshi,Assam,Assam PC-7,Assam District 2,Drainage/Sewage,"Drainage/Sewage near Bus Depot #448, Assam PC-7",Rural Engineering Services,593165,2026-05-11,Completed,2026-08-17,False,
W003072,MP0461,Poonam Joshi,Assam,Assam PC-7,Assam District 2,Health Sub-Centre Upgrade,"Health Sub-Centre Upgrade in Sector 4 #28, Assam PC-7",District Rural Dev. Agency,986124,2025-09-16,Completed,2026-03-14,False,
W003073,MP0462,Kishore Verma,Assam,Assam PC-8,Assam District 2,School Building/Classroom,"School Building/Classroom at Main Chowk #212, Assam PC-8",Block Development Office,1285546,2025-05-24,Completed,2026-01-07,False,
W003074,MP0462,Kishore Verma,Assam,Assam PC-8,Assam District 2,Irrigation Canal,"Irrigation Canal near Govt School #100, Assam PC-8",Zilla Panchayat,1610963,2026-04-04,Ongoing,,False,
W003075,MP0462,Kishore Verma,Assam,Assam PC-8,Assam District 2,Streetlight Installation,"Streetlight Installation in Ward 7 #494, Assam PC-8",Municipal Corporation,340985,2025-07-09,Completed,2025-08-26,False,
W003076,MP0462,Kishore Verma,Assam,Assam PC-8,Assam District 2,Irrigation Canal,"Irrigation Canal at Main Chowk #952, Assam PC-8",Rural Engineering Services,2038850,2024-11-05,Completed,2025-02-26,False,
W003077,MP0462,Kishore Verma,Assam,Assam PC-8,Assam District 2,Irrigation Canal,"Irrigation Canal in Sector 4 #132, Assam PC-8",State Electricity Board,1768146,2024-11-30,Completed,2025-06-22,False,
W003078,MP0462,Kishore Verma,Assam,Assam PC-8,Assam District 2,Anganwadi Centre,"Anganwadi Centre near Panchayat Bhavan #907, Assam PC-8",Rural Engineering Services,631408,2024-11-25,Completed,2025-02-03,False,
W003079,MP0462,Kishore Verma,Assam,Assam PC-8,Assam District 2,School Building/Classroom,"School Building/Classroom near Temple Road #640, Assam PC-8",Block Development Office,1662939,2025-10-26,Completed,2026-04-02,False,
W003080,MP0462,Kishore Verma,Assam,Assam PC-8,Assam District 2,Public Toilet Complex,"Public Toilet Complex at Main Chowk #671, Assam PC-8",Rural Engineering Services,460666,2026-02-13,Completed,2026-04-02,False,
W003081,MP0462,Kishore Verma,Assam,Assam PC-8,Assam District 2,Streetlight Installation,"Streetlight Installation in Sector 4 #897, Assam PC-8",Zilla Panchayat,302711,2024-12-30,Completed,2025-02-17,False,
W003082,MP0463,Anil Mishra,Assam,Assam PC-9,Assam District 3,Community Hall,"Community Hall near Govt School #602, Assam PC-9",State Electricity Board,1787537,2025-09-08,Completed,2026-05-02,False,
W003083,MP0463,Anil Mishra,Assam,Assam PC-9,Assam District 3,Drainage/Sewage,"Drainage/Sewage near Bus Depot #803, Assam PC-9",PWD Division,678754,2025-02-01,Completed,2025-06-09,False,
W003084,MP0463,Anil Mishra,Assam,Assam PC-9,Assam District 3,Drainage/Sewage,"Drainage/Sewage near Panchayat Bhavan #459, Assam PC-9",Zilla Panchayat,576401,2026-02-13,Completed,2026-05-15,False,
W003085,MP0463,Anil Mishra,Assam,Assam PC-9,Assam District 3,Public Toilet Complex,"Public Toilet Complex at Main Chowk #848, Assam PC-9",State Water Board,412086,2025-07-22,Completed,2025-09-10,False,
W003086,MP0463,Anil Mishra,Assam,Assam PC-9,Assam District 3,Anganwadi Centre,"Anganwadi Centre near Bus Stand #390, Assam PC-9",PWD Division,743415,2026-06-11,Ongoing,,False,
W003087,MP0463,Anil Mishra,Assam,Assam PC-9,Assam District 3,School Building/Classroom,"School Building/Classroom near Community Centre #73, Assam PC-9",Block Development Office,1794845,2025-01-17,Completed,2025-07-11,False,
W003088,MP0464,Vijay Choudhary,Assam,Assam PC-10,Assam District 3,Irrigation Canal,"Irrigation Canal at Colony Gate #375, Assam PC-10",Rural Engineering Services,1822404,2025-07-10,Completed,2026-02-20,False,
W003089,MP0464,Vijay Choudhary,Assam,Assam PC-10,Assam District 3,Public Toilet Complex,"Public Toilet Complex near Bus Stand #280, Assam PC-10",PWD Division,330857,2025-09-19,Completed,2025-11-16,False,
W003090,MP0464,Vijay Choudhary,Assam,Assam PC-10,Assam District 3,Anganwadi Centre,"Anganwadi Centre near Primary Health Centre #966, Assam PC-10",Rural Engineering Services,482531,2025-05-20,Completed,2025-10-02,False,
W003091,MP0464,Vijay Choudhary,Assam,Assam PC-10,Assam District 3,Drainage/Sewage,"Drainage/Sewage near Railway Crossing #751, Assam PC-10",Rural Engineering Services,626035,2026-04-02,Completed,2026-08-26,False,
W003092,MP0464,Vijay Choudhary,Assam,Assam PC-10,Assam District 3,Road Construction/Repair,"Road Construction/Repair at Ward 3 #365, Assam PC-10",State Electricity Board,1249616,2025-10-29,Completed,2026-02-27,False,
W003093,MP0464,Vijay Choudhary,Assam,Assam PC-10,Assam District 3,Drainage/Sewage,"Drainage/Sewage near Govt School #780, Assam PC-10",District Rural Dev. Agency,843241,2025-01-18,Completed,2025-05-05,False,
W003094,MP0464,Vijay Choudhary,Assam,Assam PC-10,Assam District 3,Irrigation Canal,"Irrigation Canal at Market Road #273, Assam PC-10",State Water Board,2101384,2025-02-10,Completed,2025-11-18,False,
W003095,MP0465,Geeta Mishra,Assam,Assam PC-11,Assam District 3,Anganwadi Centre,"Anganwadi Centre near Railway Crossing #990, Assam PC-11",Zilla Panchayat,508567,2025-08-30,Completed,2026-01-03,False,
W003096,MP0465,Geeta Mishra,Assam,Assam PC-11,Assam District 3,Public Toilet Complex,"Public Toilet Complex in Ward 12 #713, Assam PC-11",State Electricity Board,423333,2025-08-17,Completed,2025-10-17,False,
W003097,MP0465,Geeta Mishra,Assam,Assam PC-11,Assam District 3,Drinking Water Supply,"Drinking Water Supply near Bus Stand #514, Assam PC-11",Rural Engineering Services,746807,2026-03-20,Completed,2026-05-28,False,
W003098,MP0465,Geeta Mishra,Assam,Assam PC-11,Assam District 3,Health Sub-Centre Upgrade,"Health Sub-Centre Upgrade near Govt School #510, Assam PC-11",State Water Board,706052,2026-06-26,Ongoing,,False,
W003099,MP0465,Geeta Mishra,Assam,Assam PC-11,Assam District 3,Community Hall,"Community Hall at Village Entry Point #118, Assam PC-11",Municipal Corporation,2189074,2026-03-31,Ongoing,,False,
W003100,MP0465,Geeta Mishra,Assam,Assam PC-11,Assam District 3,Anganwadi Centre,"Anganwadi Centre in Sector 4 #100, Assam PC-11",PWD Division,562203,2026-02-24,Completed,2026-06-23,False,
W003101,MP0465,Geeta Mishra,Assam,Assam PC-11,Assam District 3,Anganwadi Centre,"Anganwadi Centre near Govt School #866, Assam PC-11",District Rural Dev. Agency,678074,2025-10-17,Completed,2026-02-26,False,
W003102,MP0465,Geeta Mishra,Assam,Assam PC-11,Assam District 3,Drainage/Sewage,"Drainage/Sewage near Railway Crossing #348, Assam PC-11",Rural Engineering Services,706569,2024-07-17,Completed,2024-11-07,False,
W003103,MP0466,Priya Gupta,Assam,Assam PC-12,Assam District 3,Drainage/Sewage,"Drainage/Sewage at Ward 3 #606, Assam PC-12",State Electricity Board,900342,2025-05-26,Completed,2025-09-15,False,
W003104,MP0466,Priya Gupta,Assam,Assam PC-12,Assam District 3,Irrigation Canal,"Irrigation Canal near Community Centre #976, Assam PC-12",Rural Engineering Services,1926149,2025-09-06,Ongoing,,False,
W003105,MP0466,Priya Gupta,Assam,Assam PC-12,Assam District 3,Community Hall,"Community Hall at Ward 3 #427, Assam PC-12",Rural Engineering Services,2039297,2025-08-12,Completed,2026-03-25,False,
W003106,MP0466,Priya Gupta,Assam,Assam PC-12,Assam District 3,Streetlight Installation,"Streetlight Installation near Bus Stand #699, Assam PC-12",State Electricity Board,302867,2024-09-07,Completed,2024-10-19,False,
W003107,MP0466,Priya Gupta,Assam,Assam PC-12,Assam District 3,School Building/Classroom,"School Building/Classroom near Community Centre #282, Assam PC-12",State Electricity Board,1729477,2024-10-19,Completed,2025-04-14,False,
W003108,MP0467,Amit Nair,Assam,Assam PC-13,Assam District 4,Health Sub-Centre Upgrade,"Health Sub-Centre Upgrade near Temple Road #373, Assam PC-13",Block Development Office,887616,2025-03-30,Completed,2025-09-01,False,
W003109,MP0467,Amit Nair,Assam,Assam PC-13,Assam District 4,Irrigation Canal,"Irrigation Canal near Railway Crossing #795, Assam PC-13",Municipal Corporation,1876876,2025-05-02,Completed,2026-02-06,False,
W003110,MP0467,Amit Nair,Assam,Assam PC-13,Assam District 4,Health Sub-Centre Upgrade,"Health Sub-Centre Upgrade near Bus Stand #371, Assam PC-13",State Electricity Board,1007223,2026-06-20,Ongoing,,False,
W003111,MP0467,Amit Nair,Assam,Assam PC-13,Assam District 4,Public Toilet Complex,"Public Toilet Complex near Community Centre #948, Assam PC-13",PWD Division,496758,2024-12-29,Completed,2025-03-19,False,
W003112,MP0467,Amit Nair,Assam,Assam PC-13,Assam District 4,Anganwadi Centre,"Anganwadi Centre at Market Road #919, Assam PC-13",Block Development Office,517879,2026-06-02,Ongoing,,False,
W003113,MP0467,Amit Nair,Assam,Assam PC-13,Assam District 4,Anganwadi Centre,"Anganwadi Centre near Bus Stand #762, Assam PC-13",State Water Board,518219,2024-06-24,Completed,2024-10-13,False,
W003114,MP0467,Amit Nair,Assam,Assam PC-13,Assam District 4,Road Construction/Repair,"Road Construction/Repair in Sector 4 #335, Assam PC-13",PWD Division,1292739,2025-07-24,Completed,2025-12-26,False,
W003115,MP0468,Raj Bhatt,Assam,Assam PC-14,Assam District 4,Drainage/Sewage,"Drainage/Sewage at Main Chowk #379, Assam PC-14",State Water Board,723904,2024-10-01,Completed,2025-01-04,False,
W003116,MP0468,Raj Bhatt,Assam,Assam PC-14,Assam District 4,Anganwadi Centre,"Anganwadi Centre near Govt School #457, Assam PC-14",Zilla Panchayat,506580,2025-06-21,Completed,2025-10-07,False,
W003117,MP0468,Raj Bhatt,Assam,Assam PC-14,Assam District 4,Health Sub-Centre Upgrade,"Health Sub-Centre Upgrade near Community Centre #906, Assam PC-14",State Electricity Board,1201017,2025-10-25,Completed,2026-03-27,False,
W003118,MP0468,Raj Bhatt,Assam,Assam PC-14,Assam District 4,Streetlight Installation,"Streetlight Installation near Temple Road #406, Assam PC-14",Zilla Panchayat,368492,2024-12-17,Completed,2025-01-24,False,
W003119,MP0468,Raj Bhatt,Assam,Assam PC-14,Assam District 4,Public Toilet Complex,"Public Toilet Complex in Ward 12 #25, Assam PC-14",Block Development Office,413813,2025-03-24,Completed,2025-05-31,False,
W003120,MP0468,Raj Bhatt,Assam,Assam PC-14,Assam District 4,Health Sub-Centre Upgrade,"Health Sub-Centre Upgrade at Main Chowk #549, Assam PC-14",District Rural Dev. Agency,1099848,2026-04-26,Ongoing,,False,
W003121,MP0468,Raj Bhatt,Assam,Assam PC-14,Assam District 4,Road Construction/Repair,"Road Construction/Repair near Railway Crossing #853, Assam PC-14",Municipal Corporation,1123492,2025-07-31,Completed,2026-02-12,False,
W003122,MP0468,Raj Bhatt,Assam,Assam PC-14,Assam District 4,School Building/Classroom,"School Building/Classroom at Market Road #878, Assam PC-14",State Electricity Board,2033266,2025-05-23,Completed,2025-10-11,False,
W003123,MP0469,Rekha Pandey,Punjab,Punjab PC-1,Punjab District 1,Irrigation Canal,"Irrigation Canal near Temple Road #509, Punjab PC-1",PWD Division,1917585,2024-10-15,Completed,2025-03-25,False,
W003124,MP0469,Rekha Pandey,Punjab,Punjab PC-1,Punjab District 1,Irrigation Canal,"Irrigation Canal at Ward 3 #714, Punjab PC-1",District Rural Dev. Agency,1974224,2025-02-28,Completed,2025-09-20,False,
W003125,MP0469,Rekha Pandey,Punjab,Punjab PC-1,Punjab District 1,Community Hall,"Community Hall at Colony Gate #439, Punjab PC-1",State Electricity Board,2197993,2024-12-31,Completed,2025-07-29,False,
W003126,MP0469,Rekha Pandey,Punjab,Punjab PC-1,Punjab District 1,Anganwadi Centre,"Anganwadi Centre in Sector 4 #286, Punjab PC-1",State Electricity Board,521441,2025-06-08,Completed,2025-10-09,False,
W003127,MP0469,Rekha Pandey,Punjab,Punjab PC-1,Punjab District 1,Road Construction/Repair,"Road Construction/Repair near Community Centre #299, Punjab PC-1",Municipal Corporation,1154476,2025-08-04,Completed,2025-12-30,False,
W003128,MP0469,Rekha Pandey,Punjab,Punjab PC-1,Punjab District 1,Irrigation Canal,"Irrigation Canal in Ward 7 #17, Punjab PC-1",State Water Board,1668436,2025-03-31,Completed,2025-11-02,False,
W003129,MP0469,Rekha Pandey,Punjab,Punjab PC-1,Punjab District 1,Irrigation Canal,"Irrigation Canal near Primary Health Centre #692, Punjab PC-1",PWD Division,1455592,2024-10-21,Completed,2025-08-05,False,
W003130,MP0469,Rekha Pandey,Punjab,Punjab PC-1,Punjab District 1,Public Toilet Complex,"Public Toilet Complex in Ward 12 #507, Punjab PC-1",District Rural Dev. Agency,454692,2024-12-28,Completed,2025-03-18,False,
W003131,MP0470,Manoj Kulkarni,Punjab,Punjab PC-2,Punjab District 1,Drinking Water Supply,"Drinking Water Supply in Sector 4 #165, Punjab PC-2",District Rural Dev. Agency,747799,2026-03-23,Completed,2026-06-02,False,
W003132,MP0470,Manoj Kulkarni,Punjab,Punjab PC-2,Punjab District 1,Irrigation Canal,"Irrigation Canal near Govt School #717, Punjab PC-2",Zilla Panchayat,1585654,2025-12-20,Completed,2026-07-23,False,
W003133,MP0470,Manoj Kulkarni,Punjab,Punjab PC-2,Punjab District 1,Road Construction/Repair,"Road Construction/Repair in Sector 4 #108, Punjab PC-2",Rural Engineering Services,955764,2025-04-28,Completed,2025-10-10,False,
W003134,MP0470,Manoj Kulkarni,Punjab,Punjab PC-2,Punjab District 1,Drinking Water Supply,"Drinking Water Supply near Primary Health Centre #810, Punjab PC-2",Block Development Office,829387,2024-10-22,Completed,2025-01-23,False,
W003135,MP0470,Manoj Kulkarni,Punjab,Punjab PC-2,Punjab District 1,Streetlight Installation,"Streetlight Installation near Govt School #32, Punjab PC-2",Zilla Panchayat,284140,2025-07-13,Completed,2025-08-21,False,
W003136,MP0470,Manoj Kulkarni,Punjab,Punjab PC-2,Punjab District 1,Community Hall,"Community Hall in Ward 12 #291, Punjab PC-2",State Electricity Board,2236751,2026-06-17,Ongoing,,False,
W003137,MP0470,Manoj Kulkarni,Punjab,Punjab PC-2,Punjab District 1,Streetlight Installation,"Streetlight Installation near Community Centre #415, Punjab PC-2",State Water Board,381919,2026-03-07,Completed,2026-04-24,False,
W003138,MP0470,Manoj Kulkarni,Punjab,Punjab PC-2,Punjab District 1,Irrigation Canal,"Irrigation Canal in Ward 12 #499, Punjab PC-2",District Rural Dev. Agency,2117667,2024-08-27,Completed,2025-05-06,False,
W003139,MP0470,Manoj Kulkarni,Punjab,Punjab PC-2,Punjab District 1,Irrigation Canal,"Irrigation Canal at Market Road #566, Punjab PC-2",Municipal Corporation,1771059,2026-07-21,Ongoing,,False,
W003140,MP0471,Shobha Gupta,Punjab,Punjab PC-3,Punjab District 1,Road Construction/Repair,"Road Construction/Repair in Ward 12 #414, Punjab PC-3",Rural Engineering Services,899560,2024-11-05,Completed,2025-04-17,False,
W003141,MP0471,Shobha Gupta,Punjab,Punjab PC-3,Punjab District 1,Road Construction/Repair,"Road Construction/Repair in Ward 12 #487, Punjab PC-3",Municipal Corporation,885985,2026-06-11,Ongoing,,False,
W003142,MP0471,Shobha Gupta,Punjab,Punjab PC-3,Punjab District 1,Community Hall,"Community Hall at Village Entry Point #407, Punjab PC-3",Zilla Panchayat,2626119,2026-01-17,Completed,2026-08-07,False,
W003143,MP0471,Shobha Gupta,Punjab,Punjab PC-3,Punjab District 1,Health Sub-Centre Upgrade,"Health Sub-Centre Upgrade near Community Centre #791, Punjab PC-3",Municipal Corporation,968319,2025-05-09,Completed,2025-12-16,False,
W003144,MP0471,Shobha Gupta,Punjab,Punjab PC-3,Punjab District 1,Irrigation Canal,"Irrigation Canal near Community Centre #538, Punjab PC-3",Rural Engineering Services,1800000,2025-04-25,Completed,2025-04-30,True,impossible_speed
W003145,MP0472,Yogesh Rathore,Punjab,Punjab PC-4,Punjab District 1,School Building/Classroom,"School Building/Classroom near Community Centre #280, Punjab PC-4",State Water Board,1405217,2025-07-21,Completed,2026-02-11,False,
W003146,MP0472,Yogesh Rathore,Punjab,Punjab PC-4,Punjab District 1,Health Sub-Centre Upgrade,"Health Sub-Centre Upgrade near Bus Stand #654, Punjab PC-4",District Rural Dev. Agency,883118,2025-08-27,Completed,2026-02-28,False,
W003147,MP0472,Yogesh Rathore,Punjab,Punjab PC-4,Punjab District 1,Streetlight Installation,"Streetlight Installation near Panchayat Bhavan #832, Punjab PC-4",Block Development Office,284051,2026-01-05,Completed,2026-02-13,False,
W003148,MP0472,Yogesh Rathore,Punjab,Punjab PC-4,Punjab District 1,Health Sub-Centre Upgrade,"Health Sub-Centre Upgrade near Railway Crossing #534, Punjab PC-4",Rural Engineering Services,1099972,2025-03-04,Completed,2025-06-24,False,
W003149,MP0472,Yogesh Rathore,Punjab,Punjab PC-4,Punjab District 1,Streetlight Installation,"Streetlight Installation near Panchayat Bhavan #37, Punjab PC-4",Rural Engineering Services,289803,2025-08-31,Completed,2025-10-11,False,
W003150,MP0473,Yogesh Das,Punjab,Punjab PC-5,Punjab District 2,Community Hall,"Community Hall at Market Road #460, Punjab PC-5",Block Development Office,1972925,2024-06-22,Completed,2025-01-10,False,
W003151,MP0473,Yogesh Das,Punjab,Punjab PC-5,Punjab District 2,Road Construction/Repair,"Road Construction/Repair at Main Chowk #934, Punjab PC-5",State Electricity Board,1041629,2025-05-21,Completed,2025-10-11,False,
W003152,MP0473,Yogesh Das,Punjab,Punjab PC-5,Punjab District 2,Drainage/Sewage,"Drainage/Sewage at Colony Gate #299, Punjab PC-5",Zilla Panchayat,671871,2025-02-13,Completed,2025-05-07,False,
W003153,MP0473,Yogesh Das,Punjab,Punjab PC-5,Punjab District 2,Anganwadi Centre,"Anganwadi Centre in Ward 7 #217, Punjab PC-5",Zilla Panchayat,546139,2026-02-20,Completed,2026-05-06,False,
W003154,MP0473,Yogesh Das,Punjab,Punjab PC-5,Punjab District 2,Community Hall,"Community Hall in Ward 12 #869, Punjab PC-5",Municipal Corporation,9318320,2024-09-08,Sanctioned,,True,cost_outlier
W003155,MP0474,Harish Patel,Punjab,Punjab PC-6,Punjab District 2,Streetlight Installation,"Streetlight Installation near Bus Stand #765, Punjab PC-6",Rural Engineering Services,323879,2024-08-28,Completed,2024-10-02,False,
W003156,MP0474,Harish Patel,Punjab,Punjab PC-6,Punjab District 2,Public Toilet Complex,"Public Toilet Complex at Market Road #622, Punjab PC-6",PWD Division,613141,2025-11-27,Completed,2026-02-03,False,
W003157,MP0474,Harish Patel,Punjab,Punjab PC-6,Punjab District 2,Drainage/Sewage,"Drainage/Sewage at Ward 3 #415, Punjab PC-6",Block Development Office,842993,2026-01-10,Completed,2026-03-21,False,
W003158,MP0474,Harish Patel,Punjab,Punjab PC-6,Punjab District 2,Irrigation Canal,"Irrigation Canal in Ward 7 #397, Punjab PC-6",Block Development Office,2280342,2025-08-11,Completed,2026-02-27,False,
W003159,MP0474,Harish Patel,Punjab,Punjab PC-6,Punjab District 2,Drinking Water Supply,"Drinking Water Supply in Ward 7 #302, Punjab PC-6",Rural Engineering Services,821453,2026-01-30,Completed,2026-05-17,False,
W003160,MP0474,Harish Patel,Punjab,Punjab PC-6,Punjab District 2,Road Construction/Repair,"Road Construction/Repair at Ward 3 #690, Punjab PC-6",Block Development Office,1016705,2025-07-09,Completed,2026-01-03,False,
W003161,MP0474,Harish Patel,Punjab,Punjab PC-6,Punjab District 2,School Building/Classroom,"School Building/Classroom near Bus Depot #187, Punjab PC-6",Municipal Corporation,1348476,2025-01-08,Completed,2025-04-12,False,
W003162,MP0474,Harish Patel,Punjab,Punjab PC-6,Punjab District 2,Road Construction/Repair,"Road Construction/Repair at Main Chowk #656, Punjab PC-6",PWD Division,1294200,2024-11-02,Completed,2024-12-20,False,
W003163,MP0474,Harish Patel,Punjab,Punjab PC-6,Punjab District 2,Health Sub-Centre Upgrade,"Health Sub-Centre Upgrade near Railway Crossing #444, Punjab PC-6",Zilla Panchayat,991285,2024-12-14,Completed,2025-03-28,False,
W003164,MP0475,Shobha Thakur,Punjab,Punjab PC-7,Punjab District 2,Anganwadi Centre,"Anganwadi Centre at Village Entry Point #394, Punjab PC-7",Rural Engineering Services,656963,2026-04-15,Ongoing,,False,
W003165,MP0475,Shobha Thakur,Punjab,Punjab PC-7,Punjab District 2,Irrigation Canal,"Irrigation Canal near Govt School #526, Punjab PC-7",State Electricity Board,1521117,2024-12-12,Completed,2025-07-11,False,
W003166,MP0475,Shobha Thakur,Punjab,Punjab PC-7,Punjab District 2,Community Hall,"Community Hall near Railway Crossing #363, Punjab PC-7",District Rural Dev. Agency,1891591,2026-03-24,Ongoing,,False,
W003167,MP0475,Shobha Thakur,Punjab,Punjab PC-7,Punjab District 2,Drinking Water Supply,"Drinking Water Supply near Community Centre #582, Punjab PC-7",State Water Board,558301,2026-07-25,Ongoing,,False,
W003168,MP0475,Shobha Thakur,Punjab,Punjab PC-7,Punjab District 2,Public Toilet Complex,"Public Toilet Complex near Primary Health Centre #241, Punjab PC-7",Municipal Corporation,356939,2026-04-09,Completed,2026-06-22,False,
W003169,MP0475,Shobha Thakur,Punjab,Punjab PC-7,Punjab District 2,Streetlight Installation,"Streetlight Installation near Primary Health Centre #986, Punjab PC-7",Zilla Panchayat,401598,2025-07-11,Completed,2025-09-02,False,
W003170,MP0475,Shobha Thakur,Punjab,Punjab PC-7,Punjab District 2,Streetlight Installation,"Streetlight Installation near Primary Health Centre #93, Punjab PC-7",District Rural Dev. Agency,334748,2025-08-15,Completed,2025-10-07,False,
W003171,MP0475,Shobha Thakur,Punjab,Punjab PC-7,Punjab District 2,Anganwadi Centre,"Anganwadi Centre at Village Entry Point #73, Punjab PC-7",Rural Engineering Services,763859,2026-03-12,Completed,2026-06-19,False,
W003172,MP0476,Satish Verma,Punjab,Punjab PC-8,Punjab District 2,Drinking Water Supply,"Drinking Water Supply at Market Road #594, Punjab PC-8",Municipal Corporation,753385,2024-11-29,Completed,2025-03-17,False,
W003173,MP0476,Satish Verma,Punjab,Punjab PC-8,Punjab District 2,Irrigation Canal,"Irrigation Canal near Community Centre #231, Punjab PC-8",PWD Division,1788316,2025-08-24,Completed,2026-05-11,False,
W003174,MP0476,Satish Verma,Punjab,Punjab PC-8,Punjab District 2,School Building/Classroom,"School Building/Classroom at Village Entry Point #313, Punjab PC-8",District Rural Dev. Agency,1890743,2024-09-16,Completed,2025-01-27,False,
W003175,MP0476,Satish Verma,Punjab,Punjab PC-8,Punjab District 2,Community Hall,"Community Hall at Colony Gate #577, Punjab PC-8",District Rural Dev. Agency,2055098,2025-05-14,Completed,2025-12-09,False,
W003176,MP0476,Satish Verma,Punjab,Punjab PC-8,Punjab District 2,Irrigation Canal,"Irrigation Canal near Community Centre #958, Punjab PC-8",District Rural Dev. Agency,1299212,2025-11-19,Completed,2026-07-11,False,
W003177,MP0476,Satish Verma,Punjab,Punjab PC-8,Punjab District 2,Public Toilet Complex,"Public Toilet Complex near Panchayat Bhavan #962, Punjab PC-8",District Rural Dev. Agency,372906,2024-12-08,Completed,2025-02-18,False,
W003178,MP0476,Satish Verma,Punjab,Punjab PC-8,Punjab District 2,Public Toilet Complex,"Public Toilet Complex near Railway Crossing #886, Punjab PC-8",PWD Division,385615,2025-06-21,Completed,2025-07-21,False,
W003179,MP0476,Satish Verma,Punjab,Punjab PC-8,Punjab District 2,Health Sub-Centre Upgrade,"Health Sub-Centre Upgrade near Govt School #117, Punjab PC-8",PWD Division,1134644,2026-02-12,Completed,2026-07-30,False,
W003180,MP0477,Ajay Bhattacharya,Punjab,Punjab PC-9,Punjab District 3,Health Sub-Centre Upgrade,"Health Sub-Centre Upgrade at Ward 3 #121, Punjab PC-9",Zilla Panchayat,1136043,2025-05-30,Completed,2025-10-14,False,
W003181,MP0477,Ajay Bhattacharya,Punjab,Punjab PC-9,Punjab District 3,Road Construction/Repair,"Road Construction/Repair in Ward 7 #309, Punjab PC-9",Block Development Office,1333033,2025-09-14,Completed,2025-11-12,False,
W003182,MP0477,Ajay Bhattacharya,Punjab,Punjab PC-9,Punjab District 3,Road Construction/Repair,"Road Construction/Repair near Bus Stand #610, Punjab PC-9",Block Development Office,901070,2025-11-02,Completed,2026-04-05,False,
W003183,MP0477,Ajay Bhattacharya,Punjab,Punjab PC-9,Punjab District 3,Road Construction/Repair,"Road Construction/Repair near Bus Stand #886, Punjab PC-9",State Water Board,1094186,2024-12-29,Completed,2025-05-13,False,
W003184,MP0477,Ajay Bhattacharya,Punjab,Punjab PC-9,Punjab District 3,Drainage/Sewage,"Drainage/Sewage at Village Entry Point #492, Punjab PC-9",District Rural Dev. Agency,646738,2024-11-08,Completed,2025-03-02,False,
W003185,MP0477,Ajay Bhattacharya,Punjab,Punjab PC-9,Punjab District 3,Drainage/Sewage,"Drainage/Sewage near Panchayat Bhavan #89, Punjab PC-9",District Rural Dev. Agency,707961,2026-05-15,Ongoing,,False,
W003186,MP0477,Ajay Bhattacharya,Punjab,Punjab PC-9,Punjab District 3,Community Hall,"Community Hall at Main Chowk #866, Punjab PC-9",State Electricity Board,1843505,2025-03-25,Completed,2025-10-17,False,
W003187,MP0477,Ajay Bhattacharya,Punjab,Punjab PC-9,Punjab District 3,Community Hall,"Community Hall near Community Centre #131, Punjab PC-9",Block Development Office,2010426,2026-05-21,Ongoing,,False,
W003188,MP0478,Sanjay Barman,Punjab,Punjab PC-10,Punjab District 3,Public Toilet Complex,"Public Toilet Complex at Ward 3 #558, Punjab PC-10",Municipal Corporation,310420,2026-07-03,Completed,2026-08-28,False,
W003189,MP0478,Sanjay Barman,Punjab,Punjab PC-10,Punjab District 3,Irrigation Canal,"Irrigation Canal near Temple Road #194, Punjab PC-10",Rural Engineering Services,1495750,2025-08-12,Completed,2026-03-20,False,
W003190,MP0478,Sanjay Barman,Punjab,Punjab PC-10,Punjab District 3,Community Hall,"Community Hall near Bus Depot #258, Punjab PC-10",Rural Engineering Services,1753107,2025-06-17,Completed,2025-10-31,False,
W003191,MP0478,Sanjay Barman,Punjab,Punjab PC-10,Punjab District 3,Road Construction/Repair,"Road Construction/Repair at Ward 3 #960, Punjab PC-10",State Electricity Board,1238289,2026-01-23,Completed,2026-07-10,False,
W003192,MP0478,Sanjay Barman,Punjab,Punjab PC-10,Punjab District 3,School Building/Classroom,"School Building/Classroom near Govt School #465, Punjab PC-10",State Electricity Board,1353202,2025-07-07,Completed,2026-01-13,False,
W003193,MP0478,Sanjay Barman,Punjab,Punjab PC-10,Punjab District 3,Community Hall,"Community Hall near Primary Health Centre #530, Punjab PC-10",Rural Engineering Services,2063669,2025-12-21,Completed,2026-07-18,False,
W003194,MP0479,Ravi Pandey,Punjab,Punjab PC-11,Punjab District 3,Drainage/Sewage,"Drainage/Sewage in Sector 4 #673, Punjab PC-11",District Rural Dev. Agency,727200,2026-05-02,Completed,2026-08-17,False,
W003195,MP0479,Ravi Pandey,Punjab,Punjab PC-11,Punjab District 3,Drainage/Sewage,"Drainage/Sewage at Market Road #211, Punjab PC-11",Block Development Office,696241,2025-01-16,Completed,2025-04-08,False,
W003196,MP0479,Ravi Pandey,Punjab,Punjab PC-11,Punjab District 3,Drinking Water Supply,"Drinking Water Supply near Panchayat Bhavan #54, Punjab PC-11",Rural Engineering Services,767509,2025-11-20,Completed,2026-01-27,False,
W003197,MP0479,Ravi Pandey,Punjab,Punjab PC-11,Punjab District 3,Anganwadi Centre,"Anganwadi Centre near Community Centre #422, Punjab PC-11",District Rural Dev. Agency,576416,2025-04-30,Completed,2025-09-13,False,
W003198,MP0480,Kishore Rao,Punjab,Punjab PC-12,Punjab District 3,Health Sub-Centre Upgrade,"Health Sub-Centre Upgrade near Community Centre #397, Punjab PC-12",State Electricity Board,866490,2025-02-21,Completed,2025-07-14,False,
W003199,MP0480,Kishore Rao,Punjab,Punjab PC-12,Punjab District 3,Community Hall,"Community Hall near Community Centre #589, Punjab PC-12",District Rural Dev. Agency,2379780,2025-04-29,Completed,2025-11-16,False,
W003200,MP0480,Kishore Rao,Punjab,Punjab PC-12,Punjab District 3,Public Toilet Complex,"Public Toilet Complex near Railway Crossing #329, Punjab PC-12",Block Development Office,383544,2025-01-16,Completed,2025-04-06,False,
W003201,MP0480,Kishore Rao,Punjab,Punjab PC-12,Punjab District 3,Public Toilet Complex,"Public Toilet Complex at Main Chowk #849, Punjab PC-12",District Rural Dev. Agency,412843,2025-04-06,Completed,2025-05-27,False,
W003202,MP0480,Kishore Rao,Punjab,Punjab PC-12,Punjab District 3,School Building/Classroom,"School Building/Classroom near Panchayat Bhavan #243, Punjab PC-12",State Electricity Board,1622768,2025-08-28,Completed,2026-02-14,False,
W003203,MP0481,Poonam Pandey,Punjab,Punjab PC-13,Punjab District 4,Community Hall,"Community Hall at Market Road #817, Punjab PC-13",Block Development Office,1784231,2025-10-06,Completed,2026-07-16,False,
W003204,MP0481,Poonam Pandey,Punjab,Punjab PC-13,Punjab District 4,Community Hall,"Community Hall at Colony Gate #960, Punjab PC-13",District Rural Dev. Agency,2000725,2025-10-13,Completed,2026-05-14,False,
W003205,MP0481,Poonam Pandey,Punjab,Punjab PC-13,Punjab District 4,Streetlight Installation,"Streetlight Installation at Colony Gate #8, Punjab PC-13",State Electricity Board,228146,2024-12-31,Completed,2025-02-07,False,
W003206,MP0481,Poonam Pandey,Punjab,Punjab PC-13,Punjab District 4,Drinking Water Supply,"Drinking Water Supply at Ward 3 #261, Punjab PC-13",State Electricity Board,602178,2025-02-03,Completed,2025-04-02,False,
W003207,MP0481,Poonam Pandey,Punjab,Punjab PC-13,Punjab District 4,Public Toilet Complex,"Public Toilet Complex near Primary Health Centre #22, Punjab PC-13",Rural Engineering Services,475445,2025-11-05,Completed,2026-01-17,False,
W003208,MP0481,Poonam Pandey,Punjab,Punjab PC-13,Punjab District 4,Drinking Water Supply,"Drinking Water Supply near Bus Stand #784, Punjab PC-13",Municipal Corporation,895531,2025-10-10,Completed,2025-12-17,False,
W003209,MP0481,Poonam Pandey,Punjab,Punjab PC-13,Punjab District 4,Anganwadi Centre,"Anganwadi Centre near Railway Crossing #777, Punjab PC-13",Rural Engineering Services,684854,2025-01-14,Completed,2025-05-05,False,
W003210,MP0481,Poonam Pandey,Punjab,Punjab PC-13,Punjab District 4,Streetlight Installation,"Streetlight Installation near Railway Crossing #957, Punjab PC-13",State Electricity Board,306459,2025-01-13,Completed,2025-02-27,False,
W003211,MP0481,Poonam Pandey,Punjab,Punjab PC-13,Punjab District 4,School Building/Classroom,"School Building/Classroom near Bus Stand #12, Punjab PC-13",Rural Engineering Services,1091681,2024-08-29,Completed,2025-04-04,False,
W003212,MP0482,Vinod Naidu,Chhattisgarh,Chhattisgarh PC-1,Chhattisgarh District 1,Anganwadi Centre,"Anganwadi Centre near Primary Health Centre #910, Chhattisgarh PC-1",Municipal Corporation,687416,2026-04-08,Completed,2026-07-17,False,
W003213,MP0482,Vinod Naidu,Chhattisgarh,Chhattisgarh PC-1,Chhattisgarh District 1,Health Sub-Centre Upgrade,"Health Sub-Centre Upgrade in Ward 12 #496, Chhattisgarh PC-1",District Rural Dev. Agency,1185162,2025-12-29,Completed,2026-06-06,False,
W003214,MP0482,Vinod Naidu,Chhattisgarh,Chhattisgarh PC-1,Chhattisgarh District 1,Anganwadi Centre,"Anganwadi Centre at Ward 3 #554, Chhattisgarh PC-1",Municipal Corporation,500763,2025-03-06,Completed,2025-05-02,False,
W003215,MP0482,Vinod Naidu,Chhattisgarh,Chhattisgarh PC-1,Chhattisgarh District 1,Streetlight Installation,"Streetlight Installation in Sector 4 #224, Chhattisgarh PC-1",State Water Board,337052,2025-06-18,Completed,2025-08-11,False,
W003216,MP0482,Vinod Naidu,Chhattisgarh,Chhattisgarh PC-1,Chhattisgarh District 1,Health Sub-Centre Upgrade,"Health Sub-Centre Upgrade near Temple Road #315, Chhattisgarh PC-1",Municipal Corporation,4150368,2025-03-25,Sanctioned,,True,cost_outlier
W003217,MP0483,Sanjay Gupta,Chhattisgarh,Chhattisgarh PC-2,Chhattisgarh District 1,Streetlight Installation,"Streetlight Installation near Bus Depot #716, Chhattisgarh PC-2",State Water Board,430614,2025-03-30,Completed,2025-05-14,False,
W003218,MP0483,Sanjay Gupta,Chhattisgarh,Chhattisgarh PC-2,Chhattisgarh District 1,School Building/Classroom,"School Building/Classroom in Ward 7 #68, Chhattisgarh PC-2",District Rural Dev. Agency,1428325,2025-05-29,Completed,2026-02-12,False,
W003219,MP0483,Sanjay Gupta,Chhattisgarh,Chhattisgarh PC-2,Chhattisgarh District 1,Road Construction/Repair,"Road Construction/Repair near Temple Road #75, Chhattisgarh PC-2",State Water Board,971643,2025-08-13,Completed,2025-12-29,False,
W003220,MP0483,Sanjay Gupta,Chhattisgarh,Chhattisgarh PC-2,Chhattisgarh District 1,Streetlight Installation,"Streetlight Installation near Primary Health Centre #332, Chhattisgarh PC-2",Municipal Corporation,303269,2026-07-04,Completed,2026-08-03,False,
W003221,MP0483,Sanjay Gupta,Chhattisgarh,Chhattisgarh PC-2,Chhattisgarh District 1,Streetlight Installation,"Streetlight Installation near Railway Crossing #792, Chhattisgarh PC-2",Zilla Panchayat,268207,2025-08-03,Completed,2025-09-07,False,
W003222,MP0483,Sanjay Gupta,Chhattisgarh,Chhattisgarh PC-2,Chhattisgarh District 1,Road Construction/Repair,"Road Construction/Repair at Ward 3 #694, Chhattisgarh PC-2",Rural Engineering Services,1564504,2024-12-07,Completed,2025-07-02,False,
W003223,MP0483,Sanjay Gupta,Chhattisgarh,Chhattisgarh PC-2,Chhattisgarh District 1,Streetlight Installation,"Streetlight Installation at Colony Gate #557, Chhattisgarh PC-2",Zilla Panchayat,243065,2026-02-05,Completed,2026-03-18,False,
W003224,MP0483,Sanjay Gupta,Chhattisgarh,Chhattisgarh PC-2,Chhattisgarh District 1,School Building/Classroom,"School Building/Classroom near Govt School #689, Chhattisgarh PC-2",Rural Engineering Services,1541239,2026-05-02,Ongoing,,False,
W003225,MP0484,Arun Choudhary,Chhattisgarh,Chhattisgarh PC-3,Chhattisgarh District 1,Anganwadi Centre,"Anganwadi Centre near Primary Health Centre #863, Chhattisgarh PC-3",Rural Engineering Services,557391,2025-11-02,Completed,2026-01-20,False,
W003226,MP0484,Arun Choudhary,Chhattisgarh,Chhattisgarh PC-3,Chhattisgarh District 1,Community Hall,"Community Hall at Village Entry Point #43, Chhattisgarh PC-3",Block Development Office,2108906,2024-12-11,Completed,2025-07-03,False,
W003227,MP0484,Arun Choudhary,Chhattisgarh,Chhattisgarh PC-3,Chhattisgarh District 1,School Building/Classroom,"School Building/Classroom near Panchayat Bhavan #742, Chhattisgarh PC-3",Rural Engineering Services,1983955,2025-11-28,Completed,2026-06-08,False,
W003228,MP0484,Arun Choudhary,Chhattisgarh,Chhattisgarh PC-3,Chhattisgarh District 1,Irrigation Canal,"Irrigation Canal at Market Road #511, Chhattisgarh PC-3",District Rural Dev. Agency,2069717,2026-05-26,Ongoing,,False,
W003229,MP0485,Rakesh Chatterjee,Chhattisgarh,Chhattisgarh PC-4,Chhattisgarh District 1,Health Sub-Centre Upgrade,"Health Sub-Centre Upgrade near Bus Depot #770, Chhattisgarh PC-4",District Rural Dev. Agency,736841,2024-09-27,Completed,2025-04-06,False,
W003230,MP0485,Rakesh Chatterjee,Chhattisgarh,Chhattisgarh PC-4,Chhattisgarh District 1,Health Sub-Centre Upgrade,"Health Sub-Centre Upgrade near Primary Health Centre #501, Chhattisgarh PC-4",Rural Engineering Services,1151186,2026-05-09,Ongoing,,False,
W003231,MP0485,Rakesh Chatterjee,Chhattisgarh,Chhattisgarh PC-4,Chhattisgarh District 1,School Building/Classroom,"School Building/Classroom in Ward 12 #61, Chhattisgarh PC-4",State Water Board,1603811,2025-05-11,Completed,2025-10-21,False,
W003232,MP0485,Rakesh Chatterjee,Chhattisgarh,Chhattisgarh PC-4,Chhattisgarh District 1,Drainage/Sewage,"Drainage/Sewage near Primary Health Centre #853, Chhattisgarh PC-4",Rural Engineering Services,695196,2026-04-09,Ongoing,,False,
W003233,MP0485,Rakesh Chatterjee,Chhattisgarh,Chhattisgarh PC-4,Chhattisgarh District 1,Community Hall,"Community Hall near Bus Stand #573, Chhattisgarh PC-4",Block Development Office,1657728,2024-09-02,Completed,2025-02-21,False,
W003234,MP0485,Rakesh Chatterjee,Chhattisgarh,Chhattisgarh PC-4,Chhattisgarh District 1,Community Hall,"Community Hall in Ward 12 #655, Chhattisgarh PC-4",Zilla Panchayat,1981489,2025-12-03,Completed,2026-07-03,False,
W003235,MP0485,Rakesh Chatterjee,Chhattisgarh,Chhattisgarh PC-4,Chhattisgarh District 1,Public Toilet Complex,"Public Toilet Complex in Sector 4 #706, Chhattisgarh PC-4",District Rural Dev. Agency,343946,2025-12-20,Completed,2026-03-09,False,
W003236,MP0485,Rakesh Chatterjee,Chhattisgarh,Chhattisgarh PC-4,Chhattisgarh District 1,Road Construction/Repair,"Road Construction/Repair at Village Entry Point #41, Chhattisgarh PC-4",PWD Division,1172937,2025-03-09,Completed,2025-08-30,False,
W003237,MP0485,Rakesh Chatterjee,Chhattisgarh,Chhattisgarh PC-4,Chhattisgarh District 1,Public Toilet Complex,"Public Toilet Complex in Ward 12 #362, Chhattisgarh PC-4",Rural Engineering Services,388652,2025-04-12,Completed,2025-06-17,False,
W003238,MP0485,Rakesh Chatterjee,Chhattisgarh,Chhattisgarh PC-4,Chhattisgarh District 1,Health Sub-Centre Upgrade,"Health Sub-Centre Upgrade near Community Centre #351, Chhattisgarh PC-4",PWD Division,5228657,2026-05-05,Sanctioned,,True,cost_outlier
W003239,MP0486,Dinesh Banerjee,Chhattisgarh,Chhattisgarh PC-5,Chhattisgarh District 2,Public Toilet Complex,"Public Toilet Complex near Primary Health Centre #522, Chhattisgarh PC-5",Rural Engineering Services,371763,2025-05-30,Completed,2025-07-25,False,
W003240,MP0486,Dinesh Banerjee,Chhattisgarh,Chhattisgarh PC-5,Chhattisgarh District 2,Streetlight Installation,"Streetlight Installation near Primary Health Centre #395, Chhattisgarh PC-5",Zilla Panchayat,375558,2025-05-09,Completed,2025-06-16,False,
W003241,MP0486,Dinesh Banerjee,Chhattisgarh,Chhattisgarh PC-5,Chhattisgarh District 2,Community Hall,"Community Hall at Ward 3 #952, Chhattisgarh PC-5",District Rural Dev. Agency,1853751,2024-12-04,Completed,2025-05-29,False,
W003242,MP0486,Dinesh Banerjee,Chhattisgarh,Chhattisgarh PC-5,Chhattisgarh District 2,Public Toilet Complex,"Public Toilet Complex at Main Chowk #398, Chhattisgarh PC-5",Municipal Corporation,403012,2025-04-10,Completed,2025-06-07,False,
W003243,MP0486,Dinesh Banerjee,Chhattisgarh,Chhattisgarh PC-5,Chhattisgarh District 2,Anganwadi Centre,"Anganwadi Centre near Community Centre #768, Chhattisgarh PC-5",State Electricity Board,556726,2026-01-18,Completed,2026-04-12,False,
W003244,MP0486,Dinesh Banerjee,Chhattisgarh,Chhattisgarh PC-5,Chhattisgarh District 2,School Building/Classroom,"School Building/Classroom at Ward 3 #138, Chhattisgarh PC-5",PWD Division,1528495,2024-12-29,Completed,2025-09-11,False,
W003245,MP0486,Dinesh Banerjee,Chhattisgarh,Chhattisgarh PC-5,Chhattisgarh District 2,Road Construction/Repair,"Road Construction/Repair at Main Chowk #949, Chhattisgarh PC-5",Municipal Corporation,965834,2024-10-07,Completed,2025-03-10,False,
W003246,MP0486,Dinesh Banerjee,Chhattisgarh,Chhattisgarh PC-5,Chhattisgarh District 2,School Building/Classroom,"School Building/Classroom at Ward 3 #58, Chhattisgarh PC-5",District Rural Dev. Agency,1686480,2025-10-02,Completed,2026-03-16,False,
W003247,MP0487,Ajay Kulkarni,Chhattisgarh,Chhattisgarh PC-6,Chhattisgarh District 2,School Building/Classroom,"School Building/Classroom in Ward 12 #70, Chhattisgarh PC-6",State Electricity Board,1634578,2024-08-30,Completed,2025-02-17,False,
W003248,MP0487,Ajay Kulkarni,Chhattisgarh,Chhattisgarh PC-6,Chhattisgarh District 2,Streetlight Installation,"Streetlight Installation near Bus Stand #583, Chhattisgarh PC-6",Block Development Office,265790,2026-04-08,Completed,2026-05-30,False,
W003249,MP0487,Ajay Kulkarni,Chhattisgarh,Chhattisgarh PC-6,Chhattisgarh District 2,Drainage/Sewage,"Drainage/Sewage in Sector 4 #533, Chhattisgarh PC-6",District Rural Dev. Agency,895282,2026-08-07,Ongoing,,False,
W003250,MP0487,Ajay Kulkarni,Chhattisgarh,Chhattisgarh PC-6,Chhattisgarh District 2,Drinking Water Supply,"Drinking Water Supply near Community Centre #797, Chhattisgarh PC-6",Rural Engineering Services,814459,2025-01-18,Completed,2025-03-21,False,
W003251,MP0488,Sanjay Pandey,Chhattisgarh,Chhattisgarh PC-7,Chhattisgarh District 2,Streetlight Installation,"Streetlight Installation in Ward 7 #516, Chhattisgarh PC-7",Municipal Corporation,209513,2024-10-21,Completed,2024-12-03,False,
W003252,MP0488,Sanjay Pandey,Chhattisgarh,Chhattisgarh PC-7,Chhattisgarh District 2,Health Sub-Centre Upgrade,"Health Sub-Centre Upgrade near Temple Road #481, Chhattisgarh PC-7",Block Development Office,835412,2024-12-29,Completed,2025-07-18,False,
W003253,MP0488,Sanjay Pandey,Chhattisgarh,Chhattisgarh PC-7,Chhattisgarh District 2,School Building/Classroom,"School Building/Classroom at Main Chowk #500, Chhattisgarh PC-7",Municipal Corporation,1468100,2025-12-19,Completed,2026-04-08,False,
W003254,MP0488,Sanjay Pandey,Chhattisgarh,Chhattisgarh PC-7,Chhattisgarh District 2,School Building/Classroom,"School Building/Classroom at Village Entry Point #132, Chhattisgarh PC-7",PWD Division,1345329,2025-08-29,Completed,2026-01-27,False,
W003255,MP0488,Sanjay Pandey,Chhattisgarh,Chhattisgarh PC-7,Chhattisgarh District 2,Irrigation Canal,"Irrigation Canal in Ward 12 #918, Chhattisgarh PC-7",Rural Engineering Services,2117268,2025-04-04,Completed,2026-01-21,False,
W003256,MP0489,Anita Rathore,Chhattisgarh,Chhattisgarh PC-8,Chhattisgarh District 2,Drainage/Sewage,"Drainage/Sewage near Govt School #319, Chhattisgarh PC-8",State Water Board,785181,2025-03-25,Completed,2025-07-13,False,
W003257,MP0489,Anita Rathore,Chhattisgarh,Chhattisgarh PC-8,Chhattisgarh District 2,Drainage/Sewage,"Drainage/Sewage near Govt School #527, Chhattisgarh PC-8",State Water Board,597888,2025-11-13,Completed,2026-02-11,False,
W003258,MP0489,Anita Rathore,Chhattisgarh,Chhattisgarh PC-8,Chhattisgarh District 2,Health Sub-Centre Upgrade,"Health Sub-Centre Upgrade at Colony Gate #974, Chhattisgarh PC-8",PWD Division,879487,2024-07-19,Completed,2024-12-27,False,
W003259,MP0489,Anita Rathore,Chhattisgarh,Chhattisgarh PC-8,Chhattisgarh District 2,Health Sub-Centre Upgrade,"Health Sub-Centre Upgrade near Primary Health Centre #386, Chhattisgarh PC-8",Rural Engineering Services,1068900,2025-09-09,Completed,2026-02-19,False,
W003260,MP0489,Anita Rathore,Chhattisgarh,Chhattisgarh PC-8,Chhattisgarh District 2,Anganwadi Centre,"Anganwadi Centre near Govt School #688, Chhattisgarh PC-8",Rural Engineering Services,613883,2025-01-04,Completed,2025-04-08,False,
W003261,MP0489,Anita Rathore,Chhattisgarh,Chhattisgarh PC-8,Chhattisgarh District 2,Public Toilet Complex,"Public Toilet Complex in Ward 12 #376, Chhattisgarh PC-8",Municipal Corporation,419489,2026-04-14,Completed,2026-06-11,False,
W003262,MP0489,Anita Rathore,Chhattisgarh,Chhattisgarh PC-8,Chhattisgarh District 2,Irrigation Canal,"Irrigation Canal near Temple Road #742, Chhattisgarh PC-8",PWD Division,1619113,2025-06-01,Completed,2026-01-25,False,
W003263,MP0489,Anita Rathore,Chhattisgarh,Chhattisgarh PC-8,Chhattisgarh District 2,Road Construction/Repair,"Road Construction/Repair near Govt School #969, Chhattisgarh PC-8",Rural Engineering Services,1135300,2025-12-18,Completed,2026-06-01,False,
W003264,MP0489,Anita Rathore,Chhattisgarh,Chhattisgarh PC-8,Chhattisgarh District 2,Streetlight Installation,"Streetlight Installation near Community Centre #215, Chhattisgarh PC-8",State Water Board,347215,2024-12-24,Completed,2025-02-02,False,
W003265,MP0490,Ashok Mondal,Chhattisgarh,Chhattisgarh PC-9,Chhattisgarh District 3,Drinking Water Supply,"Drinking Water Supply in Ward 12 #825, Chhattisgarh PC-9",Zilla Panchayat,812717,2026-02-11,Completed,2026-05-27,False,
W003266,MP0490,Ashok Mondal,Chhattisgarh,Chhattisgarh PC-9,Chhattisgarh District 3,Anganwadi Centre,"Anganwadi Centre in Ward 12 #969, Chhattisgarh PC-9",State Electricity Board,638537,2026-05-07,Ongoing,,False,
W003267,MP0490,Ashok Mondal,Chhattisgarh,Chhattisgarh PC-9,Chhattisgarh District 3,School Building/Classroom,"School Building/Classroom at Main Chowk #224, Chhattisgarh PC-9",State Water Board,1289947,2026-01-06,Ongoing,,False,
W003268,MP0490,Ashok Mondal,Chhattisgarh,Chhattisgarh PC-9,Chhattisgarh District 3,Drinking Water Supply,"Drinking Water Supply at Market Road #884, Chhattisgarh PC-9",State Water Board,888997,2024-12-05,Completed,2025-03-10,False,
W003269,MP0490,Ashok Mondal,Chhattisgarh,Chhattisgarh PC-9,Chhattisgarh District 3,Public Toilet Complex,"Public Toilet Complex in Ward 12 #891, Chhattisgarh PC-9",Block Development Office,235069,2025-11-13,Completed,2026-01-27,False,
W003270,MP0491,Vikram Kumar,Chhattisgarh,Chhattisgarh PC-10,Chhattisgarh District 3,School Building/Classroom,"School Building/Classroom near Bus Depot #644, Chhattisgarh PC-10",Rural Engineering Services,1634373,2026-04-29,Ongoing,,False,
W003271,MP0491,Vikram Kumar,Chhattisgarh,Chhattisgarh PC-10,Chhattisgarh District 3,School Building/Classroom,"School Building/Classroom near Primary Health Centre #856, Chhattisgarh PC-10",District Rural Dev. Agency,2041631,2025-03-24,Completed,2025-12-03,False,
W003272,MP0491,Vikram Kumar,Chhattisgarh,Chhattisgarh PC-10,Chhattisgarh District 3,Public Toilet Complex,"Public Toilet Complex at Market Road #911, Chhattisgarh PC-10",PWD Division,411720,2025-07-26,Completed,2025-10-04,False,
W003273,MP0491,Vikram Kumar,Chhattisgarh,Chhattisgarh PC-10,Chhattisgarh District 3,Anganwadi Centre,"Anganwadi Centre near Railway Crossing #538, Chhattisgarh PC-10",Rural Engineering Services,702902,2025-04-18,Completed,2025-07-31,False,
W003274,MP0491,Vikram Kumar,Chhattisgarh,Chhattisgarh PC-10,Chhattisgarh District 3,Streetlight Installation,"Streetlight Installation near Temple Road #188, Chhattisgarh PC-10",Municipal Corporation,317950,2025-08-05,Completed,2025-09-25,False,
W003275,MP0491,Vikram Kumar,Chhattisgarh,Chhattisgarh PC-10,Chhattisgarh District 3,Streetlight Installation,"Streetlight Installation near Railway Crossing #632, Chhattisgarh PC-10",District Rural Dev. Agency,276256,2025-10-03,Completed,2025-11-29,False,
W003276,MP0491,Vikram Kumar,Chhattisgarh,Chhattisgarh PC-10,Chhattisgarh District 3,Community Hall,"Community Hall near Railway Crossing #781, Chhattisgarh PC-10",PWD Division,2413997,2025-06-15,Completed,2026-01-09,False,
W003277,MP0491,Vikram Kumar,Chhattisgarh,Chhattisgarh PC-10,Chhattisgarh District 3,Streetlight Installation,"Streetlight Installation near Railway Crossing #878, Chhattisgarh PC-10",State Water Board,268103,2026-07-10,Completed,2026-08-27,False,
W003278,MP0491,Vikram Kumar,Chhattisgarh,Chhattisgarh PC-10,Chhattisgarh District 3,Drinking Water Supply,"Drinking Water Supply in Ward 7 #561, Chhattisgarh PC-10",Municipal Corporation,764625,2025-12-19,Completed,2026-02-25,False,
W003279,MP0492,Ravi Kumar,Chhattisgarh,Chhattisgarh PC-11,Chhattisgarh District 3,Streetlight Installation,"Streetlight Installation near Primary Health Centre #712, Chhattisgarh PC-11",Zilla Panchayat,378676,2025-02-13,Completed,2025-03-30,False,
W003280,MP0492,Ravi Kumar,Chhattisgarh,Chhattisgarh PC-11,Chhattisgarh District 3,Health Sub-Centre Upgrade,"Health Sub-Centre Upgrade at Ward 3 #318, Chhattisgarh PC-11",State Water Board,906693,2025-03-07,Completed,2025-07-26,False,
W003281,MP0492,Ravi Kumar,Chhattisgarh,Chhattisgarh PC-11,Chhattisgarh District 3,Drainage/Sewage,"Drainage/Sewage near Panchayat Bhavan #712, Chhattisgarh PC-11",State Water Board,656954,2025-11-15,Completed,2026-03-04,False,
W003282,MP0492,Ravi Kumar,Chhattisgarh,Chhattisgarh PC-11,Chhattisgarh District 3,Anganwadi Centre,"Anganwadi Centre near Railway Crossing #815, Chhattisgarh PC-11",State Electricity Board,622246,2025-07-21,Completed,2025-10-10,False,
W003283,MP0492,Ravi Kumar,Chhattisgarh,Chhattisgarh PC-11,Chhattisgarh District 3,School Building/Classroom,"School Building/Classroom at Ward 3 #919, Chhattisgarh PC-11",District Rural Dev. Agency,1332108,2025-08-30,Completed,2026-01-06,False,
W003284,MP0492,Ravi Kumar,Chhattisgarh,Chhattisgarh PC-11,Chhattisgarh District 3,Health Sub-Centre Upgrade,"Health Sub-Centre Upgrade near Community Centre #434, Chhattisgarh PC-11",District Rural Dev. Agency,560059,2025-06-20,Completed,2025-12-12,False,
W003285,MP0492,Ravi Kumar,Chhattisgarh,Chhattisgarh PC-11,Chhattisgarh District 3,Health Sub-Centre Upgrade,"Health Sub-Centre Upgrade near Railway Crossing #869, Chhattisgarh PC-11",District Rural Dev. Agency,986564,2024-10-09,Completed,2025-02-27,False,
W003286,MP0493,Ramesh Nair,Haryana,Haryana PC-1,Haryana District 1,Community Hall,"Community Hall near Temple Road #740, Haryana PC-1",State Electricity Board,2086043,2025-05-16,Completed,2025-10-28,False,
W003287,MP0493,Ramesh Nair,Haryana,Haryana PC-1,Haryana District 1,Community Hall,"Community Hall near Panchayat Bhavan #526, Haryana PC-1",District Rural Dev. Agency,2039984,2025-03-23,Completed,2025-09-24,False,
W003288,MP0493,Ramesh Nair,Haryana,Haryana PC-1,Haryana District 1,Community Hall,"Community Hall near Bus Stand #994, Haryana PC-1",Rural Engineering Services,1287047,2025-03-08,Completed,2025-10-18,False,
W003289,MP0493,Ramesh Nair,Haryana,Haryana PC-1,Haryana District 1,Irrigation Canal,"Irrigation Canal near Railway Crossing #675, Haryana PC-1",State Electricity Board,2082489,2025-10-16,Completed,2026-04-21,False,
W003290,MP0493,Ramesh Nair,Haryana,Haryana PC-1,Haryana District 1,Streetlight Installation,"Streetlight Installation near Railway Crossing #996, Haryana PC-1",State Electricity Board,372425,2025-01-25,Completed,2025-03-01,False,
W003291,MP0493,Ramesh Nair,Haryana,Haryana PC-1,Haryana District 1,Public Toilet Complex,"Public Toilet Complex at Colony Gate #845, Haryana PC-1",Zilla Panchayat,545537,2025-08-19,Completed,2025-10-20,False,
W003292,MP0493,Ramesh Nair,Haryana,Haryana PC-1,Haryana District 1,Community Hall,"Community Hall near Bus Depot #495, Haryana PC-1",Zilla Panchayat,2111569,2026-05-24,Ongoing,,False,
W003293,MP0493,Ramesh Nair,Haryana,Haryana PC-1,Haryana District 1,Streetlight Installation,"Streetlight Installation in Sector 4 #550, Haryana PC-1",Block Development Office,261400,2025-04-23,Completed,2025-06-10,False,
W003294,MP0493,Ramesh Nair,Haryana,Haryana PC-1,Haryana District 1,Streetlight Installation,"Streetlight Installation near Temple Road #662, Haryana PC-1",State Electricity Board,344353,2025-09-30,Completed,2025-11-19,False,
W003295,MP0494,Arun Reddy,Haryana,Haryana PC-2,Haryana District 1,Drainage/Sewage,"Drainage/Sewage near Govt School #831, Haryana PC-2",Zilla Panchayat,618174,2025-10-20,Completed,2026-01-17,False,
W003296,MP0494,Arun Reddy,Haryana,Haryana PC-2,Haryana District 1,Road Construction/Repair,"Road Construction/Repair near Community Centre #104, Haryana PC-2",Zilla Panchayat,1253488,2025-02-23,Completed,2025-06-14,False,
W003297,MP0494,Arun Reddy,Haryana,Haryana PC-2,Haryana District 1,Streetlight Installation,"Streetlight Installation in Ward 7 #355, Haryana PC-2",PWD Division,290796,2026-04-18,Completed,2026-06-05,False,
W003298,MP0494,Arun Reddy,Haryana,Haryana PC-2,Haryana District 1,Streetlight Installation,"Streetlight Installation near Bus Stand #48, Haryana PC-2",State Electricity Board,288611,2024-08-26,Completed,2024-09-25,False,
W003299,MP0494,Arun Reddy,Haryana,Haryana PC-2,Haryana District 1,Public Toilet Complex,"Public Toilet Complex near Primary Health Centre #179, Haryana PC-2",District Rural Dev. Agency,491004,2025-04-18,Completed,2025-06-16,False,
W003300,MP0494,Arun Reddy,Haryana,Haryana PC-2,Haryana District 1,Irrigation Canal,"Irrigation Canal near Community Centre #695, Haryana PC-2",Block Development Office,1688758,2025-07-26,Completed,2026-03-04,False,
W003301,MP0494,Arun Reddy,Haryana,Haryana PC-2,Haryana District 1,Drinking Water Supply,"Drinking Water Supply near Primary Health Centre #652, Haryana PC-2",District Rural Dev. Agency,833150,2025-03-30,Completed,2025-06-26,False,
W003302,MP0494,Arun Reddy,Haryana,Haryana PC-2,Haryana District 1,Drainage/Sewage,"Drainage/Sewage at Market Road #671, Haryana PC-2",District Rural Dev. Agency,697082,2026-03-29,Completed,2026-07-23,False,
W003303,MP0495,Vijay Mishra,Haryana,Haryana PC-3,Haryana District 1,Anganwadi Centre,"Anganwadi Centre at Market Road #659, Haryana PC-3",District Rural Dev. Agency,589942,2025-07-23,Completed,2025-10-17,False,
W003304,MP0495,Vijay Mishra,Haryana,Haryana PC-3,Haryana District 1,Health Sub-Centre Upgrade,"Health Sub-Centre Upgrade at Ward 3 #189, Haryana PC-3",State Water Board,1132013,2025-07-07,Completed,2026-01-29,False,
W003305,MP0495,Vijay Mishra,Haryana,Haryana PC-3,Haryana District 1,Community Hall,"Community Hall near Primary Health Centre #170, Haryana PC-3",District Rural Dev. Agency,1296023,2026-04-30,Ongoing,,False,
W003306,MP0495,Vijay Mishra,Haryana,Haryana PC-3,Haryana District 1,School Building/Classroom,"School Building/Classroom at Market Road #591, Haryana PC-3",Municipal Corporation,1753647,2025-09-19,Completed,2026-05-14,False,
W003307,MP0495,Vijay Mishra,Haryana,Haryana PC-3,Haryana District 1,Drainage/Sewage,"Drainage/Sewage near Primary Health Centre #456, Haryana PC-3",State Electricity Board,864268,2026-01-01,Completed,2026-04-17,False,
W003308,MP0495,Vijay Mishra,Haryana,Haryana PC-3,Haryana District 1,Drainage/Sewage,"Drainage/Sewage in Ward 12 #300, Haryana PC-3",Block Development Office,745823,2024-10-01,Completed,2025-01-07,False,
W003309,MP0495,Vijay Mishra,Haryana,Haryana PC-3,Haryana District 1,Drainage/Sewage,"Drainage/Sewage at Ward 3 #821, Haryana PC-3",State Electricity Board,717382,2025-12-04,Completed,2026-04-07,False,
W003310,MP0495,Vijay Mishra,Haryana,Haryana PC-3,Haryana District 1,Community Hall,"Community Hall near Bus Depot #600, Haryana PC-3",State Electricity Board,1907017,2025-07-05,Completed,2026-03-23,False,
W003311,MP0495,Vijay Mishra,Haryana,Haryana PC-3,Haryana District 1,Community Hall,"Community Hall in Sector 4 #622, Haryana PC-3",Zilla Panchayat,2000000,2025-11-07,Completed,2025-11-12,True,impossible_speed
W003312,MP0496,Kishore Thakur,Haryana,Haryana PC-4,Haryana District 1,Drainage/Sewage,"Drainage/Sewage at Main Chowk #20, Haryana PC-4",Municipal Corporation,671727,2024-08-27,Completed,2024-11-29,False,
W003313,MP0496,Kishore Thakur,Haryana,Haryana PC-4,Haryana District 1,School Building/Classroom,"School Building/Classroom in Sector 4 #912, Haryana PC-4",Rural Engineering Services,1445779,2025-08-20,Completed,2026-02-27,False,
W003314,MP0496,Kishore Thakur,Haryana,Haryana PC-4,Haryana District 1,School Building/Classroom,"School Building/Classroom near Community Centre #905, Haryana PC-4",State Electricity Board,1639211,2026-01-11,Ongoing,,False,
W003315,MP0496,Kishore Thakur,Haryana,Haryana PC-4,Haryana District 1,Drinking Water Supply,"Drinking Water Supply at Main Chowk #826, Haryana PC-4",State Water Board,1012119,2025-07-19,Completed,2025-10-01,False,
W003316,MP0497,Prakash Yadav,Haryana,Haryana PC-5,Haryana District 2,Health Sub-Centre Upgrade,"Health Sub-Centre Upgrade at Market Road #719, Haryana PC-5",Block Development Office,943754,2026-01-26,Completed,2026-07-09,False,
W003317,MP0497,Prakash Yadav,Haryana,Haryana PC-5,Haryana District 2,Drinking Water Supply,"Drinking Water Supply near Govt School #339, Haryana PC-5",Block Development Office,852691,2025-01-25,Completed,2025-04-14,False,
W003318,MP0497,Prakash Yadav,Haryana,Haryana PC-5,Haryana District 2,Health Sub-Centre Upgrade,"Health Sub-Centre Upgrade near Bus Stand #555, Haryana PC-5",Block Development Office,1257802,2025-09-05,Completed,2025-12-27,False,
W003319,MP0497,Prakash Yadav,Haryana,Haryana PC-5,Haryana District 2,Streetlight Installation,"Streetlight Installation near Bus Stand #97, Haryana PC-5",Municipal Corporation,280073,2025-02-04,Completed,2025-03-21,False,
W003320,MP0497,Prakash Yadav,Haryana,Haryana PC-5,Haryana District 2,Road Construction/Repair,"Road Construction/Repair at Village Entry Point #674, Haryana PC-5",PWD Division,1082225,2024-10-29,Completed,2025-03-13,False,
W003321,MP0497,Prakash Yadav,Haryana,Haryana PC-5,Haryana District 2,Road Construction/Repair,"Road Construction/Repair near Temple Road #881, Haryana PC-5",Rural Engineering Services,1254542,2025-12-24,Completed,2026-06-09,False,
W003322,MP0497,Prakash Yadav,Haryana,Haryana PC-5,Haryana District 2,Community Hall,"Community Hall near Community Centre #383, Haryana PC-5",Rural Engineering Services,2163659,2026-02-22,Ongoing,,False,
W003323,MP0497,Prakash Yadav,Haryana,Haryana PC-5,Haryana District 2,Anganwadi Centre,"Anganwadi Centre in Ward 12 #146, Haryana PC-5",Rural Engineering Services,529517,2025-05-13,Completed,2025-07-29,False,
W003324,MP0497,Prakash Yadav,Haryana,Haryana PC-5,Haryana District 2,Public Toilet Complex,"Public Toilet Complex in Ward 12 #109, Haryana PC-5",Municipal Corporation,383222,2025-06-22,Completed,2025-08-08,False,
W003325,MP0498,Geeta Yadav,Haryana,Haryana PC-6,Haryana District 2,Irrigation Canal,"Irrigation Canal near Temple Road #366, Haryana PC-6",State Water Board,1700893,2025-07-12,Completed,2026-03-28,False,
W003326,MP0498,Geeta Yadav,Haryana,Haryana PC-6,Haryana District 2,Health Sub-Centre Upgrade,"Health Sub-Centre Upgrade in Ward 12 #854, Haryana PC-6",State Electricity Board,1054205,2025-11-01,Completed,2026-02-19,False,
W003327,MP0498,Geeta Yadav,Haryana,Haryana PC-6,Haryana District 2,Drinking Water Supply,"Drinking Water Supply at Main Chowk #87, Haryana PC-6",PWD Division,776330,2025-11-11,Completed,2026-02-19,False,
W003328,MP0498,Geeta Yadav,Haryana,Haryana PC-6,Haryana District 2,Drinking Water Supply,"Drinking Water Supply at Market Road #511, Haryana PC-6",State Electricity Board,721363,2026-03-16,Completed,2026-05-27,False,
W003329,MP0498,Geeta Yadav,Haryana,Haryana PC-6,Haryana District 2,Drinking Water Supply,"Drinking Water Supply at Village Entry Point #2, Haryana PC-6",District Rural Dev. Agency,959559,2026-04-15,Completed,2026-07-12,False,
W003330,MP0498,Geeta Yadav,Haryana,Haryana PC-6,Haryana District 2,Road Construction/Repair,"Road Construction/Repair near Govt School #974, Haryana PC-6",PWD Division,1333484,2025-12-03,Completed,2026-04-12,False,
W003331,MP0498,Geeta Yadav,Haryana,Haryana PC-6,Haryana District 2,Road Construction/Repair,"Road Construction/Repair at Ward 3 #605, Haryana PC-6",State Water Board,998042,2026-01-14,Completed,2026-06-19,False,
W003332,MP0498,Geeta Yadav,Haryana,Haryana PC-6,Haryana District 2,Streetlight Installation,"Streetlight Installation in Ward 7 #778, Haryana PC-6",PWD Division,322479,2025-08-07,Completed,2025-09-15,False,
W003333,MP0498,Geeta Yadav,Haryana,Haryana PC-6,Haryana District 2,Community Hall,"Community Hall near Community Centre #351, Haryana PC-6",Block Development Office,1760303,2024-11-20,Completed,2025-07-12,False,
W003334,MP0498,Geeta Yadav,Haryana,Haryana PC-6,Haryana District 2,Community Hall,"Community Hall near Community Centre #351, Haryana PC-6 (Phase II)",Block Development Office,2456352,2024-12-23,Sanctioned,,True,duplicate_work
W003335,MP0499,Prakash Rathore,Haryana,Haryana PC-7,Haryana District 2,Anganwadi Centre,"Anganwadi Centre near Bus Stand #288, Haryana PC-7",Zilla Panchayat,572607,2026-01-25,Completed,2026-06-01,False,
W003336,MP0499,Prakash Rathore,Haryana,Haryana PC-7,Haryana District 2,Road Construction/Repair,"Road Construction/Repair near Temple Road #427, Haryana PC-7",Rural Engineering Services,1294293,2025-10-28,Completed,2026-04-27,False,
W003337,MP0499,Prakash Rathore,Haryana,Haryana PC-7,Haryana District 2,Irrigation Canal,"Irrigation Canal at Village Entry Point #111, Haryana PC-7",PWD Division,2023132,2024-11-20,Completed,2025-05-18,False,
W003338,MP0499,Prakash Rathore,Haryana,Haryana PC-7,Haryana District 2,Community Hall,"Community Hall near Temple Road #981, Haryana PC-7",Municipal Corporation,2003583,2025-01-25,Completed,2025-06-19,False,
W003339,MP0499,Prakash Rathore,Haryana,Haryana PC-7,Haryana District 2,Road Construction/Repair,"Road Construction/Repair near Bus Depot #32, Haryana PC-7",Municipal Corporation,1552391,2025-03-01,Completed,2025-09-29,False,
W003340,MP0499,Prakash Rathore,Haryana,Haryana PC-7,Haryana District 2,Anganwadi Centre,"Anganwadi Centre near Community Centre #831, Haryana PC-7",Municipal Corporation,547929,2025-02-17,Completed,2025-05-28,False,
W003341,MP0499,Prakash Rathore,Haryana,Haryana PC-7,Haryana District 2,Streetlight Installation,"Streetlight Installation in Sector 4 #942, Haryana PC-7",Municipal Corporation,340271,2024-12-27,Completed,2025-01-27,False,
W003342,MP0500,Ashish Das,Haryana,Haryana PC-8,Haryana District 2,School Building/Classroom,"School Building/Classroom in Ward 12 #4, Haryana PC-8",District Rural Dev. Agency,1706860,2025-10-04,Completed,2026-03-02,False,
W003343,MP0500,Ashish Das,Haryana,Haryana PC-8,Haryana District 2,Drainage/Sewage,"Drainage/Sewage at Main Chowk #608, Haryana PC-8",Block Development Office,721978,2026-05-23,Completed,2026-08-10,False,
W003344,MP0500,Ashish Das,Haryana,Haryana PC-8,Haryana District 2,Drainage/Sewage,"Drainage/Sewage near Panchayat Bhavan #152, Haryana PC-8",State Water Board,693322,2025-10-02,Completed,2026-01-17,False,
W003345,MP0500,Ashish Das,Haryana,Haryana PC-8,Haryana District 2,Streetlight Installation,"Streetlight Installation near Railway Crossing #617, Haryana PC-8",Municipal Corporation,317438,2025-03-04,Completed,2025-03-26,False,
W003346,MP0500,Ashish Das,Haryana,Haryana PC-8,Haryana District 2,Drainage/Sewage,"Drainage/Sewage near Bus Stand #796, Haryana PC-8",Municipal Corporation,808669,2025-12-02,Completed,2026-03-17,False,
W003347,MP0500,Ashish Das,Haryana,Haryana PC-8,Haryana District 2,Health Sub-Centre Upgrade,"Health Sub-Centre Upgrade in Ward 7 #773, Haryana PC-8",Rural Engineering Services,925446,2026-06-03,Ongoing,,False,
W003348,MP0501,Rakesh Verma,Haryana,Haryana PC-9,Haryana District 3,Drinking Water Supply,"Drinking Water Supply near Bus Stand #243, Haryana PC-9",PWD Division,906617,2025-08-11,Completed,2025-10-21,False,
W003349,MP0501,Rakesh Verma,Haryana,Haryana PC-9,Haryana District 3,Health Sub-Centre Upgrade,"Health Sub-Centre Upgrade near Temple Road #728, Haryana PC-9",State Electricity Board,1013973,2026-01-18,Completed,2026-06-09,False,
W003350,MP0501,Rakesh Verma,Haryana,Haryana PC-9,Haryana District 3,Irrigation Canal,"Irrigation Canal near Bus Depot #703, Haryana PC-9",Municipal Corporation,1919137,2025-05-26,Completed,2025-12-16,False,
W003351,MP0501,Rakesh Verma,Haryana,Haryana PC-9,Haryana District 3,Streetlight Installation,"Streetlight Installation at Ward 3 #460, Haryana PC-9",State Electricity Board,278677,2025-08-15,Completed,2025-09-24,False,
W003352,MP0501,Rakesh Verma,Haryana,Haryana PC-9,Haryana District 3,Community Hall,"Community Hall at Village Entry Point #62, Haryana PC-9",District Rural Dev. Agency,2227860,2025-09-16,Completed,2026-03-20,False,
W003353,MP0501,Rakesh Verma,Haryana,Haryana PC-9,Haryana District 3,Anganwadi Centre,"Anganwadi Centre near Railway Crossing #186, Haryana PC-9",State Water Board,722688,2025-08-30,Completed,2025-12-29,False,
W003354,MP0501,Rakesh Verma,Haryana,Haryana PC-9,Haryana District 3,Drainage/Sewage,"Drainage/Sewage at Colony Gate #849, Haryana PC-9",Municipal Corporation,914624,2024-08-23,Completed,2025-01-24,False,
W003355,MP0501,Rakesh Verma,Haryana,Haryana PC-9,Haryana District 3,Drinking Water Supply,"Drinking Water Supply at Main Chowk #366, Haryana PC-9",Rural Engineering Services,888535,2025-06-19,Completed,2025-10-06,False,
W003356,MP0501,Rakesh Verma,Haryana,Haryana PC-9,Haryana District 3,Drainage/Sewage,"Drainage/Sewage near Panchayat Bhavan #539, Haryana PC-9",Municipal Corporation,692294,2025-10-10,Completed,2026-01-12,False,
W003357,MP0502,Kishore Pillai,Haryana,Haryana PC-10,Haryana District 3,School Building/Classroom,"School Building/Classroom at Colony Gate #456, Haryana PC-10",State Electricity Board,1426555,2025-06-07,Completed,2025-12-23,False,
W003358,MP0502,Kishore Pillai,Haryana,Haryana PC-10,Haryana District 3,Public Toilet Complex,"Public Toilet Complex in Sector 4 #267, Haryana PC-10",State Water Board,464007,2026-02-11,Completed,2026-04-22,False,
W003359,MP0502,Kishore Pillai,Haryana,Haryana PC-10,Haryana District 3,School Building/Classroom,"School Building/Classroom at Colony Gate #442, Haryana PC-10",State Electricity Board,1558981,2025-08-24,Completed,2026-01-24,False,
W003360,MP0502,Kishore Pillai,Haryana,Haryana PC-10,Haryana District 3,Drinking Water Supply,"Drinking Water Supply in Sector 4 #35, Haryana PC-10",State Water Board,1113455,2024-09-22,Completed,2024-12-12,False,
W003361,MP0502,Kishore Pillai,Haryana,Haryana PC-10,Haryana District 3,Drinking Water Supply,"Drinking Water Supply near Railway Crossing #185, Haryana PC-10",Municipal Corporation,800000,2024-06-04,Ongoing,,True,stuck_ongoing
W003362,MP0503,Dinesh Bhatt,Delhi,Delhi PC-1,Delhi District 1,Health Sub-Centre Upgrade,"Health Sub-Centre Upgrade near Community Centre #428, Delhi PC-1",Rural Engineering Services,1196420,2025-12-30,Completed,2026-06-06,False,
W003363,MP0503,Dinesh Bhatt,Delhi,Delhi PC-1,Delhi District 1,Anganwadi Centre,"Anganwadi Centre near Temple Road #977, Delhi PC-1",Block Development Office,575154,2026-03-23,Completed,2026-07-17,False,
W003364,MP0503,Dinesh Bhatt,Delhi,Delhi PC-1,Delhi District 1,Anganwadi Centre,"Anganwadi Centre near Railway Crossing #32, Delhi PC-1",Municipal Corporation,610988,2025-12-10,Completed,2026-03-21,False,
W003365,MP0503,Dinesh Bhatt,Delhi,Delhi PC-1,Delhi District 1,Streetlight Installation,"Streetlight Installation near Temple Road #182, Delhi PC-1",Rural Engineering Services,216020,2025-06-03,Completed,2025-07-29,False,
W003366,MP0503,Dinesh Bhatt,Delhi,Delhi PC-1,Delhi District 1,Streetlight Installation,"Streetlight Installation near Panchayat Bhavan #188, Delhi PC-1",Municipal Corporation,344251,2024-10-16,Completed,2024-12-02,False,
W003367,MP0503,Dinesh Bhatt,Delhi,Delhi PC-1,Delhi District 1,Public Toilet Complex,"Public Toilet Complex near Bus Stand #539, Delhi PC-1",Municipal Corporation,303964,2025-02-21,Completed,2025-04-14,False,
W003368,MP0503,Dinesh Bhatt,Delhi,Delhi PC-1,Delhi District 1,Drinking Water Supply,"Drinking Water Supply in Sector 4 #584, Delhi PC-1",State Electricity Board,800000,2026-06-18,Completed,2026-06-21,True,impossible_speed
W003369,MP0504,Raj Mehta,Delhi,Delhi PC-2,Delhi District 1,Irrigation Canal,"Irrigation Canal near Temple Road #364, Delhi PC-2",Rural Engineering Services,1728844,2024-12-06,Completed,2025-08-02,False,
W003370,MP0504,Raj Mehta,Delhi,Delhi PC-2,Delhi District 1,Road Construction/Repair,"Road Construction/Repair at Main Chowk #34, Delhi PC-2",State Water Board,1489746,2025-11-18,Completed,2026-06-20,False,
W003371,MP0504,Raj Mehta,Delhi,Delhi PC-2,Delhi District 1,Drainage/Sewage,"Drainage/Sewage at Market Road #582, Delhi PC-2",Rural Engineering Services,789111,2025-05-14,Completed,2025-08-24,False,
W003372,MP0504,Raj Mehta,Delhi,Delhi PC-2,Delhi District 1,Community Hall,"Community Hall near Railway Crossing #416, Delhi PC-2",Block Development Office,1754892,2025-03-14,Completed,2025-10-23,False,
W003373,MP0504,Raj Mehta,Delhi,Delhi PC-2,Delhi District 1,School Building/Classroom,"School Building/Classroom at Colony Gate #186, Delhi PC-2",Rural Engineering Services,1127511,2025-12-26,Completed,2026-06-04,False,
W003374,MP0504,Raj Mehta,Delhi,Delhi PC-2,Delhi District 1,Road Construction/Repair,"Road Construction/Repair at Ward 3 #138, Delhi PC-2",Zilla Panchayat,1389110,2026-01-03,Completed,2026-06-04,False,
W003375,MP0504,Raj Mehta,Delhi,Delhi PC-2,Delhi District 1,Drainage/Sewage,"Drainage/Sewage at Main Chowk #595, Delhi PC-2",PWD Division,734746,2025-03-05,Completed,2025-06-27,False,
W003376,MP0504,Raj Mehta,Delhi,Delhi PC-2,Delhi District 1,Drinking Water Supply,"Drinking Water Supply at Village Entry Point #611, Delhi PC-2",State Electricity Board,894194,2025-06-15,Completed,2025-09-02,False,
W003377,MP0504,Raj Mehta,Delhi,Delhi PC-2,Delhi District 1,Anganwadi Centre,"Anganwadi Centre at Ward 3 #639, Delhi PC-2",District Rural Dev. Agency,556971,2026-03-25,Completed,2026-07-13,False,
W003378,MP0505,Ashok Deshmukh,Delhi,Delhi PC-3,Delhi District 1,Road Construction/Repair,"Road Construction/Repair in Sector 4 #941, Delhi PC-3",Municipal Corporation,1301574,2025-03-22,Completed,2025-07-16,False,
W003379,MP0505,Ashok Deshmukh,Delhi,Delhi PC-3,Delhi District 1,Road Construction/Repair,"Road Construction/Repair at Main Chowk #452, Delhi PC-3",District Rural Dev. Agency,1216877,2025-08-05,Completed,2026-01-08,False,
W003380,MP0505,Ashok Deshmukh,Delhi,Delhi PC-3,Delhi District 1,Drinking Water Supply,"Drinking Water Supply in Sector 4 #273, Delhi PC-3",Rural Engineering Services,879265,2026-04-18,Completed,2026-08-10,False,
W003381,MP0505,Ashok Deshmukh,Delhi,Delhi PC-3,Delhi District 1,Anganwadi Centre,"Anganwadi Centre near Community Centre #447, Delhi PC-3",District Rural Dev. Agency,703813,2025-07-24,Completed,2025-09-25,False,
W003382,MP0505,Ashok Deshmukh,Delhi,Delhi PC-3,Delhi District 1,Anganwadi Centre,"Anganwadi Centre at Ward 3 #169, Delhi PC-3",Municipal Corporation,519462,2026-03-12,Completed,2026-06-06,False,
W003383,MP0505,Ashok Deshmukh,Delhi,Delhi PC-3,Delhi District 1,Irrigation Canal,"Irrigation Canal at Market Road #811, Delhi PC-3",Municipal Corporation,1813181,2025-06-06,Completed,2025-11-28,False,
W003384,MP0505,Ashok Deshmukh,Delhi,Delhi PC-3,Delhi District 1,Health Sub-Centre Upgrade,"Health Sub-Centre Upgrade at Market Road #13, Delhi PC-3",Block Development Office,992421,2025-02-17,Completed,2025-06-17,False,
W003385,MP0506,Vikram Rao,Delhi,Delhi PC-4,Delhi District 1,Road Construction/Repair,"Road Construction/Repair near Railway Crossing #403, Delhi PC-4",Zilla Panchayat,1053718,2025-12-23,Completed,2026-04-11,False,
W003386,MP0506,Vikram Rao,Delhi,Delhi PC-4,Delhi District 1,Drainage/Sewage,"Drainage/Sewage at Colony Gate #401, Delhi PC-4",Rural Engineering Services,667282,2025-05-10,Completed,2025-07-27,False,
W003387,MP0506,Vikram Rao,Delhi,Delhi PC-4,Delhi District 1,School Building/Classroom,"School Building/Classroom near Panchayat Bhavan #731, Delhi PC-4",State Electricity Board,1984413,2024-09-10,Completed,2025-03-09,False,
W003388,MP0506,Vikram Rao,Delhi,Delhi PC-4,Delhi District 1,Irrigation Canal,"Irrigation Canal near Govt School #209, Delhi PC-4",PWD Division,1759081,2025-07-24,Completed,2026-03-03,False,
W003389,MP0506,Vikram Rao,Delhi,Delhi PC-4,Delhi District 1,Streetlight Installation,"Streetlight Installation at Colony Gate #46, Delhi PC-4",State Electricity Board,226736,2025-02-17,Completed,2025-04-09,False,
W003390,MP0506,Vikram Rao,Delhi,Delhi PC-4,Delhi District 1,Drinking Water Supply,"Drinking Water Supply near Govt School #644, Delhi PC-4",Municipal Corporation,1001301,2026-07-08,Ongoing,,False,
W003391,MP0506,Vikram Rao,Delhi,Delhi PC-4,Delhi District 1,Public Toilet Complex,"Public Toilet Complex near Primary Health Centre #865, Delhi PC-4",Block Development Office,491537,2025-04-01,Completed,2025-05-21,False,
W003392,MP0507,Shobha Choudhary,Delhi,Delhi PC-5,Delhi District 2,Public Toilet Complex,"Public Toilet Complex near Govt School #112, Delhi PC-5",State Water Board,438509,2024-08-27,Completed,2024-10-08,False,
W003393,MP0507,Shobha Choudhary,Delhi,Delhi PC-5,Delhi District 2,Anganwadi Centre,"Anganwadi Centre in Ward 12 #323, Delhi PC-5",Rural Engineering Services,725244,2025-09-14,Completed,2025-12-12,False,
W003394,MP0507,Shobha Choudhary,Delhi,Delhi PC-5,Delhi District 2,Community Hall,"Community Hall at Ward 3 #501, Delhi PC-5",Block Development Office,1966417,2025-11-27,Completed,2026-08-17,False,
W003395,MP0507,Shobha Choudhary,Delhi,Delhi PC-5,Delhi District 2,Public Toilet Complex,"Public Toilet Complex near Community Centre #424, Delhi PC-5",Block Development Office,342099,2025-08-18,Completed,2025-10-22,False,
W003396,MP0507,Shobha Choudhary,Delhi,Delhi PC-5,Delhi District 2,Health Sub-Centre Upgrade,"Health Sub-Centre Upgrade near Govt School #864, Delhi PC-5",State Electricity Board,896005,2024-07-28,Completed,2025-01-09,False,
W003397,MP0507,Shobha Choudhary,Delhi,Delhi PC-5,Delhi District 2,Community Hall,"Community Hall at Village Entry Point #167, Delhi PC-5",Block Development Office,2711722,2025-12-27,Completed,2026-07-23,False,
W003398,MP0507,Shobha Choudhary,Delhi,Delhi PC-5,Delhi District 2,Drinking Water Supply,"Drinking Water Supply near Primary Health Centre #931, Delhi PC-5",District Rural Dev. Agency,728217,2026-04-09,Completed,2026-07-15,False,
W003399,MP0507,Shobha Choudhary,Delhi,Delhi PC-5,Delhi District 2,Public Toilet Complex,"Public Toilet Complex near Panchayat Bhavan #728, Delhi PC-5",State Electricity Board,347768,2024-09-08,Completed,2024-10-28,False,
W003400,MP0507,Shobha Choudhary,Delhi,Delhi PC-5,Delhi District 2,Drinking Water Supply,"Drinking Water Supply in Ward 7 #772, Delhi PC-5",Municipal Corporation,850651,2025-05-20,Completed,2025-07-17,False,
W003401,MP0508,Satish Mishra,Delhi,Delhi PC-6,Delhi District 2,Community Hall,"Community Hall in Ward 7 #427, Delhi PC-6",Rural Engineering Services,2400443,2024-12-19,Completed,2025-08-21,False,
W003402,MP0508,Satish Mishra,Delhi,Delhi PC-6,Delhi District 2,Irrigation Canal,"Irrigation Canal near Primary Health Centre #186, Delhi PC-6",Zilla Panchayat,1546350,2025-01-28,Completed,2025-08-01,False,
W003403,MP0508,Satish Mishra,Delhi,Delhi PC-6,Delhi District 2,Anganwadi Centre,"Anganwadi Centre in Ward 12 #194, Delhi PC-6",PWD Division,691348,2025-05-30,Completed,2025-09-19,False,
W003404,MP0508,Satish Mishra,Delhi,Delhi PC-6,Delhi District 2,Drinking Water Supply,"Drinking Water Supply near Community Centre #124, Delhi PC-6",Block Development Office,695858,2024-11-26,Completed,2025-02-13,False,
W003405,MP0508,Satish Mishra,Delhi,Delhi PC-6,Delhi District 2,Community Hall,"Community Hall in Sector 4 #54, Delhi PC-6",PWD Division,2629954,2025-10-15,Completed,2026-04-13,False,
W003406,MP0508,Satish Mishra,Delhi,Delhi PC-6,Delhi District 2,Irrigation Canal,"Irrigation Canal near Primary Health Centre #92, Delhi PC-6",District Rural Dev. Agency,1773110,2025-08-15,Completed,2026-03-12,False,
W003407,MP0508,Satish Mishra,Delhi,Delhi PC-6,Delhi District 2,Health Sub-Centre Upgrade,"Health Sub-Centre Upgrade at Main Chowk #113, Delhi PC-6",District Rural Dev. Agency,1101290,2025-09-18,Completed,2026-02-22,False,
W003408,MP0508,Satish Mishra,Delhi,Delhi PC-6,Delhi District 2,Irrigation Canal,"Irrigation Canal near Govt School #971, Delhi PC-6",State Electricity Board,2006569,2026-01-02,Completed,2026-06-26,False,
W003409,MP0509,Sunita Rathore,Delhi,Delhi PC-7,Delhi District 2,Public Toilet Complex,"Public Toilet Complex at Village Entry Point #792, Delhi PC-7",Zilla Panchayat,388899,2025-05-24,Completed,2025-06-25,False,
W003410,MP0509,Sunita Rathore,Delhi,Delhi PC-7,Delhi District 2,Streetlight Installation,"Streetlight Installation at Market Road #749, Delhi PC-7",Zilla Panchayat,358181,2025-09-28,Completed,2025-10-25,False,
W003411,MP0509,Sunita Rathore,Delhi,Delhi PC-7,Delhi District 2,Anganwadi Centre,"Anganwadi Centre at Ward 3 #348, Delhi PC-7",Rural Engineering Services,609343,2025-07-04,Completed,2025-10-10,False,
W003412,MP0509,Sunita Rathore,Delhi,Delhi PC-7,Delhi District 2,Public Toilet Complex,"Public Toilet Complex near Bus Stand #510, Delhi PC-7",Block Development Office,326593,2026-04-08,Completed,2026-05-29,False,
W003413,MP0509,Sunita Rathore,Delhi,Delhi PC-7,Delhi District 2,School Building/Classroom,"School Building/Classroom in Sector 4 #954, Delhi PC-7",Block Development Office,1316951,2025-10-10,Completed,2026-03-14,False,
W003414,MP0509,Sunita Rathore,Delhi,Delhi PC-7,Delhi District 2,Drainage/Sewage,"Drainage/Sewage near Govt School #853, Delhi PC-7",Municipal Corporation,678852,2025-11-28,Completed,2026-02-24,False,
W003415,MP0509,Sunita Rathore,Delhi,Delhi PC-7,Delhi District 2,School Building/Classroom,"School Building/Classroom near Community Centre #373, Delhi PC-7",Rural Engineering Services,1495299,2025-05-25,Completed,2025-11-12,False,
W003416,MP0510,Mahesh Pandey,Jammu and Kashmir,Jammu and Kashmir PC-1,Jammu and Kashmir District 1,School Building/Classroom,"School Building/Classroom near Railway Crossing #605, Jammu and Kashmir PC-1",Municipal Corporation,1810624,2024-11-30,Completed,2025-05-25,False,
W003417,MP0510,Mahesh Pandey,Jammu and Kashmir,Jammu and Kashmir PC-1,Jammu and Kashmir District 1,Health Sub-Centre Upgrade,"Health Sub-Centre Upgrade near Railway Crossing #578, Jammu and Kashmir PC-1",Rural Engineering Services,1015832,2025-02-04,Completed,2025-06-09,False,
W003418,MP0510,Mahesh Pandey,Jammu and Kashmir,Jammu and Kashmir PC-1,Jammu and Kashmir District 1,School Building/Classroom,"School Building/Classroom near Govt School #289, Jammu and Kashmir PC-1",State Electricity Board,1292181,2025-05-02,Completed,2025-08-14,False,
W003419,MP0510,Mahesh Pandey,Jammu and Kashmir,Jammu and Kashmir PC-1,Jammu and Kashmir District 1,Drinking Water Supply,"Drinking Water Supply at Colony Gate #702, Jammu and Kashmir PC-1",PWD Division,795251,2025-08-08,Completed,2025-11-19,False,
W003420,MP0510,Mahesh Pandey,Jammu and Kashmir,Jammu and Kashmir PC-1,Jammu and Kashmir District 1,Health Sub-Centre Upgrade,"Health Sub-Centre Upgrade near Railway Crossing #578, Jammu and Kashmir PC-1 (Phase II)",Rural Engineering Services,887379,2025-03-05,Sanctioned,,True,duplicate_work
W003421,MP0511,Anil Rao,Jammu and Kashmir,Jammu and Kashmir PC-2,Jammu and Kashmir District 1,Community Hall,"Community Hall in Ward 12 #371, Jammu and Kashmir PC-2",State Electricity Board,1815016,2025-04-22,Completed,2025-09-30,False,
W003422,MP0511,Anil Rao,Jammu and Kashmir,Jammu and Kashmir PC-2,Jammu and Kashmir District 1,Irrigation Canal,"Irrigation Canal near Railway Crossing #939, Jammu and Kashmir PC-2",State Electricity Board,2416638,2025-01-21,Completed,2025-07-14,False,
W003423,MP0511,Anil Rao,Jammu and Kashmir,Jammu and Kashmir PC-2,Jammu and Kashmir District 1,Drinking Water Supply,"Drinking Water Supply at Ward 3 #107, Jammu and Kashmir PC-2",State Electricity Board,859289,2025-09-28,Completed,2026-02-11,False,
W003424,MP0511,Anil Rao,Jammu and Kashmir,Jammu and Kashmir PC-2,Jammu and Kashmir District 1,Health Sub-Centre Upgrade,"Health Sub-Centre Upgrade at Main Chowk #561, Jammu and Kashmir PC-2",District Rural Dev. Agency,1255681,2025-08-08,Completed,2025-12-25,False,
W003425,MP0511,Anil Rao,Jammu and Kashmir,Jammu and Kashmir PC-2,Jammu and Kashmir District 1,Anganwadi Centre,"Anganwadi Centre at Ward 3 #274, Jammu and Kashmir PC-2",Municipal Corporation,495197,2025-05-02,Completed,2025-09-05,False,
W003426,MP0512,Sunita Reddy,Jammu and Kashmir,Jammu and Kashmir PC-3,Jammu and Kashmir District 1,School Building/Classroom,"School Building/Classroom near Primary Health Centre #338, Jammu and Kashmir PC-3",Rural Engineering Services,1174155,2025-10-03,Completed,2026-03-08,False,
W003427,MP0512,Sunita Reddy,Jammu and Kashmir,Jammu and Kashmir PC-3,Jammu and Kashmir District 1,Irrigation Canal,"Irrigation Canal near Community Centre #352, Jammu and Kashmir PC-3",State Electricity Board,1993334,2026-04-28,Ongoing,,False,
W003428,MP0512,Sunita Reddy,Jammu and Kashmir,Jammu and Kashmir PC-3,Jammu and Kashmir District 1,Community Hall,"Community Hall near Bus Stand #936, Jammu and Kashmir PC-3",PWD Division,2211057,2025-09-07,Completed,2026-03-30,False,
W003429,MP0512,Sunita Reddy,Jammu and Kashmir,Jammu and Kashmir PC-3,Jammu and Kashmir District 1,Anganwadi Centre,"Anganwadi Centre near Primary Health Centre #168, Jammu and Kashmir PC-3",Municipal Corporation,466178,2025-04-21,Completed,2025-08-09,False,
W003430,MP0512,Sunita Reddy,Jammu and Kashmir,Jammu and Kashmir PC-3,Jammu and Kashmir District 1,Streetlight Installation,"Streetlight Installation at Ward 3 #169, Jammu and Kashmir PC-3",Rural Engineering Services,297212,2025-06-12,Completed,2025-08-03,False,
W003431,MP0512,Sunita Reddy,Jammu and Kashmir,Jammu and Kashmir PC-3,Jammu and Kashmir District 1,Drainage/Sewage,"Drainage/Sewage near Railway Crossing #717, Jammu and Kashmir PC-3",Block Development Office,632931,2025-07-30,Completed,2025-12-21,False,
W003432,MP0512,Sunita Reddy,Jammu and Kashmir,Jammu and Kashmir PC-3,Jammu and Kashmir District 1,Irrigation Canal,"Irrigation Canal in Sector 4 #707, Jammu and Kashmir PC-3",Zilla Panchayat,1988922,2025-10-15,Completed,2026-03-17,False,
W003433,MP0512,Sunita Reddy,Jammu and Kashmir,Jammu and Kashmir PC-3,Jammu and Kashmir District 1,Streetlight Installation,"Streetlight Installation at Main Chowk #614, Jammu and Kashmir PC-3",Block Development Office,280345,2026-03-12,Completed,2026-05-02,False,
W003434,MP0512,Sunita Reddy,Jammu and Kashmir,Jammu and Kashmir PC-3,Jammu and Kashmir District 1,Health Sub-Centre Upgrade,"Health Sub-Centre Upgrade near Temple Road #422, Jammu and Kashmir PC-3",State Electricity Board,940982,2025-05-20,Completed,2025-10-10,False,
W003435,MP0513,Kiran Chatterjee,Jammu and Kashmir,Jammu and Kashmir PC-4,Jammu and Kashmir District 1,Streetlight Installation,"Streetlight Installation in Ward 12 #602, Jammu and Kashmir PC-4",Zilla Panchayat,339456,2025-12-26,Completed,2026-02-07,False,
W003436,MP0513,Kiran Chatterjee,Jammu and Kashmir,Jammu and Kashmir PC-4,Jammu and Kashmir District 1,Community Hall,"Community Hall near Community Centre #51, Jammu and Kashmir PC-4",PWD Division,1870611,2025-04-11,Completed,2025-10-18,False,
W003437,MP0513,Kiran Chatterjee,Jammu and Kashmir,Jammu and Kashmir PC-4,Jammu and Kashmir District 1,School Building/Classroom,"School Building/Classroom in Sector 4 #888, Jammu and Kashmir PC-4",Block Development Office,1342237,2025-01-21,Completed,2025-07-22,False,
W003438,MP0513,Kiran Chatterjee,Jammu and Kashmir,Jammu and Kashmir PC-4,Jammu and Kashmir District 1,Streetlight Installation,"Streetlight Installation near Govt School #251, Jammu and Kashmir PC-4",District Rural Dev. Agency,295528,2025-04-11,Completed,2025-06-08,False,
W003439,MP0513,Kiran Chatterjee,Jammu and Kashmir,Jammu and Kashmir PC-4,Jammu and Kashmir District 1,Drinking Water Supply,"Drinking Water Supply near Govt School #275, Jammu and Kashmir PC-4",Block Development Office,743349,2025-10-29,Completed,2026-01-26,False,
W003440,MP0513,Kiran Chatterjee,Jammu and Kashmir,Jammu and Kashmir PC-4,Jammu and Kashmir District 1,Road Construction/Repair,"Road Construction/Repair near Primary Health Centre #371, Jammu and Kashmir PC-4",Municipal Corporation,1508684,2025-06-02,Completed,2025-10-24,False,
W003441,MP0513,Kiran Chatterjee,Jammu and Kashmir,Jammu and Kashmir PC-4,Jammu and Kashmir District 1,Drainage/Sewage,"Drainage/Sewage near Temple Road #377, Jammu and Kashmir PC-4",Municipal Corporation,700000,2024-07-01,Ongoing,,True,stuck_ongoing
W003442,MP0514,Sanjeev Pillai,Jammu and Kashmir,Jammu and Kashmir PC-5,Jammu and Kashmir District 2,Drainage/Sewage,"Drainage/Sewage near Community Centre #13, Jammu and Kashmir PC-5",Zilla Panchayat,649955,2024-07-26,Completed,2024-10-19,False,
W003443,MP0514,Sanjeev Pillai,Jammu and Kashmir,Jammu and Kashmir PC-5,Jammu and Kashmir District 2,Irrigation Canal,"Irrigation Canal near Temple Road #420, Jammu and Kashmir PC-5",Block Development Office,1431842,2026-01-19,Completed,2026-08-02,False,
W003444,MP0514,Sanjeev Pillai,Jammu and Kashmir,Jammu and Kashmir PC-5,Jammu and Kashmir District 2,Drainage/Sewage,"Drainage/Sewage near Railway Crossing #541, Jammu and Kashmir PC-5",State Water Board,763696,2026-02-14,Completed,2026-05-15,False,
W003445,MP0514,Sanjeev Pillai,Jammu and Kashmir,Jammu and Kashmir PC-5,Jammu and Kashmir District 2,Drainage/Sewage,"Drainage/Sewage near Railway Crossing #680, Jammu and Kashmir PC-5",Zilla Panchayat,600661,2025-08-15,Completed,2025-10-30,False,
W003446,MP0514,Sanjeev Pillai,Jammu and Kashmir,Jammu and Kashmir PC-5,Jammu and Kashmir District 2,Public Toilet Complex,"Public Toilet Complex near Community Centre #551, Jammu and Kashmir PC-5",State Water Board,435788,2025-11-06,Completed,2026-01-01,False,
W003447,MP0514,Sanjeev Pillai,Jammu and Kashmir,Jammu and Kashmir PC-5,Jammu and Kashmir District 2,Drinking Water Supply,"Drinking Water Supply near Primary Health Centre #813, Jammu and Kashmir PC-5",PWD Division,456503,2025-08-12,Completed,2025-12-07,False,
W003448,MP0514,Sanjeev Pillai,Jammu and Kashmir,Jammu and Kashmir PC-5,Jammu and Kashmir District 2,Drainage/Sewage,"Drainage/Sewage near Primary Health Centre #671, Jammu and Kashmir PC-5",Rural Engineering Services,597734,2025-05-24,Completed,2025-08-30,False,
W003449,MP0514,Sanjeev Pillai,Jammu and Kashmir,Jammu and Kashmir PC-5,Jammu and Kashmir District 2,Irrigation Canal,"Irrigation Canal near Railway Crossing #238, Jammu and Kashmir PC-5",Zilla Panchayat,1854973,2025-02-09,Completed,2025-09-29,False,
W003450,MP0515,Meena Gupta,Uttarakhand,Uttarakhand PC-1,Uttarakhand District 1,Road Construction/Repair,"Road Construction/Repair near Primary Health Centre #508, Uttarakhand PC-1",Rural Engineering Services,1340692,2024-07-25,Completed,2025-01-14,False,
W003451,MP0515,Meena Gupta,Uttarakhand,Uttarakhand PC-1,Uttarakhand District 1,Road Construction/Repair,"Road Construction/Repair near Panchayat Bhavan #126, Uttarakhand PC-1",State Electricity Board,1254014,2025-05-10,Completed,2025-09-14,False,
W003452,MP0515,Meena Gupta,Uttarakhand,Uttarakhand PC-1,Uttarakhand District 1,Public Toilet Complex,"Public Toilet Complex near Temple Road #713, Uttarakhand PC-1",State Electricity Board,275215,2025-10-21,Completed,2025-12-26,False,
W003453,MP0515,Meena Gupta,Uttarakhand,Uttarakhand PC-1,Uttarakhand District 1,Community Hall,"Community Hall near Temple Road #201, Uttarakhand PC-1",Municipal Corporation,2181136,2024-09-05,Completed,2025-02-14,False,
W003454,MP0515,Meena Gupta,Uttarakhand,Uttarakhand PC-1,Uttarakhand District 1,Health Sub-Centre Upgrade,"Health Sub-Centre Upgrade at Main Chowk #976, Uttarakhand PC-1",PWD Division,1057839,2026-06-06,Ongoing,,False,
W003455,MP0515,Meena Gupta,Uttarakhand,Uttarakhand PC-1,Uttarakhand District 1,Community Hall,"Community Hall near Bus Depot #283, Uttarakhand PC-1",State Electricity Board,1851953,2025-05-07,Completed,2025-11-10,False,
W003456,MP0515,Meena Gupta,Uttarakhand,Uttarakhand PC-1,Uttarakhand District 1,Road Construction/Repair,"Road Construction/Repair in Sector 4 #155, Uttarakhand PC-1",Rural Engineering Services,914776,2024-09-13,Completed,2025-01-22,False,
W003457,MP0515,Meena Gupta,Uttarakhand,Uttarakhand PC-1,Uttarakhand District 1,Community Hall,"Community Hall near Govt School #793, Uttarakhand PC-1",Municipal Corporation,1510320,2025-04-14,Completed,2025-11-20,False,
W003458,MP0515,Meena Gupta,Uttarakhand,Uttarakhand PC-1,Uttarakhand District 1,Irrigation Canal,"Irrigation Canal at Market Road #620, Uttarakhand PC-1",Zilla Panchayat,1650161,2025-01-13,Completed,2025-09-24,False,
W003459,MP0516,Deepak Naidu,Uttarakhand,Uttarakhand PC-2,Uttarakhand District 1,Health Sub-Centre Upgrade,"Health Sub-Centre Upgrade in Sector 4 #626, Uttarakhand PC-2",District Rural Dev. Agency,881300,2025-04-24,Completed,2026-01-06,False,
W003460,MP0516,Deepak Naidu,Uttarakhand,Uttarakhand PC-2,Uttarakhand District 1,School Building/Classroom,"School Building/Classroom at Ward 3 #751, Uttarakhand PC-2",State Electricity Board,1368994,2026-02-04,Completed,2026-05-28,False,
W003461,MP0516,Deepak Naidu,Uttarakhand,Uttarakhand PC-2,Uttarakhand District 1,School Building/Classroom,"School Building/Classroom in Sector 4 #937, Uttarakhand PC-2",District Rural Dev. Agency,1624370,2025-11-13,Completed,2026-03-10,False,
W003462,MP0516,Deepak Naidu,Uttarakhand,Uttarakhand PC-2,Uttarakhand District 1,School Building/Classroom,"School Building/Classroom at Main Chowk #937, Uttarakhand PC-2",State Electricity Board,2025292,2025-01-15,Completed,2025-08-04,False,
W003463,MP0516,Deepak Naidu,Uttarakhand,Uttarakhand PC-2,Uttarakhand District 1,Community Hall,"Community Hall near Temple Road #478, Uttarakhand PC-2",Municipal Corporation,2099921,2026-04-06,Ongoing,,False,
W003464,MP0516,Deepak Naidu,Uttarakhand,Uttarakhand PC-2,Uttarakhand District 1,Community Hall,"Community Hall near Community Centre #729, Uttarakhand PC-2",Block Development Office,2108310,2025-09-04,Completed,2026-03-25,False,
W003465,MP0516,Deepak Naidu,Uttarakhand,Uttarakhand PC-2,Uttarakhand District 1,Road Construction/Repair,"Road Construction/Repair near Bus Depot #547, Uttarakhand PC-2",State Electricity Board,1173929,2025-07-14,Completed,2025-12-26,False,
W003466,MP0516,Deepak Naidu,Uttarakhand,Uttarakhand PC-2,Uttarakhand District 1,Health Sub-Centre Upgrade,"Health Sub-Centre Upgrade near Temple Road #292, Uttarakhand PC-2",Zilla Panchayat,3906169,2025-04-19,Sanctioned,,True,cost_outlier
W003467,MP0517,Vijay Barman,Uttarakhand,Uttarakhand PC-3,Uttarakhand District 1,Community Hall,"Community Hall at Village Entry Point #445, Uttarakhand PC-3",Rural Engineering Services,1538477,2025-11-09,Completed,2026-06-13,False,
W003468,MP0517,Vijay Barman,Uttarakhand,Uttarakhand PC-3,Uttarakhand District 1,Community Hall,"Community Hall at Ward 3 #772, Uttarakhand PC-3",PWD Division,2138179,2024-10-01,Completed,2025-04-29,False,
W003469,MP0517,Vijay Barman,Uttarakhand,Uttarakhand PC-3,Uttarakhand District 1,Drinking Water Supply,"Drinking Water Supply near Govt School #370, Uttarakhand PC-3",Rural Engineering Services,856979,2024-12-07,Completed,2025-04-03,False,
W003470,MP0517,Vijay Barman,Uttarakhand,Uttarakhand PC-3,Uttarakhand District 1,School Building/Classroom,"School Building/Classroom near Primary Health Centre #662, Uttarakhand PC-3",Municipal Corporation,1982467,2025-08-20,Completed,2026-01-05,False,
W003471,MP0517,Vijay Barman,Uttarakhand,Uttarakhand PC-3,Uttarakhand District 1,Anganwadi Centre,"Anganwadi Centre in Sector 4 #867, Uttarakhand PC-3",Municipal Corporation,558326,2025-12-31,Completed,2026-05-09,False,
W003472,MP0517,Vijay Barman,Uttarakhand,Uttarakhand PC-3,Uttarakhand District 1,Road Construction/Repair,"Road Construction/Repair near Govt School #687, Uttarakhand PC-3",Rural Engineering Services,1417017,2025-12-10,Completed,2026-04-04,False,
W003473,MP0517,Vijay Barman,Uttarakhand,Uttarakhand PC-3,Uttarakhand District 1,Streetlight Installation,"Streetlight Installation at Colony Gate #837, Uttarakhand PC-3",Municipal Corporation,272611,2025-12-29,Completed,2026-02-04,False,
W003474,MP0518,Suresh Das,Uttarakhand,Uttarakhand PC-4,Uttarakhand District 1,Drinking Water Supply,"Drinking Water Supply at Main Chowk #499, Uttarakhand PC-4",State Electricity Board,767338,2025-08-11,Completed,2025-10-22,False,
W003475,MP0518,Suresh Das,Uttarakhand,Uttarakhand PC-4,Uttarakhand District 1,Drainage/Sewage,"Drainage/Sewage near Panchayat Bhavan #648, Uttarakhand PC-4",Block Development Office,705253,2025-11-07,Completed,2026-01-20,False,
W003476,MP0518,Suresh Das,Uttarakhand,Uttarakhand PC-4,Uttarakhand District 1,Road Construction/Repair,"Road Construction/Repair near Railway Crossing #389, Uttarakhand PC-4",PWD Division,1403624,2025-03-06,Completed,2025-08-21,False,
W003477,MP0518,Suresh Das,Uttarakhand,Uttarakhand PC-4,Uttarakhand District 1,Health Sub-Centre Upgrade,"Health Sub-Centre Upgrade at Market Road #817, Uttarakhand PC-4",State Water Board,869122,2025-12-21,Ongoing,,False,
W003478,MP0518,Suresh Das,Uttarakhand,Uttarakhand PC-4,Uttarakhand District 1,Streetlight Installation,"Streetlight Installation near Primary Health Centre #857, Uttarakhand PC-4",Zilla Panchayat,260109,2025-12-06,Completed,2026-02-04,False,
W003479,MP0518,Suresh Das,Uttarakhand,Uttarakhand PC-4,Uttarakhand District 1,Irrigation Canal,"Irrigation Canal near Govt School #427, Uttarakhand PC-4",District Rural Dev. Agency,2104688,2024-09-05,Completed,2025-03-14,False,
W003480,MP0518,Suresh Das,Uttarakhand,Uttarakhand PC-4,Uttarakhand District 1,School Building/Classroom,"School Building/Classroom in Sector 4 #895, Uttarakhand PC-4",District Rural Dev. Agency,1771344,2024-10-09,Completed,2025-01-27,False,
W003481,MP0518,Suresh Das,Uttarakhand,Uttarakhand PC-4,Uttarakhand District 1,Health Sub-Centre Upgrade,"Health Sub-Centre Upgrade near Primary Health Centre #44, Uttarakhand PC-4",District Rural Dev. Agency,1049660,2026-04-01,Ongoing,,False,
W003482,MP0518,Suresh Das,Uttarakhand,Uttarakhand PC-4,Uttarakhand District 1,School Building/Classroom,"School Building/Classroom at Colony Gate #298, Uttarakhand PC-4",PWD Division,1175947,2024-12-31,Completed,2025-07-03,False,
W003483,MP0519,Ajay Reddy,Uttarakhand,Uttarakhand PC-5,Uttarakhand District 2,Anganwadi Centre,"Anganwadi Centre near Temple Road #500, Uttarakhand PC-5",Zilla Panchayat,674027,2025-09-02,Completed,2025-11-07,False,
W003484,MP0519,Ajay Reddy,Uttarakhand,Uttarakhand PC-5,Uttarakhand District 2,Health Sub-Centre Upgrade,"Health Sub-Centre Upgrade near Temple Road #979, Uttarakhand PC-5",State Water Board,1119166,2025-09-26,Completed,2026-02-18,False,
W003485,MP0519,Ajay Reddy,Uttarakhand,Uttarakhand PC-5,Uttarakhand District 2,School Building/Classroom,"School Building/Classroom in Ward 12 #951, Uttarakhand PC-5",State Electricity Board,1335842,2025-09-20,Completed,2026-02-27,False,
W003486,MP0519,Ajay Reddy,Uttarakhand,Uttarakhand PC-5,Uttarakhand District 2,Streetlight Installation,"Streetlight Installation at Market Road #498, Uttarakhand PC-5",PWD Division,247933,2025-09-18,Completed,2025-10-21,False,
W003487,MP0519,Ajay Reddy,Uttarakhand,Uttarakhand PC-5,Uttarakhand District 2,Health Sub-Centre Upgrade,"Health Sub-Centre Upgrade at Colony Gate #97, Uttarakhand PC-5",Rural Engineering Services,967810,2024-10-02,Completed,2025-03-13,False,
W003488,MP0519,Ajay Reddy,Uttarakhand,Uttarakhand PC-5,Uttarakhand District 2,Drinking Water Supply,"Drinking Water Supply near Community Centre #420, Uttarakhand PC-5",PWD Division,595056,2025-06-20,Completed,2025-09-24,False,
W003489,MP0519,Ajay Reddy,Uttarakhand,Uttarakhand PC-5,Uttarakhand District 2,Drinking Water Supply,"Drinking Water Supply at Market Road #788, Uttarakhand PC-5",Block Development Office,774255,2025-04-19,Completed,2025-08-11,False,
W003490,MP0519,Ajay Reddy,Uttarakhand,Uttarakhand PC-5,Uttarakhand District 2,Community Hall,"Community Hall at Village Entry Point #924, Uttarakhand PC-5",Municipal Corporation,1614917,2025-04-22,Completed,2025-10-11,False,
W003491,MP0520,Raj Choudhary,Himachal Pradesh,Himachal Pradesh PC-1,Himachal Pradesh District 1,Public Toilet Complex,"Public Toilet Complex near Railway Crossing #620, Himachal Pradesh PC-1",PWD Division,373479,2024-10-05,Completed,2024-11-25,False,
W003492,MP0520,Raj Choudhary,Himachal Pradesh,Himachal Pradesh PC-1,Himachal Pradesh District 1,Public Toilet Complex,"Public Toilet Complex near Govt School #755, Himachal Pradesh PC-1",Block Development Office,374228,2025-04-01,Completed,2025-05-22,False,
W003493,MP0520,Raj Choudhary,Himachal Pradesh,Himachal Pradesh PC-1,Himachal Pradesh District 1,Community Hall,"Community Hall near Temple Road #306, Himachal Pradesh PC-1",Zilla Panchayat,2000877,2026-01-30,Completed,2026-06-29,False,
W003494,MP0520,Raj Choudhary,Himachal Pradesh,Himachal Pradesh PC-1,Himachal Pradesh District 1,Community Hall,"Community Hall in Ward 7 #908, Himachal Pradesh PC-1",District Rural Dev. Agency,1957775,2026-04-24,Completed,2026-08-19,False,
W003495,MP0520,Raj Choudhary,Himachal Pradesh,Himachal Pradesh PC-1,Himachal Pradesh District 1,Community Hall,"Community Hall near Primary Health Centre #125, Himachal Pradesh PC-1",PWD Division,1926640,2025-01-14,Completed,2025-08-11,False,
W003496,MP0520,Raj Choudhary,Himachal Pradesh,Himachal Pradesh PC-1,Himachal Pradesh District 1,Anganwadi Centre,"Anganwadi Centre at Ward 3 #731, Himachal Pradesh PC-1",District Rural Dev. Agency,665482,2025-04-16,Completed,2025-07-23,False,
W003497,MP0521,Mahesh Choudhary,Himachal Pradesh,Himachal Pradesh PC-2,Himachal Pradesh District 1,School Building/Classroom,"School Building/Classroom near Panchayat Bhavan #85, Himachal Pradesh PC-2",PWD Division,1574108,2025-09-02,Completed,2025-12-09,False,
W003498,MP0521,Mahesh Choudhary,Himachal Pradesh,Himachal Pradesh PC-2,Himachal Pradesh District 1,Streetlight Installation,"Streetlight Installation near Temple Road #647, Himachal Pradesh PC-2",Rural Engineering Services,326524,2025-01-09,Completed,2025-02-15,False,
W003499,MP0521,Mahesh Choudhary,Himachal Pradesh,Himachal Pradesh PC-2,Himachal Pradesh District 1,Drinking Water Supply,"Drinking Water Supply at Village Entry Point #351, Himachal Pradesh PC-2",Rural Engineering Services,825466,2025-11-19,Completed,2026-03-08,False,
W003500,MP0521,Mahesh Choudhary,Himachal Pradesh,Himachal Pradesh PC-2,Himachal Pradesh District 1,Public Toilet Complex,"Public Toilet Complex at Main Chowk #936, Himachal Pradesh PC-2",State Water Board,479991,2024-08-11,Completed,2024-09-26,False,
W003501,MP0521,Mahesh Choudhary,Himachal Pradesh,Himachal Pradesh PC-2,Himachal Pradesh District 1,Road Construction/Repair,"Road Construction/Repair near Community Centre #853, Himachal Pradesh PC-2",Zilla Panchayat,1366040,2026-02-23,Ongoing,,False,
W003502,MP0521,Mahesh Choudhary,Himachal Pradesh,Himachal Pradesh PC-2,Himachal Pradesh District 1,Road Construction/Repair,"Road Construction/Repair at Colony Gate #835, Himachal Pradesh PC-2",PWD Division,1157521,2024-12-24,Completed,2025-05-23,False,
W003503,MP0521,Mahesh Choudhary,Himachal Pradesh,Himachal Pradesh PC-2,Himachal Pradesh District 1,Community Hall,"Community Hall at Market Road #108, Himachal Pradesh PC-2",Municipal Corporation,1758153,2025-12-09,Completed,2026-07-13,False,
W003504,MP0521,Mahesh Choudhary,Himachal Pradesh,Himachal Pradesh PC-2,Himachal Pradesh District 1,Streetlight Installation,"Streetlight Installation near Railway Crossing #179, Himachal Pradesh PC-2",State Electricity Board,224338,2025-05-07,Completed,2025-06-20,False,
W003505,MP0522,Deepak Sharma,Himachal Pradesh,Himachal Pradesh PC-3,Himachal Pradesh District 1,Drinking Water Supply,"Drinking Water Supply near Railway Crossing #446, Himachal Pradesh PC-3",PWD Division,640646,2026-07-19,Ongoing,,False,
W003506,MP0522,Deepak Sharma,Himachal Pradesh,Himachal Pradesh PC-3,Himachal Pradesh District 1,Road Construction/Repair,"Road Construction/Repair at Ward 3 #447, Himachal Pradesh PC-3",Block Development Office,1099545,2024-10-29,Completed,2025-02-17,False,
W003507,MP0522,Deepak Sharma,Himachal Pradesh,Himachal Pradesh PC-3,Himachal Pradesh District 1,Health Sub-Centre Upgrade,"Health Sub-Centre Upgrade at Ward 3 #709, Himachal Pradesh PC-3",State Water Board,1102363,2025-10-27,Completed,2026-04-17,False,
W003508,MP0522,Deepak Sharma,Himachal Pradesh,Himachal Pradesh PC-3,Himachal Pradesh District 1,Drinking Water Supply,"Drinking Water Supply near Govt School #681, Himachal Pradesh PC-3",Zilla Panchayat,689750,2025-01-25,Completed,2025-05-26,False,
W003509,MP0522,Deepak Sharma,Himachal Pradesh,Himachal Pradesh PC-3,Himachal Pradesh District 1,School Building/Classroom,"School Building/Classroom in Ward 12 #784, Himachal Pradesh PC-3",Municipal Corporation,1648425,2024-10-31,Completed,2025-04-18,False,
W003510,MP0522,Deepak Sharma,Himachal Pradesh,Himachal Pradesh PC-3,Himachal Pradesh District 1,Community Hall,"Community Hall near Bus Depot #69, Himachal Pradesh PC-3",Block Development Office,2188902,2025-10-18,Completed,2026-03-30,False,
W003511,MP0522,Deepak Sharma,Himachal Pradesh,Himachal Pradesh PC-3,Himachal Pradesh District 1,Community Hall,"Community Hall at Village Entry Point #474, Himachal Pradesh PC-3",PWD Division,1536310,2025-10-22,Completed,2026-05-09,False,
W003512,MP0523,Kiran Bhattacharya,Himachal Pradesh,Himachal Pradesh PC-4,Himachal Pradesh District 1,Community Hall,"Community Hall near Temple Road #573, Himachal Pradesh PC-4",Block Development Office,2283558,2024-12-03,Completed,2025-06-09,False,
W003513,MP0523,Kiran Bhattacharya,Himachal Pradesh,Himachal Pradesh PC-4,Himachal Pradesh District 1,Drinking Water Supply,"Drinking Water Supply at Market Road #160, Himachal Pradesh PC-4",PWD Division,950641,2025-09-27,Completed,2025-12-26,False,
W003514,MP0523,Kiran Bhattacharya,Himachal Pradesh,Himachal Pradesh PC-4,Himachal Pradesh District 1,Community Hall,"Community Hall near Railway Crossing #159, Himachal Pradesh PC-4",District Rural Dev. Agency,2102181,2025-11-18,Completed,2026-07-19,False,
W003515,MP0523,Kiran Bhattacharya,Himachal Pradesh,Himachal Pradesh PC-4,Himachal Pradesh District 1,Community Hall,"Community Hall near Railway Crossing #381, Himachal Pradesh PC-4",State Water Board,2370856,2025-12-01,Completed,2026-05-03,False,
W003516,MP0523,Kiran Bhattacharya,Himachal Pradesh,Himachal Pradesh PC-4,Himachal Pradesh District 1,Streetlight Installation,"Streetlight Installation near Panchayat Bhavan #890, Himachal Pradesh PC-4",PWD Division,276996,2026-04-18,Completed,2026-05-27,False,
W003517,MP0523,Kiran Bhattacharya,Himachal Pradesh,Himachal Pradesh PC-4,Himachal Pradesh District 1,Health Sub-Centre Upgrade,"Health Sub-Centre Upgrade near Govt School #623, Himachal Pradesh PC-4",District Rural Dev. Agency,1034346,2025-01-07,Completed,2025-07-23,False,
W003518,MP0523,Kiran Bhattacharya,Himachal Pradesh,Himachal Pradesh PC-4,Himachal Pradesh District 1,Drinking Water Supply,"Drinking Water Supply at Market Road #785, Himachal Pradesh PC-4",District Rural Dev. Agency,925229,2025-08-17,Completed,2025-10-26,False,
W003519,MP0523,Kiran Bhattacharya,Himachal Pradesh,Himachal Pradesh PC-4,Himachal Pradesh District 1,School Building/Classroom,"School Building/Classroom at Village Entry Point #812, Himachal Pradesh PC-4",PWD Division,1600475,2024-11-28,Completed,2025-05-24,False,
W003520,MP0524,Priya Nair,Goa,Goa PC-1,Goa District 1,Drinking Water Supply,"Drinking Water Supply near Community Centre #844, Goa PC-1",Municipal Corporation,659874,2025-07-02,Completed,2025-10-07,False,
W003521,MP0524,Priya Nair,Goa,Goa PC-1,Goa District 1,Irrigation Canal,"Irrigation Canal near Bus Depot #268, Goa PC-1",District Rural Dev. Agency,2235421,2025-12-30,Completed,2026-07-24,False,
W003522,MP0524,Priya Nair,Goa,Goa PC-1,Goa District 1,Irrigation Canal,"Irrigation Canal near Govt School #599, Goa PC-1",Municipal Corporation,1866705,2025-11-02,Ongoing,,False,
W003523,MP0524,Priya Nair,Goa,Goa PC-1,Goa District 1,School Building/Classroom,"School Building/Classroom near Temple Road #936, Goa PC-1",Municipal Corporation,1559094,2025-01-10,Completed,2025-05-21,False,
W003524,MP0524,Priya Nair,Goa,Goa PC-1,Goa District 1,Drainage/Sewage,"Drainage/Sewage at Market Road #80, Goa PC-1",District Rural Dev. Agency,752503,2025-01-05,Completed,2025-05-07,False,
W003525,MP0524,Priya Nair,Goa,Goa PC-1,Goa District 1,Irrigation Canal,"Irrigation Canal near Bus Depot #511, Goa PC-1",PWD Division,1903007,2025-07-18,Completed,2026-01-30,False,
W003526,MP0525,Vinod Das,Goa,Goa PC-2,Goa District 1,Anganwadi Centre,"Anganwadi Centre in Ward 7 #139, Goa PC-2",Rural Engineering Services,715154,2025-04-12,Completed,2025-09-03,False,
W003527,MP0525,Vinod Das,Goa,Goa PC-2,Goa District 1,Health Sub-Centre Upgrade,"Health Sub-Centre Upgrade near Railway Crossing #123, Goa PC-2",District Rural Dev. Agency,1057594,2024-08-01,Completed,2025-01-27,False,
W003528,MP0525,Vinod Das,Goa,Goa PC-2,Goa District 1,Streetlight Installation,"Streetlight Installation in Ward 7 #295, Goa PC-2",State Electricity Board,334325,2026-04-11,Completed,2026-05-28,False,
W003529,MP0525,Vinod Das,Goa,Goa PC-2,Goa District 1,Public Toilet Complex,"Public Toilet Complex at Colony Gate #174, Goa PC-2",District Rural Dev. Agency,507815,2026-02-22,Completed,2026-04-23,False,
W003530,MP0526,Lata Bhatt,Tripura,Tripura PC-1,Tripura District 1,Drainage/Sewage,"Drainage/Sewage in Sector 4 #480, Tripura PC-1",Municipal Corporation,650783,2025-08-16,Completed,2025-11-16,False,
W003531,MP0526,Lata Bhatt,Tripura,Tripura PC-1,Tripura District 1,Anganwadi Centre,"Anganwadi Centre near Bus Depot #467, Tripura PC-1",Block Development Office,638257,2025-04-27,Completed,2025-07-19,False,
W003532,MP0526,Lata Bhatt,Tripura,Tripura PC-1,Tripura District 1,Anganwadi Centre,"Anganwadi Centre in Ward 7 #268, Tripura PC-1",State Electricity Board,577916,2024-12-23,Completed,2025-03-23,False,
W003533,MP0526,Lata Bhatt,Tripura,Tripura PC-1,Tripura District 1,Drainage/Sewage,"Drainage/Sewage near Temple Road #459, Tripura PC-1",District Rural Dev. Agency,648100,2025-09-18,Completed,2026-01-02,False,
W003534,MP0526,Lata Bhatt,Tripura,Tripura PC-1,Tripura District 1,Drinking Water Supply,"Drinking Water Supply in Sector 4 #224, Tripura PC-1",PWD Division,670180,2025-06-07,Completed,2025-08-17,False,
W003535,MP0526,Lata Bhatt,Tripura,Tripura PC-1,Tripura District 1,Drainage/Sewage,"Drainage/Sewage near Primary Health Centre #230, Tripura PC-1",State Electricity Board,718107,2025-07-29,Completed,2025-11-16,False,
W003536,MP0526,Lata Bhatt,Tripura,Tripura PC-1,Tripura District 1,Drinking Water Supply,"Drinking Water Supply near Community Centre #20, Tripura PC-1",PWD Division,914625,2025-05-07,Completed,2025-08-12,False,
W003537,MP0526,Lata Bhatt,Tripura,Tripura PC-1,Tripura District 1,Public Toilet Complex,"Public Toilet Complex near Temple Road #350, Tripura PC-1",State Water Board,400179,2026-02-18,Completed,2026-04-18,False,
W003538,MP0527,Vikram Deshmukh,Tripura,Tripura PC-2,Tripura District 1,Public Toilet Complex,"Public Toilet Complex in Sector 4 #944, Tripura PC-2",PWD Division,368639,2026-06-17,Completed,2026-08-16,False,
W003539,MP0527,Vikram Deshmukh,Tripura,Tripura PC-2,Tripura District 1,Drinking Water Supply,"Drinking Water Supply near Govt School #209, Tripura PC-2",State Electricity Board,620544,2025-07-31,Completed,2025-11-01,False,
W003540,MP0527,Vikram Deshmukh,Tripura,Tripura PC-2,Tripura District 1,Drinking Water Supply,"Drinking Water Supply near Bus Depot #312, Tripura PC-2",Block Development Office,628622,2025-09-07,Completed,2026-01-05,False,
W003541,MP0527,Vikram Deshmukh,Tripura,Tripura PC-2,Tripura District 1,Community Hall,"Community Hall near Bus Depot #699, Tripura PC-2",State Electricity Board,1973534,2025-08-15,Completed,2026-04-28,False,
W003542,MP0527,Vikram Deshmukh,Tripura,Tripura PC-2,Tripura District 1,Community Hall,"Community Hall near Bus Stand #637, Tripura PC-2",PWD Division,2302814,2026-03-04,Ongoing,,False,
W003543,MP0527,Vikram Deshmukh,Tripura,Tripura PC-2,Tripura District 1,Road Construction/Repair,"Road Construction/Repair near Bus Stand #453, Tripura PC-2",PWD Division,993164,2025-10-02,Completed,2026-03-11,False,
W003544,MP0527,Vikram Deshmukh,Tripura,Tripura PC-2,Tripura District 1,Public Toilet Complex,"Public Toilet Complex in Sector 4 #191, Tripura PC-2",PWD Division,441540,2025-10-20,Completed,2026-01-01,False,
W003545,MP0527,Vikram Deshmukh,Tripura,Tripura PC-2,Tripura District 1,Drinking Water Supply,"Drinking Water Supply near Bus Depot #720, Tripura PC-2",State Electricity Board,822165,2025-07-27,Completed,2025-11-12,False,
W003546,MP0527,Vikram Deshmukh,Tripura,Tripura PC-2,Tripura District 1,Streetlight Installation,"Streetlight Installation near Railway Crossing #353, Tripura PC-2",Municipal Corporation,300000,2025-09-12,Completed,2025-09-15,True,impossible_speed
W003547,MP0528,Suresh Bhattacharya,Meghalaya,Meghalaya PC-1,Meghalaya District 1,Road Construction/Repair,"Road Construction/Repair near Bus Depot #62, Meghalaya PC-1",State Electricity Board,1090411,2024-10-14,Completed,2025-03-08,False,
W003548,MP0528,Suresh Bhattacharya,Meghalaya,Meghalaya PC-1,Meghalaya District 1,Drainage/Sewage,"Drainage/Sewage in Ward 12 #746, Meghalaya PC-1",State Water Board,713651,2025-11-26,Completed,2026-01-31,False,
W003549,MP0528,Suresh Bhattacharya,Meghalaya,Meghalaya PC-1,Meghalaya District 1,Public Toilet Complex,"Public Toilet Complex near Bus Stand #809, Meghalaya PC-1",State Electricity Board,375486,2025-08-23,Completed,2025-10-09,False,
W003550,MP0528,Suresh Bhattacharya,Meghalaya,Meghalaya PC-1,Meghalaya District 1,Drinking Water Supply,"Drinking Water Supply near Primary Health Centre #681, Meghalaya PC-1",Rural Engineering Services,897093,2025-07-27,Completed,2025-10-28,False,
W003551,MP0529,Amit Banerjee,Meghalaya,Meghalaya PC-2,Meghalaya District 1,Community Hall,"Community Hall near Govt School #875, Meghalaya PC-2",Zilla Panchayat,2081439,2025-12-09,Ongoing,,False,
W003552,MP0529,Amit Banerjee,Meghalaya,Meghalaya PC-2,Meghalaya District 1,School Building/Classroom,"School Building/Classroom at Colony Gate #533, Meghalaya PC-2",Zilla Panchayat,1522866,2024-12-06,Completed,2025-04-22,False,
W003553,MP0529,Amit Banerjee,Meghalaya,Meghalaya PC-2,Meghalaya District 1,Public Toilet Complex,"Public Toilet Complex at Market Road #73, Meghalaya PC-2",PWD Division,458024,2024-12-13,Completed,2025-02-24,False,
W003554,MP0529,Amit Banerjee,Meghalaya,Meghalaya PC-2,Meghalaya District 1,Anganwadi Centre,"Anganwadi Centre in Sector 4 #937, Meghalaya PC-2",State Water Board,637958,2024-10-12,Completed,2025-01-10,False,
W003555,MP0529,Amit Banerjee,Meghalaya,Meghalaya PC-2,Meghalaya District 1,Anganwadi Centre,"Anganwadi Centre near Community Centre #720, Meghalaya PC-2",Rural Engineering Services,581869,2025-01-18,Completed,2025-04-11,False,
W003556,MP0529,Amit Banerjee,Meghalaya,Meghalaya PC-2,Meghalaya District 1,Drainage/Sewage,"Drainage/Sewage in Ward 12 #307, Meghalaya PC-2",Zilla Panchayat,620108,2025-09-11,Completed,2025-12-01,False,
W003557,MP0529,Amit Banerjee,Meghalaya,Meghalaya PC-2,Meghalaya District 1,Irrigation Canal,"Irrigation Canal in Sector 4 #747, Meghalaya PC-2",Municipal Corporation,2165947,2025-03-17,Completed,2025-10-19,False,
W003558,MP0529,Amit Banerjee,Meghalaya,Meghalaya PC-2,Meghalaya District 1,Drainage/Sewage,"Drainage/Sewage at Market Road #46, Meghalaya PC-2",State Electricity Board,790277,2025-11-14,Completed,2026-01-10,False,
W003559,MP0529,Amit Banerjee,Meghalaya,Meghalaya PC-2,Meghalaya District 1,Health Sub-Centre Upgrade,"Health Sub-Centre Upgrade near Community Centre #867, Meghalaya PC-2",Block Development Office,1024264,2025-08-19,Completed,2026-01-10,False,
W003560,MP0530,Vikram Pandey,Manipur,Manipur PC-1,Manipur District 1,Drainage/Sewage,"Drainage/Sewage in Ward 12 #71, Manipur PC-1",District Rural Dev. Agency,788528,2025-01-03,Completed,2025-04-02,False,
W003561,MP0530,Vikram Pandey,Manipur,Manipur PC-1,Manipur District 1,School Building/Classroom,"School Building/Classroom near Temple Road #909, Manipur PC-1",PWD Division,1323159,2025-04-18,Completed,2025-10-11,False,
W003562,MP0530,Vikram Pandey,Manipur,Manipur PC-1,Manipur District 1,Public Toilet Complex,"Public Toilet Complex at Market Road #187, Manipur PC-1",District Rural Dev. Agency,307434,2026-02-14,Completed,2026-04-07,False,
W003563,MP0530,Vikram Pandey,Manipur,Manipur PC-1,Manipur District 1,Irrigation Canal,"Irrigation Canal near Community Centre #981, Manipur PC-1",Municipal Corporation,1793997,2025-09-03,Completed,2026-03-21,False,
W003564,MP0530,Vikram Pandey,Manipur,Manipur PC-1,Manipur District 1,Community Hall,"Community Hall in Ward 7 #358, Manipur PC-1",District Rural Dev. Agency,1714381,2025-03-16,Completed,2025-09-09,False,
W003565,MP0530,Vikram Pandey,Manipur,Manipur PC-1,Manipur District 1,Health Sub-Centre Upgrade,"Health Sub-Centre Upgrade near Primary Health Centre #14, Manipur PC-1",Block Development Office,1188847,2026-07-10,Ongoing,,False,
W003566,MP0530,Vikram Pandey,Manipur,Manipur PC-1,Manipur District 1,Drainage/Sewage,"Drainage/Sewage near Govt School #989, Manipur PC-1",District Rural Dev. Agency,744957,2026-01-27,Completed,2026-04-29,False,
W003567,MP0530,Vikram Pandey,Manipur,Manipur PC-1,Manipur District 1,Health Sub-Centre Upgrade,"Health Sub-Centre Upgrade near Railway Crossing #988, Manipur PC-1",Municipal Corporation,906365,2026-01-19,Completed,2026-06-03,False,
W003568,MP0531,Ashish Bhattacharya,Manipur,Manipur PC-2,Manipur District 1,Health Sub-Centre Upgrade,"Health Sub-Centre Upgrade at Market Road #783, Manipur PC-2",State Electricity Board,1130722,2024-11-30,Completed,2025-05-11,False,
W003569,MP0531,Ashish Bhattacharya,Manipur,Manipur PC-2,Manipur District 1,Anganwadi Centre,"Anganwadi Centre near Community Centre #895, Manipur PC-2",District Rural Dev. Agency,663267,2025-07-05,Completed,2025-10-05,False,
W003570,MP0531,Ashish Bhattacharya,Manipur,Manipur PC-2,Manipur District 1,Community Hall,"Community Hall near Community Centre #445, Manipur PC-2",District Rural Dev. Agency,1794075,2025-01-24,Completed,2025-06-23,False,
W003571,MP0531,Ashish Bhattacharya,Manipur,Manipur PC-2,Manipur District 1,Public Toilet Complex,"Public Toilet Complex at Market Road #652, Manipur PC-2",Rural Engineering Services,379179,2026-05-19,Completed,2026-07-31,False,
W003572,MP0531,Ashish Bhattacharya,Manipur,Manipur PC-2,Manipur District 1,Anganwadi Centre,"Anganwadi Centre at Main Chowk #682, Manipur PC-2",State Water Board,560771,2025-04-27,Completed,2025-08-24,False,
W003573,MP0531,Ashish Bhattacharya,Manipur,Manipur PC-2,Manipur District 1,Public Toilet Complex,"Public Toilet Complex in Sector 4 #875, Manipur PC-2",PWD Division,441919,2025-04-02,Completed,2025-06-26,False,
W003574,MP0531,Ashish Bhattacharya,Manipur,Manipur PC-2,Manipur District 1,School Building/Classroom,"School Building/Classroom near Community Centre #268, Manipur PC-2",PWD Division,1772460,2024-11-07,Completed,2025-06-29,False,
W003575,MP0531,Ashish Bhattacharya,Manipur,Manipur PC-2,Manipur District 1,Community Hall,"Community Hall at Ward 3 #87, Manipur PC-2",Rural Engineering Services,2000000,2025-08-30,Completed,2025-09-04,True,impossible_speed
W003576,MP0532,Ashish Deshmukh,Arunachal Pradesh,Arunachal Pradesh PC-1,Arunachal Pradesh District 1,Irrigation Canal,"Irrigation Canal at Market Road #813, Arunachal Pradesh PC-1",Block Development Office,1921229,2026-04-16,Ongoing,,False,
W003577,MP0532,Ashish Deshmukh,Arunachal Pradesh,Arunachal Pradesh PC-1,Arunachal Pradesh District 1,School Building/Classroom,"School Building/Classroom at Ward 3 #324, Arunachal Pradesh PC-1",Zilla Panchayat,1394697,2025-09-08,Completed,2026-03-25,False,
W003578,MP0532,Ashish Deshmukh,Arunachal Pradesh,Arunachal Pradesh PC-1,Arunachal Pradesh District 1,Health Sub-Centre Upgrade,"Health Sub-Centre Upgrade near Bus Depot #904, Arunachal Pradesh PC-1",Municipal Corporation,784359,2025-11-08,Completed,2026-04-16,False,
W003579,MP0532,Ashish Deshmukh,Arunachal Pradesh,Arunachal Pradesh PC-1,Arunachal Pradesh District 1,Anganwadi Centre,"Anganwadi Centre near Bus Stand #206, Arunachal Pradesh PC-1",State Water Board,529232,2025-09-28,Completed,2026-01-09,False,
W003580,MP0532,Ashish Deshmukh,Arunachal Pradesh,Arunachal Pradesh PC-1,Arunachal Pradesh District 1,Community Hall,"Community Hall near Railway Crossing #989, Arunachal Pradesh PC-1",Zilla Panchayat,1811048,2025-06-18,Completed,2025-12-08,False,
W003581,MP0532,Ashish Deshmukh,Arunachal Pradesh,Arunachal Pradesh PC-1,Arunachal Pradesh District 1,Streetlight Installation,"Streetlight Installation at Village Entry Point #359, Arunachal Pradesh PC-1",Municipal Corporation,305446,2026-06-08,Completed,2026-07-21,False,
W003582,MP0532,Ashish Deshmukh,Arunachal Pradesh,Arunachal Pradesh PC-1,Arunachal Pradesh District 1,Irrigation Canal,"Irrigation Canal at Village Entry Point #47, Arunachal Pradesh PC-1",Block Development Office,1244004,2025-10-24,Completed,2026-07-15,False,
W003583,MP0532,Ashish Deshmukh,Arunachal Pradesh,Arunachal Pradesh PC-1,Arunachal Pradesh District 1,Health Sub-Centre Upgrade,"Health Sub-Centre Upgrade near Community Centre #968, Arunachal Pradesh PC-1",State Water Board,994830,2025-06-27,Completed,2025-11-24,False,
W003584,MP0532,Ashish Deshmukh,Arunachal Pradesh,Arunachal Pradesh PC-1,Arunachal Pradesh District 1,Health Sub-Centre Upgrade,"Health Sub-Centre Upgrade near Bus Stand #693, Arunachal Pradesh PC-1",Block Development Office,1131836,2025-03-25,Completed,2025-09-24,False,
W003585,MP0533,Sanjeev Naidu,Arunachal Pradesh,Arunachal Pradesh PC-2,Arunachal Pradesh District 1,Irrigation Canal,"Irrigation Canal at Main Chowk #217, Arunachal Pradesh PC-2",State Water Board,1620864,2025-08-03,Completed,2026-01-12,False,
W003586,MP0533,Sanjeev Naidu,Arunachal Pradesh,Arunachal Pradesh PC-2,Arunachal Pradesh District 1,Anganwadi Centre,"Anganwadi Centre in Sector 4 #756, Arunachal Pradesh PC-2",State Water Board,577368,2025-08-18,Completed,2025-11-10,False,
W003587,MP0533,Sanjeev Naidu,Arunachal Pradesh,Arunachal Pradesh PC-2,Arunachal Pradesh District 1,Irrigation Canal,"Irrigation Canal at Market Road #329, Arunachal Pradesh PC-2",Rural Engineering Services,1425354,2025-05-28,Completed,2026-03-20,False,
W003588,MP0533,Sanjeev Naidu,Arunachal Pradesh,Arunachal Pradesh PC-2,Arunachal Pradesh District 1,Streetlight Installation,"Streetlight Installation near Panchayat Bhavan #906, Arunachal Pradesh PC-2",Municipal Corporation,264691,2025-08-07,Completed,2025-09-13,False,
W003589,MP0533,Sanjeev Naidu,Arunachal Pradesh,Arunachal Pradesh PC-2,Arunachal Pradesh District 1,Drinking Water Supply,"Drinking Water Supply near Primary Health Centre #310, Arunachal Pradesh PC-2",State Electricity Board,909304,2024-11-13,Completed,2025-02-19,False,
W003590,MP0533,Sanjeev Naidu,Arunachal Pradesh,Arunachal Pradesh PC-2,Arunachal Pradesh District 1,Community Hall,"Community Hall near Panchayat Bhavan #400, Arunachal Pradesh PC-2",State Water Board,1989760,2024-10-20,Completed,2025-06-30,False,
W003591,MP0533,Sanjeev Naidu,Arunachal Pradesh,Arunachal Pradesh PC-2,Arunachal Pradesh District 1,Community Hall,"Community Hall near Railway Crossing #678, Arunachal Pradesh PC-2",State Water Board,1689934,2025-09-18,Completed,2026-04-22,False,
W003592,MP0533,Sanjeev Naidu,Arunachal Pradesh,Arunachal Pradesh PC-2,Arunachal Pradesh District 1,Drainage/Sewage,"Drainage/Sewage in Sector 4 #323, Arunachal Pradesh PC-2",District Rural Dev. Agency,774439,2026-01-26,Completed,2026-05-04,False,
W003593,MP0533,Sanjeev Naidu,Arunachal Pradesh,Arunachal Pradesh PC-2,Arunachal Pradesh District 1,Public Toilet Complex,"Public Toilet Complex at Ward 3 #735, Arunachal Pradesh PC-2",Municipal Corporation,446991,2025-06-07,Completed,2025-08-05,False,
W003594,MP0534,Deepak Deshmukh,Nagaland,Nagaland PC-1,Nagaland District 1,Health Sub-Centre Upgrade,"Health Sub-Centre Upgrade near Panchayat Bhavan #159, Nagaland PC-1",State Electricity Board,901010,2026-02-13,Ongoing,,False,
W003595,MP0534,Deepak Deshmukh,Nagaland,Nagaland PC-1,Nagaland District 1,Anganwadi Centre,"Anganwadi Centre in Ward 7 #343, Nagaland PC-1",Block Development Office,516211,2026-03-26,Completed,2026-07-06,False,
W003596,MP0534,Deepak Deshmukh,Nagaland,Nagaland PC-1,Nagaland District 1,Streetlight Installation,"Streetlight Installation at Colony Gate #812, Nagaland PC-1",State Electricity Board,250182,2025-01-28,Completed,2025-02-18,False,
W003597,MP0534,Deepak Deshmukh,Nagaland,Nagaland PC-1,Nagaland District 1,Irrigation Canal,"Irrigation Canal in Ward 12 #38, Nagaland PC-1",Municipal Corporation,2105304,2025-12-16,Completed,2026-05-15,False,
W003598,MP0534,Deepak Deshmukh,Nagaland,Nagaland PC-1,Nagaland District 1,Public Toilet Complex,"Public Toilet Complex at Ward 3 #945, Nagaland PC-1",Zilla Panchayat,387829,2025-04-17,Completed,2025-05-19,False,
W003599,MP0534,Deepak Deshmukh,Nagaland,Nagaland PC-1,Nagaland District 1,Streetlight Installation,"Streetlight Installation near Railway Crossing #529, Nagaland PC-1",District Rural Dev. Agency,327886,2024-12-30,Completed,2025-02-03,False,
W003600,MP0534,Deepak Deshmukh,Nagaland,Nagaland PC-1,Nagaland District 1,Road Construction/Repair,"Road Construction/Repair at Colony Gate #755, Nagaland PC-1",Rural Engineering Services,1421733,2025-04-02,Completed,2025-08-23,False,
W003601,MP0534,Deepak Deshmukh,Nagaland,Nagaland PC-1,Nagaland District 1,Community Hall,"Community Hall near Bus Stand #306, Nagaland PC-1",Zilla Panchayat,2192562,2026-04-27,Ongoing,,False,
W003602,MP0535,Ramesh Kumar,Mizoram,Mizoram PC-1,Mizoram District 1,Drinking Water Supply,"Drinking Water Supply near Community Centre #460, Mizoram PC-1",Municipal Corporation,875717,2025-05-28,Completed,2025-09-04,False,
W003603,MP0535,Ramesh Kumar,Mizoram,Mizoram PC-1,Mizoram District 1,Public Toilet Complex,"Public Toilet Complex near Panchayat Bhavan #880, Mizoram PC-1",District Rural Dev. Agency,417384,2026-02-28,Completed,2026-04-17,False,
W003604,MP0535,Ramesh Kumar,Mizoram,Mizoram PC-1,Mizoram District 1,Drainage/Sewage,"Drainage/Sewage at Main Chowk #163, Mizoram PC-1",Block Development Office,644043,2026-04-05,Completed,2026-07-17,False,
W003605,MP0535,Ramesh Kumar,Mizoram,Mizoram PC-1,Mizoram District 1,Drainage/Sewage,"Drainage/Sewage near Railway Crossing #503, Mizoram PC-1",Zilla Panchayat,674830,2026-05-06,Completed,2026-08-19,False,
W003606,MP0535,Ramesh Kumar,Mizoram,Mizoram PC-1,Mizoram District 1,Health Sub-Centre Upgrade,"Health Sub-Centre Upgrade in Ward 7 #59, Mizoram PC-1",State Water Board,1180403,2026-02-26,Completed,2026-07-29,False,
W003607,MP0535,Ramesh Kumar,Mizoram,Mizoram PC-1,Mizoram District 1,Anganwadi Centre,"Anganwadi Centre near Primary Health Centre #901, Mizoram PC-1",State Water Board,559017,2024-12-13,Completed,2025-02-27,False,
W003608,MP0535,Ramesh Kumar,Mizoram,Mizoram PC-1,Mizoram District 1,Streetlight Installation,"Streetlight Installation near Railway Crossing #937, Mizoram PC-1",State Electricity Board,284277,2026-03-29,Completed,2026-04-18,False,
W003609,MP0535,Ramesh Kumar,Mizoram,Mizoram PC-1,Mizoram District 1,Streetlight Installation,"Streetlight Installation near Primary Health Centre #530, Mizoram PC-1",Zilla Panchayat,314410,2025-08-29,Completed,2025-10-15,False,
W003610,MP0535,Ramesh Kumar,Mizoram,Mizoram PC-1,Mizoram District 1,Streetlight Installation,"Streetlight Installation at Village Entry Point #746, Mizoram PC-1",State Water Board,339441,2025-09-26,Completed,2025-11-20,False,
W003611,MP0536,Rekha Bhattacharya,Sikkim,Sikkim PC-1,Sikkim District 1,Public Toilet Complex,"Public Toilet Complex near Community Centre #722, Sikkim PC-1",PWD Division,454046,2025-09-12,Completed,2025-11-14,False,
W003612,MP0536,Rekha Bhattacharya,Sikkim,Sikkim PC-1,Sikkim District 1,Health Sub-Centre Upgrade,"Health Sub-Centre Upgrade in Ward 7 #679, Sikkim PC-1",Rural Engineering Services,945268,2025-06-22,Completed,2025-11-12,False,
W003613,MP0536,Rekha Bhattacharya,Sikkim,Sikkim PC-1,Sikkim District 1,Streetlight Installation,"Streetlight Installation near Bus Depot #249, Sikkim PC-1",Zilla Panchayat,357032,2025-02-08,Completed,2025-03-12,False,
W003614,MP0536,Rekha Bhattacharya,Sikkim,Sikkim PC-1,Sikkim District 1,School Building/Classroom,"School Building/Classroom in Sector 4 #829, Sikkim PC-1",Zilla Panchayat,1598009,2025-11-03,Completed,2026-04-18,False,
W003615,MP0536,Rekha Bhattacharya,Sikkim,Sikkim PC-1,Sikkim District 1,Drinking Water Supply,"Drinking Water Supply in Ward 12 #995, Sikkim PC-1",District Rural Dev. Agency,775553,2025-06-22,Completed,2025-09-06,False,
W003616,MP0536,Rekha Bhattacharya,Sikkim,Sikkim PC-1,Sikkim District 1,Public Toilet Complex,"Public Toilet Complex at Village Entry Point #387, Sikkim PC-1",State Water Board,310992,2026-02-04,Completed,2026-03-25,False,
W003617,MP0536,Rekha Bhattacharya,Sikkim,Sikkim PC-1,Sikkim District 1,School Building/Classroom,"School Building/Classroom near Bus Stand #830, Sikkim PC-1",State Water Board,1291070,2025-10-24,Completed,2026-03-29,False,
W003618,MP0536,Rekha Bhattacharya,Sikkim,Sikkim PC-1,Sikkim District 1,Road Construction/Repair,"Road Construction/Repair at Colony Gate #45, Sikkim PC-1",District Rural Dev. Agency,1193014,2025-06-08,Completed,2025-11-28,False,
W003619,MP0536,Rekha Bhattacharya,Sikkim,Sikkim PC-1,Sikkim District 1,Anganwadi Centre,"Anganwadi Centre at Market Road #37, Sikkim PC-1",District Rural Dev. Agency,604130,2026-03-10,Completed,2026-06-09,False,
W003620,MP0537,Shobha Kumar,Chandigarh,Chandigarh PC-1,Chandigarh District 1,Community Hall,"Community Hall in Ward 12 #901, Chandigarh PC-1",Municipal Corporation,1760902,2026-02-09,Completed,2026-07-17,False,
W003621,MP0537,Shobha Kumar,Chandigarh,Chandigarh PC-1,Chandigarh District 1,Public Toilet Complex,"Public Toilet Complex at Colony Gate #253, Chandigarh PC-1",District Rural Dev. Agency,341638,2025-09-30,Completed,2025-11-25,False,
W003622,MP0537,Shobha Kumar,Chandigarh,Chandigarh PC-1,Chandigarh District 1,Health Sub-Centre Upgrade,"Health Sub-Centre Upgrade in Sector 4 #204, Chandigarh PC-1",PWD Division,1018718,2025-10-14,Completed,2026-03-07,False,
W003623,MP0537,Shobha Kumar,Chandigarh,Chandigarh PC-1,Chandigarh District 1,Health Sub-Centre Upgrade,"Health Sub-Centre Upgrade near Panchayat Bhavan #181, Chandigarh PC-1",Zilla Panchayat,918009,2026-01-22,Completed,2026-06-21,False,
W003624,MP0537,Shobha Kumar,Chandigarh,Chandigarh PC-1,Chandigarh District 1,Anganwadi Centre,"Anganwadi Centre in Ward 7 #745, Chandigarh PC-1",Municipal Corporation,482902,2025-08-15,Completed,2025-11-15,False,
W003625,MP0537,Shobha Kumar,Chandigarh,Chandigarh PC-1,Chandigarh District 1,Irrigation Canal,"Irrigation Canal at Ward 3 #296, Chandigarh PC-1",Zilla Panchayat,1608835,2024-11-13,Completed,2025-05-15,False,
W003626,MP0537,Shobha Kumar,Chandigarh,Chandigarh PC-1,Chandigarh District 1,School Building/Classroom,"School Building/Classroom at Colony Gate #558, Chandigarh PC-1",State Electricity Board,1502673,2025-02-24,Completed,2025-08-10,False,
W003627,MP0537,Shobha Kumar,Chandigarh,Chandigarh PC-1,Chandigarh District 1,Irrigation Canal,"Irrigation Canal at Main Chowk #294, Chandigarh PC-1",Zilla Panchayat,1650679,2025-05-03,Completed,2025-12-10,False,
W003628,MP0538,Ajay Thakur,Puducherry,Puducherry PC-1,Puducherry District 1,Streetlight Installation,"Streetlight Installation in Sector 4 #266, Puducherry PC-1",District Rural Dev. Agency,242292,2026-03-17,Completed,2026-05-10,False,
W003629,MP0538,Ajay Thakur,Puducherry,Puducherry PC-1,Puducherry District 1,School Building/Classroom,"School Building/Classroom in Ward 12 #79, Puducherry PC-1",Block Development Office,1478431,2025-11-17,Completed,2026-05-04,False,
W003630,MP0538,Ajay Thakur,Puducherry,Puducherry PC-1,Puducherry District 1,Health Sub-Centre Upgrade,"Health Sub-Centre Upgrade at Market Road #456, Puducherry PC-1",District Rural Dev. Agency,1118459,2025-06-05,Completed,2025-10-24,False,
W003631,MP0538,Ajay Thakur,Puducherry,Puducherry PC-1,Puducherry District 1,Irrigation Canal,"Irrigation Canal at Ward 3 #868, Puducherry PC-1",PWD Division,2224980,2025-04-14,Completed,2025-12-21,False,
W003632,MP0538,Ajay Thakur,Puducherry,Puducherry PC-1,Puducherry District 1,Health Sub-Centre Upgrade,"Health Sub-Centre Upgrade near Bus Stand #565, Puducherry PC-1",Municipal Corporation,1235877,2025-01-17,Completed,2025-07-27,False,
W003633,MP0538,Ajay Thakur,Puducherry,Puducherry PC-1,Puducherry District 1,Public Toilet Complex,"Public Toilet Complex near Temple Road #43, Puducherry PC-1",Block Development Office,391374,2024-11-23,Completed,2025-01-06,False,
W003634,MP0538,Ajay Thakur,Puducherry,Puducherry PC-1,Puducherry District 1,School Building/Classroom,"School Building/Classroom near Community Centre #702, Puducherry PC-1",District Rural Dev. Agency,1739868,2025-03-15,Completed,2025-09-06,False,
W003635,MP0538,Ajay Thakur,Puducherry,Puducherry PC-1,Puducherry District 1,Public Toilet Complex,"Public Toilet Complex in Ward 12 #299, Puducherry PC-1",Zilla Panchayat,376541,2025-05-04,Completed,2025-06-09,False,
W003636,MP0538,Ajay Thakur,Puducherry,Puducherry PC-1,Puducherry District 1,Irrigation Canal,"Irrigation Canal at Village Entry Point #242, Puducherry PC-1",PWD Division,1633556,2025-04-20,Completed,2025-12-22,False,
W003637,MP0538,Ajay Thakur,Puducherry,Puducherry PC-1,Puducherry District 1,Drainage/Sewage,"Drainage/Sewage at Village Entry Point #944, Puducherry PC-1",PWD Division,3326452,2025-09-28,Sanctioned,,True,cost_outlier
W003638,MP0539,Dinesh Das,Andaman and Nicobar Islands,Andaman and Nicobar Islands PC-1,Andaman and Nicobar Islands District 1,Streetlight Installation,"Streetlight Installation at Market Road #997, Andaman and Nicobar Islands PC-1",Rural Engineering Services,361340,2025-06-19,Completed,2025-08-05,False,
W003639,MP0539,Dinesh Das,Andaman and Nicobar Islands,Andaman and Nicobar Islands PC-1,Andaman and Nicobar Islands District 1,Health Sub-Centre Upgrade,"Health Sub-Centre Upgrade near Community Centre #179, Andaman and Nicobar Islands PC-1",Zilla Panchayat,886744,2024-11-12,Completed,2025-05-14,False,
W003640,MP0539,Dinesh Das,Andaman and Nicobar Islands,Andaman and Nicobar Islands PC-1,Andaman and Nicobar Islands District 1,Road Construction/Repair,"Road Construction/Repair at Colony Gate #82, Andaman and Nicobar Islands PC-1",Block Development Office,1164782,2025-06-21,Completed,2025-12-17,False,
W003641,MP0539,Dinesh Das,Andaman and Nicobar Islands,Andaman and Nicobar Islands PC-1,Andaman and Nicobar Islands District 1,Road Construction/Repair,"Road Construction/Repair in Sector 4 #13, Andaman and Nicobar Islands PC-1",District Rural Dev. Agency,1165430,2025-07-04,Completed,2025-11-08,False,
W003642,MP0540,Dinesh Chauhan,Dadra and Nagar Haveli and Daman and Diu,Dadra and Nagar Haveli and Daman and Diu PC-1,Dadra and Nagar Haveli and Daman and Diu District 1,Health Sub-Centre Upgrade,"Health Sub-Centre Upgrade near Community Centre #440, Dadra and Nagar Haveli and Daman and Diu PC-1",State Water Board,1161565,2025-09-29,Completed,2026-03-07,False,
W003643,MP0540,Dinesh Chauhan,Dadra and Nagar Haveli and Daman and Diu,Dadra and Nagar Haveli and Daman and Diu PC-1,Dadra and Nagar Haveli and Daman and Diu District 1,Anganwadi Centre,"Anganwadi Centre at Colony Gate #819, Dadra and Nagar Haveli and Daman and Diu PC-1",Zilla Panchayat,498980,2025-02-08,Completed,2025-04-20,False,
W003644,MP0540,Dinesh Chauhan,Dadra and Nagar Haveli and Daman and Diu,Dadra and Nagar Haveli and Daman and Diu PC-1,Dadra and Nagar Haveli and Daman and Diu District 1,Irrigation Canal,"Irrigation Canal near Govt School #485, Dadra and Nagar Haveli and Daman and Diu PC-1",District Rural Dev. Agency,1288661,2024-10-28,Completed,2025-06-17,False,
W003645,MP0540,Dinesh Chauhan,Dadra and Nagar Haveli and Daman and Diu,Dadra and Nagar Haveli and Daman and Diu PC-1,Dadra and Nagar Haveli and Daman and Diu District 1,Community Hall,"Community Hall near Temple Road #705, Dadra and Nagar Haveli and Daman and Diu PC-1",PWD Division,2215213,2025-09-27,Completed,2026-04-11,False,
W003646,MP0540,Dinesh Chauhan,Dadra and Nagar Haveli and Daman and Diu,Dadra and Nagar Haveli and Daman and Diu PC-1,Dadra and Nagar Haveli and Daman and Diu District 1,Anganwadi Centre,"Anganwadi Centre near Community Centre #265, Dadra and Nagar Haveli and Daman and Diu PC-1",PWD Division,418439,2025-04-01,Completed,2025-07-15,False,
W003647,MP0540,Dinesh Chauhan,Dadra and Nagar Haveli and Daman and Diu,Dadra and Nagar Haveli and Daman and Diu PC-1,Dadra and Nagar Haveli and Daman and Diu District 1,Streetlight Installation,"Streetlight Installation at Village Entry Point #588, Dadra and Nagar Haveli and Daman and Diu PC-1",PWD Division,354219,2025-08-29,Completed,2025-10-04,False,
W003648,MP0541,Vikram Gupta,Dadra and Nagar Haveli and Daman and Diu,Dadra and Nagar Haveli and Daman and Diu PC-2,Dadra and Nagar Haveli and Daman and Diu District 1,School Building/Classroom,"School Building/Classroom near Railway Crossing #889, Dadra and Nagar Haveli and Daman and Diu PC-2",Municipal Corporation,1094274,2025-04-13,Completed,2025-10-22,False,
W003649,MP0541,Vikram Gupta,Dadra and Nagar Haveli and Daman and Diu,Dadra and Nagar Haveli and Daman and Diu PC-2,Dadra and Nagar Haveli and Daman and Diu District 1,Community Hall,"Community Hall at Market Road #82, Dadra and Nagar Haveli and Daman and Diu PC-2",Municipal Corporation,1776948,2025-04-03,Completed,2025-11-04,False,
W003650,MP0541,Vikram Gupta,Dadra and Nagar Haveli and Daman and Diu,Dadra and Nagar Haveli and Daman and Diu PC-2,Dadra and Nagar Haveli and Daman and Diu District 1,Public Toilet Complex,"Public Toilet Complex near Bus Stand #348, Dadra and Nagar Haveli and Daman and Diu PC-2",State Electricity Board,305792,2025-08-27,Completed,2025-10-15,False,
W003651,MP0541,Vikram Gupta,Dadra and Nagar Haveli and Daman and Diu,Dadra and Nagar Haveli and Daman and Diu PC-2,Dadra and Nagar Haveli and Daman and Diu District 1,Road Construction/Repair,"Road Construction/Repair at Main Chowk #22, Dadra and Nagar Haveli and Daman and Diu PC-2",Zilla Panchayat,940641,2026-05-13,Ongoing,,False,
W003652,MP0542,Priya Rao,Lakshadweep,Lakshadweep PC-1,Lakshadweep District 1,Irrigation Canal,"Irrigation Canal near Bus Depot #784, Lakshadweep PC-1",State Electricity Board,1842664,2025-03-12,Completed,2025-11-30,False,
W003653,MP0542,Priya Rao,Lakshadweep,Lakshadweep PC-1,Lakshadweep District 1,Health Sub-Centre Upgrade,"Health Sub-Centre Upgrade at Main Chowk #453, Lakshadweep PC-1",PWD Division,1320056,2026-02-18,Ongoing,,False,
W003654,MP0542,Priya Rao,Lakshadweep,Lakshadweep PC-1,Lakshadweep District 1,Road Construction/Repair,"Road Construction/Repair at Main Chowk #467, Lakshadweep PC-1",PWD Division,1164866,2025-02-24,Completed,2025-07-09,False,
W003655,MP0542,Priya Rao,Lakshadweep,Lakshadweep PC-1,Lakshadweep District 1,Streetlight Installation,"Streetlight Installation at Main Chowk #206, Lakshadweep PC-1",Municipal Corporation,295273,2025-10-20,Completed,2025-11-28,False,
W003656,MP0542,Priya Rao,Lakshadweep,Lakshadweep PC-1,Lakshadweep District 1,Irrigation Canal,"Irrigation Canal near Temple Road #212, Lakshadweep PC-1",Municipal Corporation,2253458,2026-01-06,Ongoing,,False,
W003657,MP0542,Priya Rao,Lakshadweep,Lakshadweep PC-1,Lakshadweep District 1,Public Toilet Complex,"Public Toilet Complex at Colony Gate #76, Lakshadweep PC-1",Block Development Office,405161,2025-07-20,Completed,2025-09-13,False,
W003658,MP0543,Vikram Mehta,Ladakh,Ladakh PC-1,Ladakh District 1,Public Toilet Complex,"Public Toilet Complex at Main Chowk #189, Ladakh PC-1",PWD Division,349664,2025-02-23,Completed,2025-04-05,False,
W003659,MP0543,Vikram Mehta,Ladakh,Ladakh PC-1,Ladakh District 1,Community Hall,"Community Hall near Panchayat Bhavan #403, Ladakh PC-1",Municipal Corporation,1490178,2025-04-27,Completed,2025-11-28,False,
W003660,MP0543,Vikram Mehta,Ladakh,Ladakh PC-1,Ladakh District 1,Community Hall,"Community Hall at Village Entry Point #948, Ladakh PC-1",District Rural Dev. Agency,2181799,2026-02-15,Completed,2026-08-25,False,
W003661,MP0543,Vikram Mehta,Ladakh,Ladakh PC-1,Ladakh District 1,School Building/Classroom,"School Building/Classroom at Village Entry Point #839, Ladakh PC-1",Rural Engineering Services,1379108,2026-01-16,Ongoing,,False,
W003662,MP0543,Vikram Mehta,Ladakh,Ladakh PC-1,Ladakh District 1,School Building/Classroom,"School Building/Classroom in Ward 7 #279, Ladakh PC-1",Block Development Office,1647120,2025-06-05,Completed,2025-12-09,False,
W003663,MP0543,Vikram Mehta,Ladakh,Ladakh PC-1,Ladakh District 1,Community Hall,"Community Hall in Ward 7 #72, Ladakh PC-1",Zilla Panchayat,2169553,2026-08-11,Ongoing,,False,
W003664,MP0543,Vikram Mehta,Ladakh,Ladakh PC-1,Ladakh District 1,Irrigation Canal,"Irrigation Canal in Ward 7 #937, Ladakh PC-1",District Rural Dev. Agency,2194502,2025-08-27,Completed,2026-04-06,False,
W003665,MP0543,Vikram Mehta,Ladakh,Ladakh PC-1,Ladakh District 1,Community Hall,"Community Hall at Village Entry Point #990, Ladakh PC-1",Rural Engineering Services,1783714,2025-08-08,Completed,2026-01-24,False,
